icd_class,icd_class_short,icd3,deaths,mean_age,male_deaths,top_description,total_deaths,share_within_class,male_share
I,Инфекционные болезни,A15,306,47.42483660130719,229,"Туберкулез легких, подтвержденный гистологически",730,0.4191780821917808,0.7483660130718954
I,Инфекционные болезни,B20,148,41.08783783783784,95,"Болезнь, вызванная ВИЧ, с проявлениями множественных инфекций",730,0.20273972602739726,0.6418918918918919
I,Инфекционные болезни,B18,93,55.473118279569896,56,Хронический вирусный гепатит C,730,0.1273972602739726,0.6021505376344086
I,Инфекционные болезни,A16,38,51.28947368421053,27,Туберкулез легких без упоминания о бактериологическом или гистологическом подтверждении,730,0.052054794520547946,0.7105263157894737
I,Инфекционные болезни,A46,31,73.70967741935483,8,Рожа,730,0.04246575342465753,0.25806451612903225
I,Инфекционные болезни,A04,29,60.206896551724135,6,"Энтероколит, вызванный Clostridium difficile",730,0.03972602739726028,0.20689655172413793
I,Инфекционные болезни,B22,16,49.1875,8,"Болезнь, вызванная ВИЧ, с проявлениями изнуряющего синдрома",730,0.021917808219178082,0.5
I,Инфекционные болезни,A09,15,42.266666666666666,8,Другой и неуточненный гастроэнтерит и колит инфекционного происхождения,730,0.02054794520547945,0.5333333333333333
I,Инфекционные болезни,A19,7,56.714285714285715,4,Острый милиарный туберкулез одной уточненной локализации,730,0.009589041095890411,0.5714285714285714
I,Инфекционные болезни,B23,6,43.833333333333336,3,"Болезнь, вызванная ВИЧ, с проявлениями (персистентной) генерализованной лимфаденопатии",730,0.00821917808219178,0.5
I,Инфекционные болезни,A48,4,46.0,3,Газовая гангрена,730,0.005479452054794521,0.75
I,Инфекционные болезни,B21,4,55.5,2,"Болезнь, вызванная ВИЧ, с проявлениями других злокачественных новообразований",730,0.005479452054794521,0.5
I,Инфекционные болезни,A32,3,47.0,2,Листериозный менингит и менингоэнцефалит,730,0.00410958904109589,0.6666666666666666
I,Инфекционные болезни,A52,3,50.333333333333336,3,Нейросифилис с симптомами,730,0.00410958904109589,1.0
I,Инфекционные болезни,B24,3,37.0,2,"Болезнь, вызванная вирусом иммунодефицита человека [ВИЧ], неуточненная",730,0.00410958904109589,0.6666666666666666
I,Инфекционные болезни,B34,3,23.0,2,Другие вирусные инфекции   ,730,0.00410958904109589,0.6666666666666666
I,Инфекционные болезни,A08,2,26.5,1,Ротавирусный энтерит   ,730,0.0027397260273972603,0.5
I,Инфекционные болезни,A39,2,9.0,1,Острая менингококковая эндокардит   ,730,0.0027397260273972603,0.5
I,Инфекционные болезни,A49,2,65.0,2,Бактериальная инфекция неуточненная   ,730,0.0027397260273972603,1.0
I,Инфекционные болезни,B27,2,64.0,0,Гамма-герпесвирусный мононуклеоз   ,730,0.0027397260273972603,0.0
I,Инфекционные болезни,B44,2,64.5,1,Инвазивный аспергиллез   ,730,0.0027397260273972603,0.5
I,Инфекционные болезни,A02,1,46.0,1,Сальмонеллезный энтерит   ,730,0.0013698630136986301,1.0
I,Инфекционные болезни,A05,1,40.0,0,Бактериальное пищевое отравление неуточненное,730,0.0013698630136986301,0.0
I,Инфекционные болезни,A18,1,59.0,1,Туберкулез других органов   ,730,0.0013698630136986301,1.0
I,Инфекционные болезни,A31,1,61.0,0,Инфекция  вызванная Mycobacterium  ,730,0.0013698630136986301,0.0
I,Инфекционные болезни,A84,1,63.0,1,Энцефалит  вызванный клещом  ,730,0.0013698630136986301,1.0
I,Инфекционные болезни,A86,1,28.0,0,Вирусный энцефалит неуточненный   ,730,0.0013698630136986301,0.0
I,Инфекционные болезни,B00,1,33.0,1,Герпетическая энцефалит   ,730,0.0013698630136986301,1.0
I,Инфекционные болезни,B83,1,69.0,0,Гельминтоз неуточненный   ,730,0.0013698630136986301,0.0
I,Инфекционные болезни,B90,1,54.0,1,Отдаленные последствия туберкулеза органов дыхания и неуточненного туберкулеза,730,0.0013698630136986301,1.0
I,Инфекционные болезни,B91,1,31.0,0,Последствия полиомиелита   ,730,0.0013698630136986301,0.0
I,Инфекционные болезни,B94,1,68.0,1,Последствия вирусного энцефалита   ,730,0.0013698630136986301,1.0
II,Новообразования,C34,2332,66.45068610634648,1745,"Злокачественное новообразование бронхов или легкого, выходящее за пределы одной и более вышеуказанных локализаций",11353,0.20540826213335683,0.7482847341337907
II,Новообразования,C16,1083,67.61034164358264,679,"Злокачественное новообразование желудка, выходящее за пределы одной и более вышеуказанных локализаций",11353,0.09539328811767815,0.6269621421975993
II,Новообразования,C18,816,70.34191176470588,346,Злокачественное новообразование сигмовидной кишки,11353,0.07187527525764115,0.42401960784313725
II,Новообразования,C25,775,67.07354838709678,363,Злокачественное новообразование головки поджелудочной железы,11353,0.06826389500572536,0.46838709677419355
II,Новообразования,C50,675,65.4074074074074,7,"Злокачественное новообразование молочной железы, выходящее за пределы одной и более вышеуказанных локализаций",11353,0.05945565048885757,0.01037037037037037
II,Новообразования,C22,552,65.35326086956522,375,Печеночноклеточный рак,11353,0.04862150973311019,0.6793478260869565
II,Новообразования,C61,388,71.97680412371135,388,Злокачественное новообразование предстательной железы,11353,0.03417598872544702,1.0
II,Новообразования,C15,374,64.70855614973262,285,"Злокачественное новообразование пищевода, выходящее за пределы одной и более вышеуказанных локализаций",11353,0.03294283449308553,0.7620320855614974
II,Новообразования,C20,327,68.29969418960245,171,Злокачественное новообразование прямой кишки,11353,0.028802959570157667,0.5229357798165137
II,Новообразования,C64,323,66.15170278637771,223,"Злокачественное новообразование почки, кроме почечной лоханки",11353,0.028450629789482956,0.6904024767801857
II,Новообразования,C56,311,66.45659163987138,0,Злокачественное новообразование яичника,11353,0.02739364044745882,0.0
II,Новообразования,C53,282,57.06028368794326,0,"Злокачественное новообразование шейки матки, выходящее за пределы одной и более вышеуказанных локализаций",11353,0.02483924953756716,0.0
II,Новообразования,C67,262,69.95419847328245,193,"Злокачественное новообразование мочевого пузыря, выходящее за пределы одной и более вышеуказанных локализаций",11353,0.023077600634193604,0.7366412213740458
II,Новообразования,C54,221,67.35746606334841,1,"Злокачественное новообразование тела матки, выходящее за пределы одной и более вышеуказанных локализаций",11353,0.019466220382277813,0.004524886877828055
II,Новообразования,C71,220,60.86818181818182,114,"Злокачественное новообразование головного мозга, выходящее за пределы одной и более вышеуказанных локализаций",11353,0.019378137937109133,0.5181818181818182
II,Новообразования,C32,200,63.025,185,"Злокачественное новообразование гортани, выходящее за пределы одной и более вышеуказанных локализаций",11353,0.017616489033735576,0.925
II,Новообразования,C43,150,65.28666666666666,62,Злокачественная меланома туловища,11353,0.013212366775301682,0.41333333333333333
II,Новообразования,C19,120,70.15,54,Злокачественное новообразование ректосигмоидного соединения,11353,0.010569893420241346,0.45
II,Новообразования,C97,110,69.86363636363636,59,Злокачественное новообразование самостоятельных (первичных) множественных локализаций,11353,0.009689068968554567,0.5363636363636364
II,Новообразования,C10,106,62.405660377358494,81,"Злокачественное новообразование ротоглотки, выходящее за пределы одной и более вышеуказанных локализаций",11353,0.009336739187879856,0.7641509433962265
II,Новообразования,C92,87,65.64367816091954,52,Острый миелобластный лейкоз [ОМЛ],11353,0.007663172729674976,0.5977011494252874
II,Новообразования,C90,86,68.03488372093024,37,Множественная миелома,11353,0.0075750902845062975,0.43023255813953487
II,Новообразования,C91,76,63.96052631578947,52,В-клеточный хронический лимфоцитарный лейкоз,11353,0.006694265832819519,0.6842105263157895
II,Новообразования,C83,75,62.49333333333333,44,Диффузная В-крупноклеточная лимфома,11353,0.006606183387650841,0.5866666666666667
II,Новообразования,C13,73,61.21917808219178,64,"Злокачественное новообразование нижней части глотки, выходящее за пределы одной и более вышеуказанных локализаций",11353,0.0064300184973134855,0.8767123287671232
II,Новообразования,C24,73,66.05479452054794,31,Злокачественное новообразование внепеченочного желчного протока,11353,0.0064300184973134855,0.4246575342465753
II,Новообразования,C04,68,60.9264705882353,49,"Злокачественное новообразование дна полости рта, выходящее за пределы одной и более вышеуказанных локализаций",11353,0.005989606271470096,0.7205882352941176
II,Новообразования,C02,62,60.67741935483871,40,"Злокачественное новообразование языка, выходящее за пределы одной и более вышеуказанных локализаций",11353,0.005461111600458029,0.6451612903225806
II,Новообразования,C21,52,64.40384615384616,19,"Злокачественное новообразование прямой кишки, заднего прохода [ануса] и анального канала, выходящее за пределы вышеуказанных локализаций",11353,0.00458028714877125,0.36538461538461536
II,Новообразования,C45,52,70.28846153846153,22,Мезотелиома плевры,11353,0.00458028714877125,0.4230769230769231
II,Новообразования,C49,50,65.24,31,"Злокачественное новообразование соединительной и мягких тканей нижней конечности, включая тазобедренную область",11353,0.004404122258433894,0.62
II,Новообразования,C44,45,70.17777777777778,18,Другие злокачественные новообразования кожи других и неуточненных частей лица,11353,0.003963710032590505,0.4
II,Новообразования,C17,44,68.13636363636364,17,Злокачественное новообразование двенадцатиперстной кишки,11353,0.003875627587421827,0.38636363636363635
II,Новообразования,C48,37,63.7027027027027,12,Злокачественное новообразование забрюшинного пространства,11353,0.0032590504712410816,0.32432432432432434
II,Новообразования,D43,37,65.16216216216216,18,Новообразование неопределенного или неизвестного характера головного мозга над мозговым наметом,11353,0.0032590504712410816,0.4864864864864865
II,Новообразования,D32,36,71.72222222222223,5,Доброкачественное новообразование оболочек головного мозга,11353,0.003170968026072404,0.1388888888888889
II,Новообразования,C51,32,68.21875,0,"Злокачественное новообразование вульвы, выходящее за пределы одной и более вышеуказанных локализаций",11353,0.0028186382453976922,0.0
II,Новообразования,C85,32,66.46875,14,B-клеточная лимфома неуточненная,11353,0.0028186382453976922,0.4375
II,Новообразования,C80,30,62.9,22,Злокачественное новообразование неуточненное   ,11353,0.0026424733550603364,0.7333333333333333
II,Новообразования,D46,30,67.83333333333333,19,Другие миелодиспластические синдромы,11353,0.0026424733550603364,0.6333333333333333
II,Новообразования,C23,29,71.24137931034483,8,Злокачественное новообразование желчного пузыря,11353,0.0025543909098916587,0.27586206896551724
II,Новообразования,C73,29,69.44827586206897,9,Злокачественное новообразование щитовидной железы,11353,0.0025543909098916587,0.3103448275862069
II,Новообразования,C74,25,62.08,20,Злокачественное новообразование коры надпочечника,11353,0.002202061129216947,0.8
II,Новообразования,C01,22,64.0,18,Злокачественные новообразования основания языка,11353,0.0019378137937109134,0.8181818181818182
II,Новообразования,C38,21,60.666666666666664,13,Злокачественное новообразование плевры,11353,0.0018497313485422355,0.6190476190476191
II,Новообразования,C41,20,61.45,10,"Злокачественное новообразование костей таза, крестца и копчика",11353,0.0017616489033735576,0.5
II,Новообразования,C62,18,46.44444444444444,18,Злокачественное новообразование опущенного яичка,11353,0.001585484013036202,1.0
II,Новообразования,C07,17,66.05882352941177,9,Злокачественное новообразование околоушной слюнной железы,11353,0.001497401567867524,0.5294117647058824
II,Новообразования,C14,17,58.23529411764706,14,"Злокачественное новообразование губы, полости рта и глотки, выходящее за пределы одной и более вышеуказанных локализаций",11353,0.001497401567867524,0.8235294117647058
II,Новообразования,C57,17,63.76470588235294,0,Злокачественное новообразование женских половых органов   ,11353,0.001497401567867524,0.0
II,Новообразования,C03,16,64.6875,9,Злокачественное новообразование десны нижней челюсти,11353,0.0014093191226988461,0.5625
II,Новообразования,C05,16,61.3125,10,Злокачественное новообразование мягкого неба,11353,0.0014093191226988461,0.625
II,Новообразования,C93,16,62.75,6,Острый монобластный/моноцитарный лейкоз,11353,0.0014093191226988461,0.375
II,Новообразования,C69,15,66.0,9,Злокачественное новообразование сосудистой оболочки,11353,0.0013212366775301682,0.6
II,Новообразования,D33,14,65.21428571428571,4,Доброкачественное новообразование головного мозга   ,11353,0.0012331542323614903,0.2857142857142857
II,Новообразования,C08,13,67.61538461538461,8,"Злокачественное новообразование больших слюнных желез, выходящее за пределы одной и более вышеуказанных локализаций",11353,0.0011450717871928126,0.6153846153846154
II,Новообразования,C31,13,57.53846153846154,8,"Злокачественное новообразование придаточных пазух, выходящее за пределы одной и более вышеуказанных локализаций",11353,0.0011450717871928126,0.6153846153846154
II,Новообразования,C84,13,58.92307692307692,8,"Периферическая Т-клеточная лимфома, не классифицированная в других рубриках",11353,0.0011450717871928126,0.6153846153846154
II,Новообразования,C40,12,53.083333333333336,6,Злокачественное новообразование длинных костей нижней конечности,11353,0.0010569893420241346,0.5
II,Новообразования,C65,12,71.33333333333333,9,Злокачественное новообразование почечных лоханок,11353,0.0010569893420241346,0.75
II,Новообразования,D47,12,66.08333333333333,7,Хроническая миелопролиферативная болезнь,11353,0.0010569893420241346,0.5833333333333334
II,Новообразования,C09,11,61.63636363636363,8,"Злокачественное новообразование миндалины, выходящее за пределы одной и более вышеуказанных локализаций",11353,0.0009689068968554567,0.7272727272727273
II,Новообразования,C81,11,59.72727272727273,8,(Классическая) лимфома Ходжкина [Hodgkin] с нодулярным склерозом,11353,0.0009689068968554567,0.7272727272727273
II,Новообразования,C94,11,64.63636363636364,5,Острый моноцитарный лейкоз   ,11353,0.0009689068968554567,0.45454545454545453
II,Новообразования,C95,11,71.81818181818181,1,Острый лейкоз неуточненного клеточного типа,11353,0.0009689068968554567,0.09090909090909091
II,Новообразования,D45,11,75.0,8,Полицитемия истинная,11353,0.0009689068968554567,0.7272727272727273
II,Новообразования,C00,10,64.7,9,"Злокачественное новообразование губы, выходящее за пределы одной и более вышеуказанных локализаций",11353,0.0008808244516867788,0.9
II,Новообразования,C06,10,62.7,6,Злокачественное новообразование слизистой оболочки щеки,11353,0.0008808244516867788,0.6
II,Новообразования,C33,10,65.8,7,Злокачественное новообразование трахеи,11353,0.0008808244516867788,0.7
II,Новообразования,C76,10,64.7,6,"Злокачественное новообразование других и неточно обозначенных локализаций, выходящее за пределы одной и более вышеуказанных локализаций",11353,0.0008808244516867788,0.6
II,Новообразования,C79,10,62.8,5,Вторичное злокачественное новообразование других уточненных локализаций,11353,0.0008808244516867788,0.5
II,Новообразования,C60,9,67.22222222222223,9,Злокачественное новообразование крайней плоти,11353,0.000792742006518101,1.0
II,Новообразования,C66,9,68.0,4,Злокачественное новообразование мочеточника,11353,0.000792742006518101,0.4444444444444444
II,Новообразования,C68,9,66.44444444444444,4,"Злокачественное новообразование мочевых органов, выходящее за пределы одной и более вышеуказанных локализаций",11353,0.000792742006518101,0.4444444444444444
II,Новообразования,C77,9,62.22222222222222,7,Вторичное злокачественное новообразование лимфатических узлов головы и шеи   ,11353,0.000792742006518101,0.7777777777777778
II,Новообразования,D35,9,61.0,4,Доброкачественное новообразование гипофиза,11353,0.000792742006518101,0.4444444444444444
II,Новообразования,C82,8,69.5,5,Фолликулярная лимфома   ,11353,0.0007046595613494231,0.625
II,Новообразования,D37,8,70.125,3,Новообразование неопределенного поведения поджелудочной железы   ,11353,0.0007046595613494231,0.375
II,Новообразования,C11,7,50.142857142857146,6,"Злокачественное новообразование носоглотки, выходящее за пределы одной и более вышеуказанных локализаций",11353,0.0006165771161807451,0.8571428571428571
II,Новообразования,C70,7,54.57142857142857,3,Злокачественное новообразование оболочек головного мозга,11353,0.0006165771161807451,0.42857142857142855
II,Новообразования,C72,7,61.57142857142857,3,Злокачественное новообразование спинного мозга   ,11353,0.0006165771161807451,0.42857142857142855
II,Новообразования,D25,7,60.285714285714285,0,Интрамуральная лейомиома матки   ,11353,0.0006165771161807451,0.0
II,Новообразования,D42,7,75.28571428571429,3,Новообразование неопределенного поведения мозговых оболочек   ,11353,0.0006165771161807451,0.42857142857142855
II,Новообразования,C30,6,60.833333333333336,3,Злокачественное новообразование полости носа   ,11353,0.0005284946710120673,0.5
II,Новообразования,C52,6,49.833333333333336,0,Злокачественное новообразование влагалища,11353,0.0005284946710120673,0.0
II,Новообразования,C75,6,66.5,2,Злокачественное новообразование гипофиза,11353,0.0005284946710120673,0.3333333333333333
II,Новообразования,D39,5,67.0,0,Новообразование неопределенного поведения яичника   ,11353,0.0004404122258433894,0.0
II,Новообразования,C12,4,65.0,4,Злокачественное новообразование грушевидного синуса,11353,0.00035232978067471153,1.0
II,Новообразования,D13,4,82.0,2,Доброкачественное новообразование двенадцатиперстной кишки   ,11353,0.00035232978067471153,0.5
II,Новообразования,D48,4,77.75,0,Новообразование неопределенного поведения брюшины   ,11353,0.00035232978067471153,0.0
II,Новообразования,C26,3,70.0,1,Злокачественное новообразование других органов пищеварения   ,11353,0.00026424733550603366,0.3333333333333333
II,Новообразования,C47,3,65.33333333333333,2,"Злокачественное новообразование периферических нервов верхней конечности, включая область плечевого пояса",11353,0.00026424733550603366,0.6666666666666666
II,Новообразования,C63,3,72.66666666666667,3,Злокачественное новообразование мужских половых органов   ,11353,0.00026424733550603366,1.0
II,Новообразования,D18,3,59.0,2,Гемангиома любой локализации,11353,0.00026424733550603366,0.6666666666666666
II,Новообразования,D27,3,60.0,0,Доброкачественное новообразование яичника,11353,0.00026424733550603366,0.0
II,Новообразования,D38,3,67.66666666666667,3,Новообразование неопределенного поведения трахеи   ,11353,0.00026424733550603366,1.0
II,Новообразования,D41,3,79.66666666666667,1,Новообразование неопределенного или неизвестного характера почки,11353,0.00026424733550603366,0.3333333333333333
II,Новообразования,D44,3,49.666666666666664,1,Новообразование неопределенного поведения гипофиза   ,11353,0.00026424733550603366,0.3333333333333333
II,Новообразования,C37,2,62.5,2,Злокачественное новообразование тимуса   ,11353,0.00017616489033735576,1.0
II,Новообразования,C78,2,70.5,0,Вторичное злокачественное новообразование брюшины   ,11353,0.00017616489033735576,0.0
II,Новообразования,C88,2,63.0,1,Макроглобулинемия Вальденстрема   ,11353,0.00017616489033735576,0.5
II,Новообразования,C96,2,56.5,1,Злокачественное новообразование лимфоидной ткани   ,11353,0.00017616489033735576,0.5
II,Новообразования,D12,2,77.0,2,Доброкачественное новообразование нисходящей ободочной кишки,11353,0.00017616489033735576,1.0
II,Новообразования,D15,2,59.0,0,Доброкачественное новообразование сердца,11353,0.00017616489033735576,0.0
II,Новообразования,D30,2,85.5,1,Доброкачественное новообразование мочевого пузыря   ,11353,0.00017616489033735576,0.5
II,Новообразования,C39,1,59.0,1,Злокачественное новообразование органов дыхания   ,11353,8.808244516867788e-05,1.0
II,Новообразования,C55,1,68.0,0,Злокачественное новообразование матки   ,11353,8.808244516867788e-05,0.0
II,Новообразования,D10,1,71.0,0,Доброкачественное новообразование гортаноглотки,11353,8.808244516867788e-05,0.0
II,Новообразования,D16,1,68.0,0,Доброкачественное новообразование костей черепа   ,11353,8.808244516867788e-05,0.0
II,Новообразования,D17,1,74.0,1,Доброкачественное новообразование жировой ткани органов грудной клетки,11353,8.808244516867788e-05,1.0
II,Новообразования,D29,1,76.0,1,Доброкачественное новообразование предстательной железы,11353,8.808244516867788e-05,1.0
II,Новообразования,D36,1,69.0,0,Доброкачественное новообразование периферических нервов   ,11353,8.808244516867788e-05,0.0
II,Новообразования,D40,1,85.0,1,Новообразование неопределенного поведения предстательной железы   ,11353,8.808244516867788e-05,1.0
III,Кровь и иммунитет,D68,21,68.47619047619048,10,"Геморрагические нарушения, обусловленные циркулирующими в крови антикоагулянтами",71,0.29577464788732394,0.47619047619047616
III,Кровь и иммунитет,D61,19,69.42105263157895,4,Идиопатическая апластическая анемия,71,0.2676056338028169,0.21052631578947367
III,Кровь и иммунитет,D73,11,68.72727272727273,4,Абсцесс селезенки,71,0.15492957746478872,0.36363636363636365
III,Кровь и иммунитет,D86,5,52.8,4,Саркоидоз других уточненных и комбинированных локализаций,71,0.07042253521126761,0.8
III,Кровь и иммунитет,D69,4,67.5,1,Идиопатическая тромбоцитопеническая пурпура,71,0.056338028169014086,0.25
III,Кровь и иммунитет,D59,3,74.0,2,Другие гемолитические анемии   ,71,0.04225352112676056,0.6666666666666666
III,Кровь и иммунитет,D60,3,63.333333333333336,1,Хроническая приобретенная чистая красноклеточная аплазия,71,0.04225352112676056,0.3333333333333333
III,Кровь и иммунитет,D50,2,74.0,0,Другие железодефицитные анемии   ,71,0.028169014084507043,0.0
III,Кровь и иммунитет,D52,1,77.0,1,Фолиеводефицитная анемия неуточненная,71,0.014084507042253521,1.0
III,Кровь и иммунитет,D65,1,46.0,1,Диссеминированное внутрисосудистое свертывание [ДВС-синдром]   ,71,0.014084507042253521,1.0
III,Кровь и иммунитет,D70,1,70.0,0,Агранулоцитоз   ,71,0.014084507042253521,0.0
IV,Эндокринные и обмен,E11,2996,72.60914552736983,947,Инсулиннезависимый сахарный диабет с множественными осложнениями,3183,0.9412503927112786,0.31608811748998666
IV,Эндокринные и обмен,E10,123,55.46341463414634,71,Инсулинзависимый сахарный диабет с множественными осложнениями,3183,0.03864278982092366,0.5772357723577236
IV,Эндокринные и обмен,E66,17,60.705882352941174,6,"Крайняя степень ожирения, сопровождаемая альвеолярной гиповентиляцией",3183,0.0053408733898837575,0.35294117647058826
IV,Эндокринные и обмен,E05,10,61.0,2,Тиреотоксикоз с диффузным зобом,3183,0.0031416902293433867,0.2
IV,Эндокринные и обмен,E43,5,72.0,1,Выраженная белково-энергетическая недостаточность   ,3183,0.0015708451146716933,0.2
IV,Эндокринные и обмен,E51,5,67.8,2,Болезнь Вернике   ,3183,0.0015708451146716933,0.4
IV,Эндокринные и обмен,E13,4,65.5,3,Другой уточненный сахарный диабет с множественными осложнениями   ,3183,0.0012566760917373547,0.75
IV,Эндокринные и обмен,E84,4,12.75,2,Кистозный фиброз с другими проявлениями,3183,0.0012566760917373547,0.5
IV,Эндокринные и обмен,E06,2,66.5,0,Аутоиммунный тиреоидит   ,3183,0.0006283380458686773,0.0
IV,Эндокринные и обмен,E68,2,61.0,0,Последствия гиперфагии   ,3183,0.0006283380458686773,0.0
IV,Эндокринные и обмен,E75,2,18.0,0,Другие ганглиозидозы   ,3183,0.0006283380458686773,0.0
IV,Эндокринные и обмен,E85,2,42.0,2,Амилоидоз неуточненный   ,3183,0.0006283380458686773,1.0
IV,Эндокринные и обмен,E04,1,78.0,0,Нетоксический многоузловой зоб   ,3183,0.00031416902293433867,0.0
IV,Эндокринные и обмен,E14,1,49.0,0,Сахарный диабет неуточненный с поражением почек   ,3183,0.00031416902293433867,0.0
IV,Эндокринные и обмен,E23,1,65.0,1,Гипопитуитаризм   ,3183,0.00031416902293433867,1.0
IV,Эндокринные и обмен,E26,1,86.0,0,Первичный гиперальдостеронизм   ,3183,0.00031416902293433867,0.0
IV,Эндокринные и обмен,E44,1,70.0,0,Умеренная белково-энергетическая недостаточность   ,3183,0.00031416902293433867,0.0
IV,Эндокринные и обмен,E71,1,1.0,0,Другие виды нарушений обмена аминокислот с разветвленной цепью,3183,0.00031416902293433867,0.0
IV,Эндокринные и обмен,E72,1,10.0,1,Нарушения транспорта аминокислот   ,3183,0.00031416902293433867,1.0
IV,Эндокринные и обмен,E74,1,64.0,0,Другие нарушения углеводного обмена   ,3183,0.00031416902293433867,0.0
IV,Эндокринные и обмен,E76,1,3.0,0,Муковисцидоз   ,3183,0.00031416902293433867,0.0
IV,Эндокринные и обмен,E78,1,32.0,0,Чистая гиперхолестеринемия   ,3183,0.00031416902293433867,0.0
IV,Эндокринные и обмен,E83,1,70.0,0,Нарушения обмена меди   ,3183,0.00031416902293433867,0.0
IX,Кровообращение,I25,4157,73.24633148905461,2148,Другие формы хронической ишемической болезни сердца,17233,0.2412232344919631,0.5167187875872024
IX,Кровообращение,I63,2211,72.18543645409316,1012,"Инфаркт мозга, вызванный тромбозом мозговых артерий",17233,0.1283003539720304,0.4577114427860697
IX,Кровообращение,I21,1955,65.55652173913043,1289,Острый трансмуральный инфаркт передней стенки миокарда,17233,0.11344513433528695,0.6593350383631713
IX,Кровообращение,I69,1446,73.4460580912863,684,Последствия инфаркта мозга,17233,0.08390877966691812,0.4730290456431535
IX,Кровообращение,I61,1220,61.82868852459016,741,Внутримозговое кровоизлияние в полушарие субкортикальное,17233,0.07079440608135554,0.6073770491803279
IX,Кровообращение,I42,1076,60.05576208178439,710,Дилатационная кардиомиопатия,17233,0.06243834503568734,0.6598513011152416
IX,Кровообращение,I80,975,70.18461538461538,404,Флебит и тромбофлебит других глубоких сосудов нижних конечностей,17233,0.0565774966633784,0.41435897435897434
IX,Кровообращение,I67,828,79.61111111111111,253,Другие уточненные поражения сосудов мозга,17233,0.04804735101259212,0.3055555555555556
IX,Кровообращение,I70,582,74.83848797250859,300,Атеросклероз артерий конечностей,17233,0.033772413392908956,0.5154639175257731
IX,Кровообращение,I24,386,58.27461139896373,280,Другие формы острой ишемической болезни сердца,17233,0.022398885858527243,0.7253886010362695
IX,Кровообращение,I71,377,69.63129973474801,222,Аневризма грудной части аорты разорванная,17233,0.021876632043172983,0.5888594164456233
IX,Кровообращение,I35,357,78.25770308123249,119,Аортальный (клапанный) стеноз,17233,0.0207160680090524,0.3333333333333333
IX,Кровообращение,I22,350,67.56857142857143,236,Повторный инфаркт передней стенки миокарда,17233,0.020309870597110195,0.6742857142857143
IX,Кровообращение,I46,273,53.62271062271062,218,"Внезапная сердечная смерть, так описанная",17233,0.01584169906574595,0.7985347985347986
IX,Кровообращение,I60,239,57.33472803347281,109,Субарахноидальное кровоизлияние из средней мозговой артерии,17233,0.013868740207740963,0.4560669456066946
IX,Кровообращение,I34,110,75.48181818181818,31,Митральная (клапанная) недостаточность,17233,0.006383102187663204,0.2818181818181818
IX,Кровообращение,I11,91,65.08791208791209,56,Гипертензивная [гипертоническая] болезнь с преимущественным поражением сердца с (застойной) сердечной недостаточностью,17233,0.005280566355248651,0.6153846153846154
IX,Кровообращение,I51,85,74.17647058823529,35,"Внутрисердечный тромбоз, не классифицированный в других рубриках",17233,0.004932397145012476,0.4117647058823529
IX,Кровообращение,I33,82,46.97560975609756,62,Острый и подострый инфекционный эндокардит,17233,0.0047583125398943885,0.7560975609756098
IX,Кровообращение,I62,69,56.63768115942029,49,Нетравматическое субдуральное кровоизлияние,17233,0.00400394591771601,0.7101449275362319
IX,Кровообращение,I74,57,72.96491228070175,27,Эмболия и тромбоз артерий нижних конечностей,17233,0.0033076074972436605,0.47368421052631576
IX,Кровообращение,I82,41,71.14634146341463,20,Эмболия и тромбоз других уточненных вен,17233,0.0023791562699471943,0.4878048780487805
IX,Кровообращение,I08,36,70.22222222222223,7,Комбинированное поражение митрального и аортального клапанов,17233,0.0020890152614170487,0.19444444444444445
IX,Кровообращение,I13,26,67.1923076923077,9,Гипертензивная болезнь с поражением почек и сердечной недостаточностью   ,17233,0.0015087332443567574,0.34615384615384615
IX,Кровообращение,I40,25,45.32,13,Инфекционный миокардит,17233,0.0014507050426507283,0.52
IX,Кровообращение,I72,21,67.0,14,Аневризма и расслоение подвздошной артерии,17233,0.0012185922358266118,0.6666666666666666
IX,Кровообращение,I05,19,69.3157894736842,4,Митральный стеноз с недостаточностью,17233,0.0011025358324145535,0.21052631578947367
IX,Кровообращение,I83,19,63.578947368421055,12,Варикозное расширение вен нижних конечностей без язвы или воспаления,17233,0.0011025358324145535,0.631578947368421
IX,Кровообращение,I36,16,76.3125,6,Неревматическая недостаточность трехстворчатого клапана,17233,0.0009284512272964661,0.375
IX,Кровообращение,I30,15,72.4,9,Острый неспецифический идиопатический перикардит,17233,0.0008704230255904369,0.6
IX,Кровообращение,I06,11,69.45454545454545,5,Ревматический аортальный стеноз с недостаточностью,17233,0.0006383102187663204,0.45454545454545453
IX,Кровообращение,I12,11,78.0,4,Гипертензивная болезнь с почечной недостаточностью   ,17233,0.0006383102187663204,0.36363636363636365
IX,Кровообращение,I26,10,59.3,6,Тромбоэмболия легочной артерии без острого легочным сердцем   ,17233,0.0005802820170602913,0.6
IX,Кровообращение,I31,9,62.666666666666664,7,Хронический перикардит   ,17233,0.0005222538153542622,0.7777777777777778
IX,Кровообращение,I28,7,68.28571428571429,3,Другие уточненные болезни легочных сосудов,17233,0.0004061974119422039,0.42857142857142855
IX,Кровообращение,I64,6,73.66666666666667,2,Инсульт неуточненный как геморрагический или ишемический   ,17233,0.0003481692102361748,0.3333333333333333
IX,Кровообращение,I73,6,57.5,5,Облитерирующий тромбангиит [болезнь Бюргера]   ,17233,0.0003481692102361748,0.8333333333333334
IX,Кровообращение,I87,4,65.25,2,Посттромботический синдром,17233,0.00023211280682411653,0.5
IX,Кровообращение,I27,3,57.666666666666664,0,Первичная легочная гипертензия,17233,0.0001740846051180874,0.0
IX,Кровообращение,I48,3,78.0,2,Фибрилляция и трепетание предсердий   ,17233,0.0001740846051180874,0.6666666666666666
IX,Кровообращение,I66,3,67.66666666666667,2,Закупорка мозговой артерии средней   ,17233,0.0001740846051180874,0.6666666666666666
IX,Кровообращение,I44,2,43.5,1,Атриовентрикулярная блокада III степени   ,17233,0.00011605640341205826,0.5
IX,Кровообращение,I45,2,34.0,2,Синдром преждевременного возбуждения,17233,0.00011605640341205826,1.0
IX,Кровообращение,I85,2,51.0,2,Варикозное расширение вен пищевода с кровотечением   ,17233,0.00011605640341205826,1.0
IX,Кровообращение,I89,2,61.5,1,Другие болезни лимфатических узлов   ,17233,0.00011605640341205826,0.5
IX,Кровообращение,I09,1,68.0,0,Другие уточненные ревматические болезни сердца,17233,5.802820170602913e-05,0.0
IX,Кровообращение,I10,1,64.0,0,Эссенциальная (первичная) гипертензия   ,17233,5.802820170602913e-05,0.0
IX,Кровообращение,I20,1,64.0,1,Нестабильная стенокардия,17233,5.802820170602913e-05,1.0
IX,Кровообращение,I37,1,45.0,1,Стеноз клапана легочной артерии,17233,5.802820170602913e-05,1.0
IX,Кровообращение,I38,1,45.0,0,Эндокардит неуточненный   ,17233,5.802820170602913e-05,0.0
IX,Кровообращение,I49,1,78.0,1,Другие сердечные аритмии   ,17233,5.802820170602913e-05,1.0
IX,Кровообращение,I50,1,41.0,1,Сердечная недостаточность неуточненная,17233,5.802820170602913e-05,1.0
IX,Кровообращение,I77,1,71.0,0,Другие болезни артерий   ,17233,5.802820170602913e-05,0.0
V,Психические расстройства,F01,304,78.57565789473684,111,Смешанная корковая и подкорковая сосудистая деменция,405,0.7506172839506173,0.3651315789473684
V,Психические расстройства,F10,87,56.310344827586206,61,Алкогольная зависимость   ,405,0.21481481481481482,0.7011494252873564
V,Психические расстройства,F03,7,82.85714285714286,1,Деменция неуточненная   ,405,0.01728395061728395,0.14285714285714285
V,Психические расстройства,F11,3,39.0,2,Зависимость от опиоидов   ,405,0.007407407407407408,0.6666666666666666
V,Психические расстройства,F07,2,68.0,1,"Органическое расстройство личности и поведения, обусловленное болезнью, повреждением или дисфункцией головного мозга, неуточненное",405,0.0049382716049382715,0.5
V,Психические расстройства,F20,1,73.0,0,Параноидная шизофрения   ,405,0.0024691358024691358,0.0
V,Психические расстройства,F79,1,28.0,0,Умственная отсталость неуточненная   ,405,0.0024691358024691358,0.0
VI,Нервная система,G31,2928,78.98565573770492,937,Ограниченная атрофия головного мозга,5110,0.5729941291585127,0.3200136612021858
VI,Нервная система,G93,1566,73.86526181353767,780,Церебральная киста,5110,0.3064579256360078,0.49808429118773945
VI,Нервная система,G20,136,74.24264705882354,63,Болезнь Паркинсона,5110,0.026614481409001956,0.4632352941176471
VI,Нервная система,G30,94,76.76595744680851,19,Поздняя болезнь Альцгеймера,5110,0.018395303326810174,0.20212765957446807
VI,Нервная система,G40,51,48.96078431372549,34,Генерализованная идиопатическая эпилепсия и эпилептические синдромы,5110,0.009980430528375734,0.6666666666666666
VI,Нервная система,G12,50,56.84,17,Болезнь двигательного неврона,5110,0.009784735812133072,0.34
VI,Нервная система,G21,36,78.0,15,Сосудистый паркинсонизм,5110,0.0070450097847358124,0.4166666666666667
VI,Нервная система,G92,29,56.793103448275865,18,Токсическая энцефалопатия,5110,0.005675146771037182,0.6206896551724138
VI,Нервная система,G00,28,54.67857142857143,19,Бактериальный менингит неуточненный,5110,0.005479452054794521,0.6785714285714286
VI,Нервная система,G04,28,54.642857142857146,13,"Бактериальный менингоэнцефалит и менингомиелит, не классифицированный в других рубриках",5110,0.005479452054794521,0.4642857142857143
VI,Нервная система,G91,21,51.76190476190476,12,Сообщающаяся гидроцефалия,5110,0.00410958904109589,0.5714285714285714
VI,Нервная система,G80,19,23.473684210526315,9,Церебральный паралич со спастической тетраплегией,5110,0.0037181996086105675,0.47368421052631576
VI,Нервная система,G35,16,54.1875,9,Рассеянный склероз,5110,0.0031311154598825833,0.5625
VI,Нервная система,G95,15,69.26666666666667,8,Сосудистые миелопатии,5110,0.0029354207436399216,0.5333333333333333
VI,Нервная система,G06,14,59.714285714285715,11,Внутричерепной абсцесс и гранулема,5110,0.0027397260273972603,0.7857142857142857
VI,Нервная система,G71,12,40.416666666666664,8,Мышечная дистрофия,5110,0.0023483365949119373,0.6666666666666666
VI,Нервная система,G03,8,53.75,7,"Менингит, вызванный другими уточненными возбудителями",5110,0.0015655577299412916,0.875
VI,Нервная система,G70,8,67.5,3,Myasthenia gravis,5110,0.0015655577299412916,0.375
VI,Нервная система,G96,8,27.25,6,Другие уточненные поражения центральной нервной системы,5110,0.0015655577299412916,0.75
VI,Нервная система,G23,7,56.57142857142857,1,Другие болезни базальных ганглиев   ,5110,0.0013698630136986301,0.14285714285714285
VI,Нервная система,G11,6,54.666666666666664,4,Поздняя мозжечковая атаксия,5110,0.0011741682974559687,0.6666666666666666
VI,Нервная система,G37,6,62.0,4,Центральный понтинный миелинолиз,5110,0.0011741682974559687,0.6666666666666666
VI,Нервная система,G10,5,58.8,2,Болезнь Гентингтона   ,5110,0.0009784735812133072,0.4
VI,Нервная система,G41,5,50.0,4,Другой эпилептический статус   ,5110,0.0009784735812133072,0.8
VI,Нервная система,G09,4,68.5,2,Последствия воспалительных болезней центральной нервной системы,5110,0.0007827788649706458,0.5
VI,Нервная система,G61,3,62.333333333333336,2,Синдром Гийена-Барре   ,5110,0.0005870841487279843,0.6666666666666666
VI,Нервная система,G36,2,54.5,1,Другая уточненная форма острой диссеминированной демиелинизации,5110,0.0003913894324853229,0.5
VI,Нервная система,G62,2,64.5,1,Алкогольная полинейропатия   ,5110,0.0003913894324853229,0.5
VI,Нервная система,G08,1,67.0,1,Внутричерепной флебит   ,5110,0.00019569471624266145,1.0
VI,Нервная система,G25,1,81.0,1,Другие экстрапирамидные нарушения   ,5110,0.00019569471624266145,1.0
VI,Нервная система,G72,1,68.0,0,Другие уточненные миопатии   ,5110,0.00019569471624266145,0.0
VIII,Ухо,H66,8,55.375,4,Острый гнойный средний отит,10,0.8,0.5
VIII,Ухо,H60,1,86.0,1,Злокачественный наружный отит   ,10,0.1,1.0
VIII,Ухо,H70,1,58.0,1,Мастоидит   ,10,0.1,1.0
X,Дыхание,J18,2205,64.96689342403629,1326,"Другая пневмония, возбудитель не уточнен",4215,0.5231316725978647,0.601360544217687
X,Дыхание,J44,1288,70.91459627329192,860,Другая уточненная хроническая обструктивная легочная болезнь,4215,0.3055753262158956,0.6677018633540373
X,Дыхание,J85,224,63.39732142857143,167,Абсцесс легкого с пневмонией,4215,0.0531435349940688,0.7455357142857143
X,Дыхание,J15,168,65.04166666666667,103,Другие бактериальные пневмонии,4215,0.0398576512455516,0.6130952380952381
X,Дыхание,J12,118,70.29661016949153,59,Другая вирусная пневмония,4215,0.027995255041518386,0.5
X,Дыхание,J84,91,70.21978021978022,42,Другие интерстициальные легочные болезни с упоминанием о фиброзе,4215,0.02158956109134045,0.46153846153846156
X,Дыхание,J45,27,61.74074074074074,9,Смешанная астма,4215,0.006405693950177936,0.3333333333333333
X,Дыхание,J86,21,64.33333333333333,16,Пиоторакс без фистулы,4215,0.00498220640569395,0.7619047619047619
X,Дыхание,J16,19,63.68421052631579,8,"Пневмония, вызванная другими уточненными инфекционными агентами",4215,0.0045077105575326215,0.42105263157894735
X,Дыхание,J94,8,74.875,4,Фиброторакс,4215,0.0018979833926453143,0.5
X,Дыхание,J09,7,52.57142857142857,4,Грипп  вызванный идентифицированным вирусом птичьего гриппа  ,4215,0.00166073546856465,0.5714285714285714
X,Дыхание,J43,7,74.28571428571429,6,Эмфизема неуточненная,4215,0.00166073546856465,0.8571428571428571
X,Дыхание,J38,6,57.833333333333336,1,Отек гортани   ,4215,0.0014234875444839859,0.16666666666666666
X,Дыхание,J10,5,42.6,3,"Грипп с пневмонией, сезонный вирус гриппа идентифицирован",4215,0.0011862396204033216,0.6
X,Дыхание,J98,4,54.75,3,Болезни средостения неуточненные   ,4215,0.0009489916963226571,0.75
X,Дыхание,J01,3,63.666666666666664,3,Острый верхнечелюстной синусит,4215,0.0007117437722419929,1.0
X,Дыхание,J39,2,62.0,1,Другие уточненные болезни верхних дыхательных путей   ,4215,0.00047449584816132857,0.5
X,Дыхание,J03,1,53.0,1,Острый тонзиллит неуточненный,4215,0.00023724792408066428,1.0
X,Дыхание,J05,1,59.0,1,Острый эпиглоттит,4215,0.00023724792408066428,1.0
X,Дыхание,J11,1,71.0,1,Грипп с неуточненным вирусом   ,4215,0.00023724792408066428,1.0
X,Дыхание,J13,1,84.0,0,"Пневмония, вызванная Streptococcus pneumoniae",4215,0.00023724792408066428,0.0
X,Дыхание,J32,1,71.0,0,Хронический пансинусит   ,4215,0.00023724792408066428,0.0
X,Дыхание,J34,1,81.0,0,Абсцесс носа   ,4215,0.00023724792408066428,0.0
X,Дыхание,J36,1,45.0,1,Перитонзиллярный абсцесс,4215,0.00023724792408066428,1.0
X,Дыхание,J41,1,84.0,0,Хронический бронхит   ,4215,0.00023724792408066428,0.0
X,Дыхание,J47,1,84.0,0,Бронхоэктатическая болезнь   ,4215,0.00023724792408066428,0.0
X,Дыхание,J69,1,84.0,1,Пневмония вследствие пищи и рвотных масс   ,4215,0.00023724792408066428,1.0
X,Дыхание,J93,1,81.0,1,Спонтанный пневмоторакс   ,4215,0.00023724792408066428,1.0
X,Дыхание,J96,1,52.0,1,Дыхательная недостаточность   ,4215,0.00023724792408066428,1.0
XI,Пищеварение,K74,2254,56.879325643300795,1236,Другой и неуточненный цирроз печени,6883,0.32747348539880866,0.5483584738243124
XI,Пищеварение,K85,983,58.7822990844354,653,Другой острый панкреатит,6883,0.14281563271829145,0.6642929806714141
XI,Пищеварение,K55,916,75.5174672489083,319,Острые сосудистые болезни кишечника,6883,0.13308150515763476,0.3482532751091703
XI,Пищеварение,K70,351,53.48717948717949,212,Алкогольный цирроз печени,6883,0.050995205578962664,0.603988603988604
XI,Пищеварение,K76,337,53.982195845697326,225,"Жировая дегенерация печени, не классифицированная в других рубриках",6883,0.048961208775243355,0.6676557863501483
XI,Пищеварение,K25,321,67.79127725856698,184,Язва желудка хроническая или неуточненная с кровотечением,6883,0.04663664099956415,0.573208722741433
XI,Пищеварение,K86,292,57.88013698630137,188,Другие уточненные болезни поджелудочной железы,6883,0.042423361906145575,0.6438356164383562
XI,Пищеварение,K80,193,76.03108808290155,65,Камни желчного пузыря с острым холециститом,6883,0.028040098794130466,0.33678756476683935
XI,Пищеварение,K26,172,68.20348837209302,92,Язва двенадцатиперстной кишки хроническая или неуточненная с кровотечением,6883,0.024989103588551505,0.5348837209302325
XI,Пищеварение,K56,168,68.75,76,Кишечные сращения [спайки] с непроходимостью,6883,0.0244079616446317,0.4523809523809524
XI,Пищеварение,K22,128,56.3203125,96,Желудочно-пищеводный разрывно-геморрагический синдром,6883,0.018596542205433678,0.75
XI,Пищеварение,K71,120,53.7,64,Токсическое поражение печени с печеночным некрозом,6883,0.017434258317594074,0.5333333333333333
XI,Пищеварение,K57,78,73.46153846153847,15,Дивертикулярная болезнь толстой кишки с прободением и абсцессом,6883,0.011332267906436147,0.19230769230769232
XI,Пищеварение,K51,73,69.21917808219177,32,Другие язвенные колиты,6883,0.010605840476536394,0.4383561643835616
XI,Пищеварение,K43,61,69.57377049180327,14,Послеоперационная грыжа с гангреной,6883,0.008862414644776986,0.22950819672131148
XI,Пищеварение,K81,56,73.69642857142857,25,Острый холецистит,6883,0.008135987214877233,0.44642857142857145
XI,Пищеварение,K63,40,65.8,18,Прободение кишечника (нетравматическое),6883,0.005811419439198024,0.45
XI,Пищеварение,K52,37,71.21621621621621,16,Другие уточненные неинфекционные гастроэнтериты и колиты,6883,0.005375562981258172,0.43243243243243246
XI,Пищеварение,K29,33,67.72727272727273,21,Острый геморрагический гастрит,6883,0.0047944210373383695,0.6363636363636364
XI,Пищеварение,K66,33,73.75757575757575,7,Брюшинные спайки,6883,0.0047944210373383695,0.21212121212121213
XI,Пищеварение,K75,28,68.60714285714286,14,Абсцесс печени,6883,0.0040679936074386166,0.5
XI,Пищеварение,K42,24,72.375,2,Пупочная грыжа с гангреной,6883,0.0034868516635188146,0.08333333333333333
XI,Пищеварение,K50,23,59.56521739130435,12,Болезнь Крона тонкой кишки,6883,0.003341566177538864,0.5217391304347826
XI,Пищеварение,K61,22,65.54545454545455,15,Ишиоректальный абсцесс,6883,0.003196280691558913,0.6818181818181818
XI,Пищеварение,K40,21,74.9047619047619,13,Односторонняя или неуточненная паховая грыжа с гангреной,6883,0.0030509952055789626,0.6190476190476191
XI,Пищеварение,K83,19,71.84210526315789,7,Холангит,6883,0.0027604242336190616,0.3684210526315789
XI,Пищеварение,K44,15,64.0,6,Диафрагмальная грыжа с гангреной,6883,0.002179282289699259,0.4
XI,Пищеварение,K35,12,65.58333333333333,10,Острый аппендицит с генерализованным перитонитом,6883,0.0017434258317594073,0.8333333333333334
XI,Пищеварение,K12,10,53.0,7,Флегмона и абсцесс области рта,6883,0.001452854859799506,0.7
XI,Пищеварение,K82,10,71.5,6,Дивертикул желчного пузыря   ,6883,0.001452854859799506,0.6
XI,Пищеварение,K65,8,65.625,4,Острый перитонит,6883,0.0011622838878396049,0.5
XI,Пищеварение,K73,7,53.142857142857146,4,"Хронический активный гепатит, не классифицированный в других рубриках",6883,0.0010169984018596541,0.5714285714285714
XI,Пищеварение,K45,6,75.0,1,Другая уточненная грыжа брюшной полости с гангреной,6883,0.0008717129158797036,0.16666666666666666
XI,Пищеварение,K92,6,58.333333333333336,5,Желудочно-кишечное кровотечение неуточненное,6883,0.0008717129158797036,0.8333333333333334
XI,Пищеварение,K31,5,56.8,4,Другие уточненные болезни желудка и двенадцатиперстной кишки,6883,0.000726427429899753,0.8
XI,Пищеварение,K41,4,75.75,0,Односторонняя или неуточненная бедренная грыжа с непроходимостью без гангрены,6883,0.0005811419439198024,0.0
XI,Пищеварение,K28,3,63.666666666666664,2,Гастроеюнальная язва хроническая или неуточненная с прободением,6883,0.0004358564579398518,0.6666666666666666
XI,Пищеварение,K10,2,55.5,1,Воспалительные заболевания челюстей,6883,0.0002905709719599012,0.5
XI,Пищеварение,K20,2,59.5,1,Эзофагит,6883,0.0002905709719599012,0.5
XI,Пищеварение,K21,2,72.5,0,Гастроэзофагеальный рефлюкс с эзофагитом   ,6883,0.0002905709719599012,0.0
XI,Пищеварение,K72,2,54.5,2,Печеночная недостаточность   ,6883,0.0002905709719599012,1.0
XI,Пищеварение,K11,1,54.0,1,Абсцесс слюнной железы   ,6883,0.0001452854859799506,1.0
XI,Пищеварение,K13,1,74.0,1,Лейкоплакия слизистой оболочки полости рта   ,6883,0.0001452854859799506,1.0
XI,Пищеварение,K46,1,63.0,1,Брюшная грыжа   ,6883,0.0001452854859799506,1.0
XI,Пищеварение,K59,1,72.0,1,Мегаколон   ,6883,0.0001452854859799506,1.0
XI,Пищеварение,K60,1,91.0,0,Аноректальный свищ   ,6883,0.0001452854859799506,0.0
XI,Пищеварение,K62,1,70.0,0,Другие болезни прямой кишки   ,6883,0.0001452854859799506,0.0
XII,Кожа,L03,97,64.75257731958763,40,Флегмона других отделов конечностей,154,0.6298701298701299,0.41237113402061853
XII,Кожа,L02,27,59.925925925925924,9,"Абсцесс кожи, фурункул и карбункул туловища",154,0.17532467532467533,0.3333333333333333
XII,Кожа,L89,9,80.88888888888889,0,Стадия IV декубитальной язвы,154,0.05844155844155844,0.0
XII,Кожа,L97,8,66.875,3,Язва нижней конечности   ,154,0.05194805194805195,0.375
XII,Кожа,L51,4,64.75,1,Токсический эпидермальный некролиз [Лайелла],154,0.025974025974025976,0.25
XII,Кожа,L98,3,74.0,2,Хроническая язва кожи   ,154,0.01948051948051948,0.6666666666666666
XII,Кожа,L40,2,49.0,1,Пустулезный псориаз   ,154,0.012987012987012988,0.5
XII,Кожа,L05,1,55.0,1,Пилонидальная киста с абсцессом,154,0.006493506493506494,1.0
XII,Кожа,L08,1,71.0,1,Другие местные инфекции кожи   ,154,0.006493506493506494,1.0
XII,Кожа,L73,1,14.0,1,Фолликулит   ,154,0.006493506493506494,1.0
XII,Кожа,L88,1,79.0,0,Пиодермия гангренозная,154,0.006493506493506494,0.0
XIII,Костно-мышечные,M86,42,63.404761904761905,21,Другой хронический остеомиелит,277,0.15162454873646208,0.5
XIII,Костно-мышечные,M05,38,69.97368421052632,5,Другие серопозитивные ревматоидные артриты,277,0.1371841155234657,0.13157894736842105
XIII,Костно-мышечные,M80,31,81.83870967741936,3,Идиопатический остеопороз с патологическим переломом,277,0.11191335740072202,0.0967741935483871
XIII,Костно-мышечные,M10,29,68.65517241379311,22,Идиопатическая подагра,277,0.10469314079422383,0.7586206896551724
XIII,Костно-мышечные,M46,21,59.476190476190474,12,Остеомиелит позвонков,277,0.07581227436823104,0.5714285714285714
XIII,Костно-мышечные,M32,17,53.11764705882353,1,Системная красная волчанка с поражением других органов или систем,277,0.061371841155234655,0.058823529411764705
XIII,Костно-мышечные,M06,11,58.27272727272727,3,Серонегативный ревматоидный артрит,277,0.039711191335740074,0.2727272727272727
XIII,Костно-мышечные,M15,11,78.0909090909091,2,Первичный генерализованный (остео)артроз,277,0.039711191335740074,0.18181818181818182
XIII,Костно-мышечные,M31,11,52.72727272727273,4,Гранулематоз Вегенера   ,277,0.039711191335740074,0.36363636363636365
XIII,Костно-мышечные,M16,9,72.44444444444444,3,Первичный коксартроз двусторонний,277,0.032490974729241874,0.3333333333333333
XIII,Костно-мышечные,M34,9,63.55555555555556,1,Прогрессирующий системный склероз,277,0.032490974729241874,0.1111111111111111
XIII,Костно-мышечные,M17,5,72.8,1,Другой первичный гонартроз,277,0.018050541516245487,0.2
XIII,Костно-мышечные,M60,5,56.2,4,Инфекционный миозит,277,0.018050541516245487,0.8
XIII,Костно-мышечные,M00,4,64.75,2,"Артриты и полиартриты, вызванные другими уточненными бактериальными возбудителями",277,0.01444043321299639,0.5
XIII,Костно-мышечные,M35,4,67.0,0,Рецидивирующий панникулит   ,277,0.01444043321299639,0.0
XIII,Костно-мышечные,M47,4,70.5,1,Другие спондилезы с миелопатией,277,0.01444043321299639,0.25
XIII,Костно-мышечные,M30,3,63.333333333333336,1,Узелковый полиартериит   ,277,0.010830324909747292,0.3333333333333333
XIII,Костно-мышечные,M48,3,65.0,1,Спинальный стеноз,277,0.010830324909747292,0.3333333333333333
XIII,Костно-мышечные,M51,3,65.66666666666667,2,Поражения межпозвоночных дисков поясничного и других отделов с радикулопатией (G55.1*),277,0.010830324909747292,0.6666666666666666
XIII,Костно-мышечные,M84,3,73.0,2,"Патологические переломы, не классифицированные в других рубриках",277,0.010830324909747292,0.6666666666666666
XIII,Костно-мышечные,M87,3,62.0,1,Идиопатический асептический некроз кости,277,0.010830324909747292,0.3333333333333333
XIII,Костно-мышечные,M45,2,49.5,1,Анкилозирующий спондилит,277,0.007220216606498195,0.5
XIII,Костно-мышечные,M50,2,59.5,2,Поражение межпозвоночного диска шейного отдел с миелопатией (G99.2*),277,0.007220216606498195,1.0
XIII,Костно-мышечные,M42,1,44.0,1,Остеохондроз позвоночника неуточненный   ,277,0.0036101083032490976,1.0
XIII,Костно-мышечные,M43,1,90.0,0,Другие уточненные деформирующие дорсопатии,277,0.0036101083032490976,0.0
XIII,Костно-мышечные,M53,1,70.0,0,Спинальная нестабильность,277,0.0036101083032490976,0.0
XIII,Костно-мышечные,M70,1,69.0,1,Бурсит области таза   ,277,0.0036101083032490976,1.0
XIII,Костно-мышечные,M81,1,78.0,0,Другие остеопорозы,277,0.0036101083032490976,0.0
XIII,Костно-мышечные,M85,1,78.0,0,Гиперостоз черепа   ,277,0.0036101083032490976,0.0
XIII,Костно-мышечные,M95,1,78.0,0,Другие уточненные приобретенные деформации костно-мышечной системы,277,0.0036101083032490976,0.0
XIV,Мочеполовая система,N11,1719,75.50552646887725,659,Другие хронические тубулоинтерстициальные нефриты,3063,0.5612144955925563,0.3833624200116347
XIV,Мочеполовая система,N20,289,73.82698961937716,135,Камни почки,3063,0.09435194253999347,0.4671280276816609
XIV,Мочеполовая система,N26,261,76.47892720306514,96,Сморщенная почка неуточненная,3063,0.08521057786483839,0.367816091954023
XIV,Мочеполовая система,N40,194,77.65979381443299,194,Гиперплазия предстательной железы,3063,0.06333659810643161,1.0
XIV,Мочеполовая система,N28,182,80.48351648351648,71,Киста почки,3063,0.059418870388507995,0.3901098901098901
XIV,Мочеполовая система,N30,80,75.125,32,Интерстициальный цистит (хронический),3063,0.02611818478615736,0.4
XIV,Мочеполовая система,N10,47,65.74468085106383,22,Острый тубулоинтерстициальный нефрит,3063,0.01534443356186745,0.46808510638297873
XIV,Мочеполовая система,N18,47,73.38297872340425,18,Терминальная стадия почечной недостаточности   ,3063,0.01534443356186745,0.3829787234042553
XIV,Мочеполовая система,N15,45,67.73333333333333,19,Абсцесс почки и околопочечной клетчатки,3063,0.014691478942213516,0.4222222222222222
XIV,Мочеполовая система,N13,43,71.13953488372093,20,Пионефроз,3063,0.014038524322559582,0.46511627906976744
XIV,Мочеполовая система,N12,37,73.45945945945945,11,"Тубулоинтерстициальный нефрит, не уточненный как острый или хронический",3063,0.01207966046359778,0.2972972972972973
XIV,Мочеполовая система,N03,27,66.0,13,Хронический нефритический синдром с другими изменениями,3063,0.00881488736532811,0.48148148148148145
XIV,Мочеполовая система,N05,20,77.95,8,Нефритический синдром неуточненный с другими изменениями,3063,0.00652954619653934,0.4
XIV,Мочеполовая система,N21,13,80.38461538461539,10,Камни в мочевом пузыре,3063,0.004244205027750571,0.7692307692307693
XIV,Мочеполовая система,N27,6,84.33333333333333,0,Маленькая почка двусторонняя,3063,0.0019588638589618022,0.0
XIV,Мочеполовая система,N70,6,56.0,0,Острый сальпингит и оофорит,3063,0.0019588638589618022,0.0
XIV,Мочеполовая система,N49,5,65.6,5,Воспалительные болезни мошонки,3063,0.001632386549134835,1.0
XIV,Мочеполовая система,N71,5,63.2,0,Острая воспалительная болезнь матки,3063,0.001632386549134835,0.0
XIV,Мочеполовая система,N01,4,61.0,2,Быстропрогрессирующий нефритический синдром   ,3063,0.001305909239307868,0.5
XIV,Мочеполовая система,N04,4,71.0,3,Нефротический синдрок   ,3063,0.001305909239307868,0.75
XIV,Мочеполовая система,N14,4,64.75,3,Токсическая нефропатия   ,3063,0.001305909239307868,0.75
XIV,Мочеполовая система,N00,3,48.333333333333336,1,Острый нефритический синдром   ,3063,0.0009794319294809011,0.3333333333333333
XIV,Мочеполовая система,N35,3,77.33333333333333,3,Другая стриктура уретры,3063,0.0009794319294809011,1.0
XIV,Мочеполовая система,N39,3,80.33333333333333,1,Другие болезни мочевыводящей системы   ,3063,0.0009794319294809011,0.3333333333333333
XIV,Мочеполовая система,N48,3,68.33333333333333,3,Баланит   ,3063,0.0009794319294809011,1.0
XIV,Мочеполовая система,N61,3,69.33333333333333,0,Воспалительные болезни молочной железы   ,3063,0.0009794319294809011,0.0
XIV,Мочеполовая система,N73,2,68.5,0,Другие уточненные воспалительные болезни женских тазовых органов   ,3063,0.000652954619653934,0.0
XIV,Мочеполовая система,N80,2,42.5,0,Эндометриоз матки   ,3063,0.000652954619653934,0.0
XIV,Мочеполовая система,N83,2,41.5,0,Другие кисты яичника   ,3063,0.000652954619653934,0.0
XIV,Мочеполовая система,N25,1,82.0,0,Почечная остеодистрофия   ,3063,0.000326477309826967,0.0
XIV,Мочеполовая система,N32,1,72.0,1,Дивертикул мочевого пузыря,3063,0.000326477309826967,1.0
XIV,Мочеполовая система,N41,1,66.0,1,Абсцесс предстательной железы   ,3063,0.000326477309826967,1.0
XIV,Мочеполовая система,N45,1,57.0,1,Эпидидимит   ,3063,0.000326477309826967,1.0
XIX,Травмы и отравления,T06,1848,39.691017316017316,1691,Другие уточненные травмы с вовлечением нескольких областей тела,9054,0.20410868124585818,0.91504329004329
XIX,Травмы и отравления,T71,1205,43.7045643153527,1034,Асфиксия,9054,0.13309034680804063,0.8580912863070539
XIX,Травмы и отравления,T51,905,50.4707182320442,694,Токсическое действие этанола,9054,0.09995582063176496,0.7668508287292818
XIX,Травмы и отравления,S06,762,49.98950131233596,590,Травматическое субдуральное кровоизлияние,9054,0.08416169648774023,0.7742782152230971
XIX,Травмы и отравления,S02,390,45.73076923076923,343,Перелом основания черепа,9054,0.043074884029158385,0.8794871794871795
XIX,Травмы и отравления,T75,380,42.94195250659631,327,Утопление и несмертельное погружение в воду,9054,0.041970399823282524,0.8605263157894737
XIX,Травмы и отравления,T65,336,46.74404761904762,273,Токсическое действие неуточненного вещества,9054,0.03711066931742876,0.8125
XIX,Травмы и отравления,T17,335,57.364179104477614,244,Инородное тело в другом или нескольких отделах дыхательных путей,9054,0.03700022089684118,0.7283582089552239
XIX,Травмы и отравления,T68,302,54.009966777408636,236,Гипотермия,9054,0.03335542301745085,0.7814569536423841
XIX,Травмы и отравления,T58,285,49.319298245614036,217,Токсическое действие окиси углерода,9054,0.031477799867461895,0.7614035087719299
XIX,Травмы и отравления,T04,237,37.41772151898734,236,Другие сочетания размозжений нескольких областей тела,9054,0.026176275679257788,0.9957805907172996
XIX,Травмы и отравления,S27,193,41.604166666666664,178,Травма неуточненного органа грудной полости,9054,0.02131654517340402,0.9222797927461139
XIX,Травмы и отравления,T40,144,38.201388888888886,130,Отравление другими синтетическими наркотиками,9054,0.015904572564612324,0.9027777777777778
XIX,Травмы и отравления,T93,138,79.92028985507247,25,Последствия перелома бедра,9054,0.015241882041086813,0.18115942028985507
XIX,Травмы и отравления,S72,110,79.65454545454546,30,Перелом шейки бедра,9054,0.012149326264634415,0.2727272727272727
XIX,Травмы и отравления,S36,106,43.924528301886795,82,Травма печени или желчного пузыря,9054,0.011707532582284073,0.7735849056603774
XIX,Травмы и отравления,S26,77,43.077922077922075,71,Травма сердца с кровоизлиянием в сердечную сумку [гемоперикард],9054,0.008504528385244091,0.922077922077922
XIX,Травмы и отравления,S21,72,45.208333333333336,67,Открытая рана передней стенки грудной клетки,9054,0.007952286282306162,0.9305555555555556
XIX,Травмы и отравления,T29,71,51.71830985915493,59,Термические ожоги нескольких областей тела с указанием хотя бы на один ожог третьей степени,9054,0.007841837861718578,0.8309859154929577
XIX,Травмы и отравления,S07,68,38.86764705882353,66,Размозжение черепа,9054,0.007510492599955821,0.9705882352941176
XIX,Травмы и отравления,S22,68,59.5735294117647,48,Множественные переломы ребер,9054,0.007510492599955821,0.7058823529411765
XIX,Травмы и отравления,T07,67,40.343283582089555,52,Множественные травмы неуточненные,9054,0.007400044179368235,0.7761194029850746
XIX,Травмы и отравления,T02,48,48.125,36,"Другие сочетания переломов, захватывающих несколько областей тела",9054,0.005301524188204109,0.75
XIX,Травмы и отравления,T90,44,61.40909090909091,29,Последствия внутричерепной травмы,9054,0.0048597305058537665,0.6590909090909091
XIX,Травмы и отравления,T54,42,66.83333333333333,23,Токсическое действие едких кислот и кислотоподобных веществ,9054,0.004638833664678595,0.5476190476190477
XIX,Травмы и отравления,S25,40,43.35,31,Травма грудного отдела аорты,9054,0.004417936823503424,0.775
XIX,Травмы и отравления,T52,40,50.6,30,Токсическое действие кетонов,9054,0.004417936823503424,0.75
XIX,Травмы и отравления,S01,38,44.81578947368421,30,Открытая рана других областей головы,9054,0.004197039982328253,0.7894736842105263
XIX,Травмы и отравления,S29,37,48.24324324324324,31,Множественные травмы грудной клетки,9054,0.0040865915617406675,0.8378378378378378
XIX,Травмы и отравления,S15,33,41.81818181818182,31,Травма нескольких кровеносных сосудов на уровне шеи,9054,0.003644797879390325,0.9393939393939394
XIX,Травмы и отравления,T42,31,46.096774193548384,15,Отравление барбитуратами,9054,0.0034239010382151537,0.4838709677419355
XIX,Травмы и отравления,T59,31,42.58064516129032,24,"Токсическое действие газов, дымов и паров неуточненных",9054,0.0034239010382151537,0.7741935483870968
XIX,Травмы и отравления,S75,30,42.1,27,Травма нескольких кровеносных сосудов на уровне тазобедренного сустава и бедра,9054,0.0033134526176275677,0.9
XIX,Травмы и отравления,T13,29,38.172413793103445,29,Травма неуточненного кровеносного сосуда нижней конечности на неуточненном уровне,9054,0.003203004197039982,1.0
XIX,Травмы и отравления,S12,27,51.77777777777778,17,Перелом других уточненных шейных позвонков,9054,0.002982107355864811,0.6296296296296297
XIX,Травмы и отравления,T01,26,41.84615384615385,21,"Другие сочетания открытых ран, захватывающих несколько областей тела",9054,0.0028716589352772255,0.8076923076923077
XIX,Травмы и отравления,T81,26,62.88461538461539,10,"Случайный прокол или разрыв при выполнении процедуры, не классифицированный в других рубриках",9054,0.0028716589352772255,0.38461538461538464
XIX,Травмы и отравления,T69,23,57.391304347826086,16,Другие уточненные эффекты воздействия низкой температуры,9054,0.002540313673514469,0.6956521739130435
XIX,Травмы и отравления,T31,21,41.666666666666664,16,Термический ожог 90% поверхности тела или более,9054,0.0023194168323392977,0.7619047619047619
XIX,Травмы и отравления,T43,21,41.80952380952381,15,"Отравление психостимулирующими средствами, характеризующимися возможностью пристрастия к ним",9054,0.0023194168323392977,0.7142857142857143
XIX,Травмы и отравления,S35,20,43.75,14,Травма чревной или брыжеечной артерии,9054,0.002208968411751712,0.7
XIX,Травмы и отравления,S09,18,51.388888888888886,15,Множественные травмы головы,9054,0.0019880715705765406,0.8333333333333334
XIX,Травмы и отравления,S37,16,49.0625,12,Травма мочевого пузыря,9054,0.0017671747294013696,0.75
XIX,Травмы и отравления,S11,15,39.86666666666667,14,Открытая рана других частей шеи,9054,0.0016567263088137839,0.9333333333333333
XIX,Травмы и отравления,S42,15,71.26666666666667,7,Перелом верхнего конца плечевой кости,9054,0.0016567263088137839,0.4666666666666667
XIX,Травмы и отравления,S45,15,47.53333333333333,13,Травма плечевой артерии,9054,0.0016567263088137839,0.8666666666666667
XIX,Травмы и отравления,S55,15,48.93333333333333,15,Травма нескольких кровеносных сосудов на уровне предплечья,9054,0.0016567263088137839,1.0
XIX,Травмы и отравления,S14,14,44.857142857142854,12,Другие и неуточненные повреждения шейного отдела спинного мозга,9054,0.0015462778882261983,0.8571428571428571
XIX,Травмы и отравления,T34,14,60.142857142857146,13,Отморожение с некрозом тканей в области голеностопного сустава и стопы,9054,0.0015462778882261983,0.9285714285714286
XIX,Травмы и отравления,S31,13,41.92307692307692,13,Открытая рана брюшной стенки,9054,0.0014358294676386127,1.0
XIX,Травмы и отравления,T91,13,53.84615384615385,8,Последствия перелома позвоночника,9054,0.0014358294676386127,0.6153846153846154
XIX,Травмы и отравления,S82,12,57.0,9,Множественные переломы голени,9054,0.0013253810470510272,0.75
XIX,Травмы и отравления,S51,9,45.333333333333336,8,Открытая рана локтя,9054,0.0009940357852882703,0.8888888888888888
XIX,Травмы и отравления,T21,9,62.22222222222222,5,Термический ожог туловища второй степени,9054,0.0009940357852882703,0.5555555555555556
XIX,Травмы и отравления,T44,8,43.75,2,Отравление ингибиторами МАО   ,9054,0.0008835873647006848,0.25
XIX,Травмы и отравления,T46,8,62.875,1,Отравление блокаторами кальциевых каналов   ,9054,0.0008835873647006848,0.125
XIX,Травмы и отравления,S19,7,46.42857142857143,7,Другие уточненные травмы шеи,9054,0.0007731389441130992,1.0
XIX,Травмы и отравления,S32,7,59.714285714285715,5,Множественные переломы пояснично-крестцового отдела позвоночника и костей таза,9054,0.0007731389441130992,0.7142857142857143
XIX,Травмы и отравления,S71,7,42.42857142857143,6,Открытая рана бедра,9054,0.0007731389441130992,0.8571428571428571
XIX,Травмы и отравления,S85,7,45.285714285714285,5,Травма большой подкожной вены на уровне голени,9054,0.0007731389441130992,0.7142857142857143
XIX,Травмы и отравления,T35,7,62.285714285714285,5,Обморожения с некрозом тканей  затрагивающие грудную клетку  живот  таз и конечности,9054,0.0007731389441130992,0.7142857142857143
XIX,Травмы и отравления,T78,7,57.857142857142854,4,Ангионевротический отек,9054,0.0007731389441130992,0.5714285714285714
XIX,Травмы и отравления,T27,6,68.33333333333333,2,"Термический ожог гортани, трахеи и легкого",9054,0.0006626905235255136,0.3333333333333333
XIX,Травмы и отравления,S13,5,59.4,3,Травматический разрыв межпозвоночного диска на уровне шеи,9054,0.000552242102937928,0.6
XIX,Травмы и отравления,T39,5,45.0,2,Отравление другими нестероидными противовоспалительными средствами [NSAID],9054,0.000552242102937928,0.4
XIX,Травмы и отравления,S39,4,39.5,4,"Другие уточненные травмы живота, нижней части спины и таза",9054,0.0004417936823503424,1.0
XIX,Травмы и отравления,T50,4,44.25,2,Отравление неуточненными лекарствами   ,9054,0.0004417936823503424,0.5
XIX,Травмы и отравления,T67,4,43.25,3,Тепловой и солнечный удар,9054,0.0004417936823503424,0.75
XIX,Травмы и отравления,S20,3,69.33333333333333,2,Ушиб грудной клетки,9054,0.0003313452617627568,0.6666666666666666
XIX,Травмы и отравления,S24,3,66.66666666666667,3,Повреждение спинного мозга грудного отдела   ,9054,0.0003313452617627568,1.0
XIX,Травмы и отравления,T05,3,53.333333333333336,2,"Травматические ампутации, захватывающие другие области тела в разных комбинациях",9054,0.0003313452617627568,0.6666666666666666
XIX,Травмы и отравления,T20,3,54.0,3,Термический ожог головы и шеи второй степени,9054,0.0003313452617627568,1.0
XIX,Травмы и отравления,T48,3,44.0,1,Отравление миорелаксантами [блокаторами Н-холинорецепторов скелетных мышц],9054,0.0003313452617627568,0.3333333333333333
XIX,Травмы и отравления,T70,3,32.333333333333336,3,Эффекты воздействия давления воздуха и воды   ,9054,0.0003313452617627568,1.0
XIX,Травмы и отравления,T80,3,55.333333333333336,1,"Инфекции, связанные с инфузией, трансфузией и лечебной инъекцией",9054,0.0003313452617627568,0.3333333333333333
XIX,Травмы и отравления,T82,3,56.333333333333336,2,Осложнения других сердечно-сосудистых устройств   ,9054,0.0003313452617627568,0.6666666666666666
XIX,Травмы и отравления,T85,3,27.666666666666668,2,Осложнение от имплантатов   ,9054,0.0003313452617627568,0.6666666666666666
XIX,Травмы и отравления,T98,3,56.0,2,Последствия травм других уточненных областей тела   ,9054,0.0003313452617627568,0.6666666666666666
XIX,Травмы и отравления,S00,2,45.5,1,Множественные поверхностные травмы головы,9054,0.0002208968411751712,0.5
XIX,Травмы и отравления,S28,2,42.5,2,Травматическая ампутация части грудной клетки,9054,0.0002208968411751712,1.0
XIX,Травмы и отравления,S30,2,54.5,1,Ушиб стенки живота,9054,0.0002208968411751712,0.5
XIX,Травмы и отравления,S79,2,55.5,0,Другие уточненные травмы области тазобедренного сустава и бедра,9054,0.0002208968411751712,0.0
XIX,Травмы и отравления,S81,2,48.0,1,Открытая рана голени   ,9054,0.0002208968411751712,0.5
XIX,Травмы и отравления,S95,2,44.0,1,Травма дорсальной артерии стопы   ,9054,0.0002208968411751712,0.5
XIX,Травмы и отравления,S99,2,26.0,2,Другие уточненные травмы голеностопного сустава и стопы,9054,0.0002208968411751712,1.0
XIX,Травмы и отравления,T37,2,41.5,0,Отравление другими противомикробными средствами   ,9054,0.0002208968411751712,0.0
XIX,Травмы и отравления,T41,2,57.0,2,Отравление анестетиками   ,9054,0.0002208968411751712,1.0
XIX,Травмы и отравления,T45,2,31.0,1,Отравление препаратами  влияющими на метаболизм мочевой кислоты  ,9054,0.0002208968411751712,0.5
XIX,Травмы и отравления,T62,2,79.0,2,"Токсическое действие других ядовитых веществ, содержащихся в другом (их) съеденном (ых) растении (ях)",9054,0.0002208968411751712,1.0
XIX,Травмы и отравления,T79,2,59.0,2,Травматическая ишемия мышц   ,9054,0.0002208968411751712,1.0
XIX,Травмы и отравления,T88,2,73.0,1,Другие осложнения анестезии,9054,0.0002208968411751712,0.5
XIX,Травмы и отравления,T94,2,55.0,1,Последствия множественных травм   ,9054,0.0002208968411751712,0.5
XIX,Травмы и отравления,S05,1,37.0,1,Проникающая рана глазницы   ,9054,0.0001104484205875856,1.0
XIX,Травмы и отравления,S08,1,81.0,1,Травматическая ампутация других частей головы,9054,0.0001104484205875856,1.0
XIX,Травмы и отравления,S17,1,44.0,1,Размозжение гортани и трахеи,9054,0.0001104484205875856,1.0
XIX,Травмы и отравления,S23,1,32.0,1,Вывих шейного позвонка   ,9054,0.0001104484205875856,1.0
XIX,Травмы и отравления,S41,1,48.0,1,Открытая рана плеча   ,9054,0.0001104484205875856,1.0
XIX,Травмы и отравления,S48,1,39.0,1,Травматическая ампутация плечевого пояса и плеча на неуточненном уровне,9054,0.0001104484205875856,1.0
XIX,Травмы и отравления,S52,1,70.0,0,Сочетанный перелом нижних концов локтевой и лучевой костей,9054,0.0001104484205875856,0.0
XIX,Травмы и отравления,S61,1,40.0,0,Открытая рана кисти   ,9054,0.0001104484205875856,0.0
XIX,Травмы и отравления,S76,1,39.0,1,Травма нескольких мышц и сухожилий на уровне тазобедренного сустава и бедра,9054,0.0001104484205875856,1.0
XIX,Травмы и отравления,S77,1,41.0,1,Размозжение бедра,9054,0.0001104484205875856,1.0
XIX,Травмы и отравления,S78,1,63.0,1,Травматическая ампутация бедра   ,9054,0.0001104484205875856,1.0
XIX,Травмы и отравления,S86,1,28.0,1,Травма нескольких мышц и сухожилий на уровне голени,9054,0.0001104484205875856,1.0
XIX,Травмы и отравления,S87,1,36.0,1,Размозжение другой и неуточненной части голени,9054,0.0001104484205875856,1.0
XIX,Травмы и отравления,S92,1,53.0,1,Перелом пяточной кости,9054,0.0001104484205875856,1.0
XIX,Травмы и отравления,T00,1,38.0,0,Поверхностные травмы нескольких областей   ,9054,0.0001104484205875856,0.0
XIX,Травмы и отравления,T09,1,44.0,1,Травма спинного мозга на неуточненном уровне,9054,0.0001104484205875856,1.0
XIX,Травмы и отравления,T11,1,32.0,1,Неуточненная травма верхней конечности на неуточненном уровне,9054,0.0001104484205875856,1.0
XIX,Травмы и отравления,T18,1,56.0,1,Инородное тело в других отделах пищеварительного тракта   ,9054,0.0001104484205875856,1.0
XIX,Травмы и отравления,T25,1,67.0,0,Термический ожог третьей степени голеностопного сустава и стопы   ,9054,0.0001104484205875856,0.0
XIX,Травмы и отравления,T36,1,42.0,1,Отравление ампициллином   ,9054,0.0001104484205875856,1.0
XIX,Травмы и отравления,T38,1,37.0,0,Отравление инсулином   ,9054,0.0001104484205875856,0.0
XIX,Травмы и отравления,T53,1,32.0,1,Токсическое действие четыреххлористого углерода   ,9054,0.0001104484205875856,1.0
XIX,Травмы и отравления,T57,1,21.0,1,Токсическое действие других неорганических веществ   ,9054,0.0001104484205875856,1.0
XIX,Травмы и отравления,T63,1,63.0,1,Токсическое действие яда членистоногих   ,9054,0.0001104484205875856,1.0
XIX,Травмы и отравления,T84,1,85.0,1,Инфекция протеза сустава   ,9054,0.0001104484205875856,1.0
XIX,Травмы и отравления,T86,1,33.0,1,Отторжение трансплантата почки   ,9054,0.0001104484205875856,1.0
XV,Беременность и роды,O99,4,31.25,0,Другие болезни кровеносной системы   ,11,0.36363636363636365,0.0
XV,Беременность и роды,O00,1,35.0,0,Трубная беременность   ,11,0.09090909090909091,0.0
XV,Беременность и роды,O36,1,0.0,0,"Внутриутробная гибель плода, требующая предоставления медицинской помощи матери",11,0.09090909090909091,0.0
XV,Беременность и роды,O41,1,40.0,0,Инфекция амниотической полости и плодных оболочек,11,0.09090909090909091,0.0
XV,Беременность и роды,O45,1,31.0,0,Преждевременная отслойка плаценты неуточненная   ,11,0.09090909090909091,0.0
XV,Беременность и роды,O72,1,31.0,0,Кровотечение в третьем периоде родов   ,11,0.09090909090909091,0.0
XV,Беременность и роды,O74,1,29.0,0,Аспирационный пневмонит вследствие анестезии во время процесса родов и родоразрешения,11,0.09090909090909091,0.0
XV,Беременность и роды,O88,1,35.0,0,Тромбоэмболия околоплодными водами   ,11,0.09090909090909091,0.0
XVI,Перинатальные состояния,P20,55,0.0,20,"Внутриутробная гипоксия, впервые отмеченная до начала родов",170,0.3235294117647059,0.36363636363636365
XVI,Перинатальные состояния,P36,36,0.0,17,Бактериальный сепсис новорожденного неуточненный,170,0.21176470588235294,0.4722222222222222
XVI,Перинатальные состояния,P22,17,0.0,14,Синдром дыхательного расстройства у новорожденного,170,0.1,0.8235294117647058
XVI,Перинатальные состояния,P21,11,0.0,5,Тяжелая асфиксия при рождении,170,0.06470588235294118,0.45454545454545453
XVI,Перинатальные состояния,P52,9,0.0,6,Внутрижелудочковое (нетравматическое) кровоизлияние 3-ей и 4-ой степени у плода и новорожденного,170,0.052941176470588235,0.6666666666666666
XVI,Перинатальные состояния,P23,8,0.0,5,"Врожденная пневмония, вызванная другими возбудителями",170,0.047058823529411764,0.625
XVI,Перинатальные состояния,P77,6,0.0,4,Некротизирующий энтероколит у плода и новорожденного,170,0.03529411764705882,0.6666666666666666
XVI,Перинатальные состояния,P27,3,0.0,1,Бронхолегочная дисплазия   ,170,0.01764705882352941,0.3333333333333333
XVI,Перинатальные состояния,P39,3,0.0,2,"Внутриамниотическая инфекция плода, не классифицированная в других рубриках",170,0.01764705882352941,0.6666666666666666
XVI,Перинатальные состояния,P55,3,0.0,3,Резус-изоиммунизация плода и новорожденного,170,0.01764705882352941,1.0
XVI,Перинатальные состояния,P83,3,0.0,0,"Водянка плода, не связанная с гемолитической болезнью",170,0.01764705882352941,0.0
XVI,Перинатальные состояния,P02,2,0.0,0,"Поражения плода и новорожденного, обусловленные другими осложнениями, связанными с отделением плаценты и кровотечением",170,0.011764705882352941,0.0
XVI,Перинатальные состояния,P76,2,0.0,0,Другая кишечная непроходимость новорожденного   ,170,0.011764705882352941,0.0
XVI,Перинатальные состояния,P91,2,0.0,1,Гипоксически-ишемическая энцефалопатия новорожденного   ,170,0.011764705882352941,0.5
XVI,Перинатальные состояния,P07,1,0.0,0,Другие случаи недоношенности,170,0.0058823529411764705,0.0
XVI,Перинатальные состояния,P10,1,0.0,0,Субдуральное кровоизлияние при родовой травме   ,170,0.0058823529411764705,0.0
XVI,Перинатальные состояния,P11,1,0.0,1,Родовая травма головного мозга   ,170,0.0058823529411764705,1.0
XVI,Перинатальные состояния,P15,1,0.0,1,Повреждение печени при родовой травме,170,0.0058823529411764705,1.0
XVI,Перинатальные состояния,P28,1,0.0,1,Первичный ателектаз у новорожденного,170,0.0058823529411764705,1.0
XVI,Перинатальные состояния,P35,1,0.0,1,Врожденная цитомегаловирусная инфекция   ,170,0.0058823529411764705,1.0
XVI,Перинатальные состояния,P53,1,0.0,0,Геморрагическая болезнь плода и новорожденного   ,170,0.0058823529411764705,0.0
XVI,Перинатальные состояния,P56,1,0.0,1,"Водянка плода, обусловленная изоиммунизацией",170,0.0058823529411764705,1.0
XVI,Перинатальные состояния,P57,1,0.0,1,Ядерная желтуха   ,170,0.0058823529411764705,1.0
XVI,Перинатальные состояния,P95,1,0.0,0,Смерть плода по неуточненной причине,170,0.0058823529411764705,0.0
XVII,Врожденные аномалии,Q61,16,59.5,9,Поликистоз почки аутосомно-доминантный,100,0.16,0.5625
XVII,Врожденные аномалии,Q89,13,0.46153846153846156,6,"Множественные врожденные аномалии, не классифицированные в других рубриках",100,0.13,0.46153846153846156
XVII,Врожденные аномалии,Q21,12,29.333333333333332,5,Дефект межжелудочковой перегородки,100,0.12,0.4166666666666667
XVII,Врожденные аномалии,Q23,9,21.555555555555557,7,Врожденная недостаточность аортального клапана,100,0.09,0.7777777777777778
XVII,Врожденные аномалии,Q03,8,10.875,3,Атрезия отверстий Мажанди и Лушки,100,0.08,0.375
XVII,Врожденные аномалии,Q43,6,35.333333333333336,5,Другие уточненные врожденные аномалии кишечника,100,0.06,0.8333333333333334
XVII,Врожденные аномалии,Q24,5,30.2,3,Другие уточненные врожденные аномалии сердца,100,0.05,0.6
XVII,Врожденные аномалии,Q04,4,17.5,4,Другие уточненные врожденные аномалии мозга,100,0.04,1.0
XVII,Врожденные аномалии,Q25,4,11.75,2,Другие врожденные аномалии крупных артерий   ,100,0.04,0.5
XVII,Врожденные аномалии,Q44,3,27.0,1,Атрезия желчных протоков   ,100,0.03,0.3333333333333333
XVII,Врожденные аномалии,Q60,3,43.0,2,Агенезия почки двусторонняя   ,100,0.03,0.6666666666666666
XVII,Врожденные аномалии,Q78,2,40.5,1,Другие остеохондродисплазии   ,100,0.02,0.5
XVII,Врожденные аномалии,Q87,2,66.5,1,Синдром Марфана   ,100,0.02,0.5
XVII,Врожденные аномалии,Q00,1,0.0,0,Анэнцефалия   ,100,0.01,0.0
XVII,Врожденные аномалии,Q22,1,69.0,0,Врожденный стеноз трехстворчатого клапана   ,100,0.01,0.0
XVII,Врожденные аномалии,Q26,1,0.0,1,Тотальная аномалия соединения легочных вен,100,0.01,1.0
XVII,Врожденные аномалии,Q27,1,72.0,0,Другие врожденные аномалии периферической сосудистой системы   ,100,0.01,0.0
XVII,Врожденные аномалии,Q28,1,60.0,1,Артериовенозный порок развития церебральных сосудов,100,0.01,1.0
XVII,Врожденные аномалии,Q32,1,16.0,1,Врожденные кисты и фиброз легкого   ,100,0.01,1.0
XVII,Врожденные аномалии,Q33,1,0.0,1,Другие врожденные аномалии легкого   ,100,0.01,1.0
XVII,Врожденные аномалии,Q39,1,0.0,1,Атрезия пищевода   ,100,0.01,1.0
XVII,Врожденные аномалии,Q45,1,28.0,0,Агенезия поджелудочной железы   ,100,0.01,0.0
XVII,Врожденные аномалии,Q67,1,46.0,0,Другие врожденные деформации костно-мышечной системы   ,100,0.01,0.0
XVII,Врожденные аномалии,Q79,1,0.0,1,Врожденная диафрагмальная грыжа   ,100,0.01,1.0
XVII,Врожденные аномалии,Q82,1,53.0,0,Врожденный невус   ,100,0.01,0.0
XVII,Врожденные аномалии,Q85,1,37.0,0,Нейрофиброматоз (незлокачественный),100,0.01,0.0
XVIII,Симптомы и неточные причины,R99,1786,57.779213483146066,1353,Другие неточно обозначенные и неуточненные причины смерти,1852,0.9643628509719222,0.7575587905935051
XVIII,Симптомы и неточные причины,R54,49,89.6938775510204,7,Старческая астения   ,1852,0.026457883369330453,0.14285714285714285
XVIII,Симптомы и неточные причины,R95,13,0.0,7,Синдром внезапной детской смерти   ,1852,0.007019438444924406,0.5384615384615384
XVIII,Симптомы и неточные причины,R96,4,37.5,4,"Смерть, наступившая менее чем через 24 часа с момента появления симптомов, не имеющая другого объяснения",1852,0.0021598272138228943,1.0
XXII,Специальные коды,U07,803,71.8318804483188,337,"COVID-19, вирус идентифицирован",803,1.0,0.41967621419676215
