year,icd_class,icd_class_short,icd3,deaths
2016,II,Новообразования,C00,2
2016,II,Новообразования,C01,5
2016,II,Новообразования,C02,8
2016,II,Новообразования,C03,1
2016,II,Новообразования,C04,9
2016,II,Новообразования,C06,1
2016,II,Новообразования,C07,2
2016,II,Новообразования,C08,3
2016,II,Новообразования,C10,11
2016,II,Новообразования,C13,5
2016,II,Новообразования,C14,2
2016,II,Новообразования,C15,44
2016,II,Новообразования,C16,115
2016,II,Новообразования,C17,5
2016,II,Новообразования,C18,77
2016,II,Новообразования,C19,5
2016,II,Новообразования,C20,20
2016,II,Новообразования,C21,4
2016,II,Новообразования,C22,63
2016,II,Новообразования,C23,3
2016,II,Новообразования,C24,7
2016,II,Новообразования,C25,82
2016,II,Новообразования,C26,1
2016,II,Новообразования,C31,3
2016,II,Новообразования,C32,29
2016,II,Новообразования,C33,2
2016,II,Новообразования,C34,239
2016,II,Новообразования,C38,5
2016,II,Новообразования,C39,1
2016,II,Новообразования,C40,4
2016,II,Новообразования,C41,6
2016,II,Новообразования,C43,15
2016,II,Новообразования,C44,6
2016,II,Новообразования,C45,6
2016,II,Новообразования,C48,8
2016,II,Новообразования,C49,2
2016,II,Новообразования,C50,71
2016,II,Новообразования,C53,24
2016,II,Новообразования,C54,21
2016,II,Новообразования,C56,24
2016,II,Новообразования,C57,1
2016,II,Новообразования,C61,36
2016,II,Новообразования,C62,1
2016,II,Новообразования,C64,29
2016,II,Новообразования,C66,1
2016,II,Новообразования,C67,37
2016,II,Новообразования,C69,1
2016,II,Новообразования,C70,3
2016,II,Новообразования,C71,17
2016,II,Новообразования,C72,1
2016,II,Новообразования,C73,2
2016,II,Новообразования,C74,3
2016,II,Новообразования,C76,2
2016,II,Новообразования,C77,2
2016,II,Новообразования,C80,8
2016,II,Новообразования,C82,1
2016,II,Новообразования,C83,9
2016,II,Новообразования,C84,1
2016,II,Новообразования,C85,5
2016,II,Новообразования,C90,11
2016,II,Новообразования,C91,3
2016,II,Новообразования,C92,5
2016,II,Новообразования,C94,2
2016,II,Новообразования,C95,4
2016,II,Новообразования,C97,6
2016,II,Новообразования,D13,3
2016,II,Новообразования,D16,1
2016,II,Новообразования,D25,1
2016,II,Новообразования,D27,1
2016,II,Новообразования,D32,4
2016,II,Новообразования,D33,1
2016,II,Новообразования,D35,1
2016,II,Новообразования,D39,1
2016,II,Новообразования,D42,1
2016,II,Новообразования,D43,3
2016,II,Новообразования,D45,1
2016,II,Новообразования,D46,4
2016,II,Новообразования,D47,1
2016,IV,Эндокринные и обмен,E04,1
2016,IV,Эндокринные и обмен,E10,10
2016,IV,Эндокринные и обмен,E11,68
2016,IV,Эндокринные и обмен,E51,2
2016,IV,Эндокринные и обмен,E66,1
2016,IV,Эндокринные и обмен,E68,1
2016,IV,Эндокринные и обмен,E76,1
2016,IV,Эндокринные и обмен,E85,1
2016,IX,Кровообращение,I05,2
2016,IX,Кровообращение,I08,3
2016,IX,Кровообращение,I11,25
2016,IX,Кровообращение,I12,1
2016,IX,Кровообращение,I13,12
2016,IX,Кровообращение,I21,252
2016,IX,Кровообращение,I22,84
2016,IX,Кровообращение,I24,319
2016,IX,Кровообращение,I25,1053
2016,IX,Кровообращение,I26,4
2016,IX,Кровообращение,I27,1
2016,IX,Кровообращение,I28,1
2016,IX,Кровообращение,I30,5
2016,IX,Кровообращение,I33,10
2016,IX,Кровообращение,I35,8
2016,IX,Кровообращение,I40,2
2016,IX,Кровообращение,I42,165
2016,IX,Кровообращение,I44,1
2016,IX,Кровообращение,I48,1
2016,IX,Кровообращение,I51,9
2016,IX,Кровообращение,I60,35
2016,IX,Кровообращение,I61,177
2016,IX,Кровообращение,I62,11
2016,IX,Кровообращение,I63,357
2016,IX,Кровообращение,I64,6
2016,IX,Кровообращение,I66,3
2016,IX,Кровообращение,I67,140
2016,IX,Кровообращение,I69,52
2016,IX,Кровообращение,I70,55
2016,IX,Кровообращение,I71,32
2016,IX,Кровообращение,I74,4
2016,IX,Кровообращение,I80,34
2016,IX,Кровообращение,I82,1
2016,IX,Кровообращение,I83,3
2016,IX,Кровообращение,I85,1
2016,X,Дыхание,J09,5
2016,X,Дыхание,J10,2
2016,X,Дыхание,J12,3
2016,X,Дыхание,J15,5
2016,X,Дыхание,J18,315
2016,X,Дыхание,J39,1
2016,X,Дыхание,J44,76
2016,X,Дыхание,J45,3
2016,X,Дыхание,J84,4
2016,X,Дыхание,J85,28
2016,X,Дыхание,J86,3
2016,X,Дыхание,J94,1
2016,X,Дыхание,J98,1
2016,XI,Пищеварение,K12,2
2016,XI,Пищеварение,K13,1
2016,XI,Пищеварение,K22,9
2016,XI,Пищеварение,K25,25
2016,XI,Пищеварение,K26,16
2016,XI,Пищеварение,K29,6
2016,XI,Пищеварение,K42,2
2016,XI,Пищеварение,K43,2
2016,XI,Пищеварение,K44,2
2016,XI,Пищеварение,K45,1
2016,XI,Пищеварение,K50,2
2016,XI,Пищеварение,K51,4
2016,XI,Пищеварение,K55,52
2016,XI,Пищеварение,K56,12
2016,XI,Пищеварение,K57,2
2016,XI,Пищеварение,K61,1
2016,XI,Пищеварение,K63,1
2016,XI,Пищеварение,K65,3
2016,XI,Пищеварение,K70,33
2016,XI,Пищеварение,K71,10
2016,XI,Пищеварение,K72,1
2016,XI,Пищеварение,K73,2
2016,XI,Пищеварение,K74,198
2016,XI,Пищеварение,K75,2
2016,XI,Пищеварение,K76,109
2016,XI,Пищеварение,K80,9
2016,XI,Пищеварение,K81,4
2016,XI,Пищеварение,K83,3
2016,XI,Пищеварение,K85,46
2016,XI,Пищеварение,K86,16
2016,XI,Пищеварение,K92,1
2016,XIX,Травмы и отравления,S01,2
2016,XIX,Травмы и отравления,S02,66
2016,XIX,Травмы и отравления,S06,58
2016,XIX,Травмы и отравления,S07,2
2016,XIX,Травмы и отравления,S09,4
2016,XIX,Травмы и отравления,S12,3
2016,XIX,Травмы и отравления,S13,2
2016,XIX,Травмы и отравления,S14,4
2016,XIX,Травмы и отравления,S15,8
2016,XIX,Травмы и отравления,S21,5
2016,XIX,Травмы и отравления,S22,7
2016,XIX,Травмы и отравления,S25,9
2016,XIX,Травмы и отравления,S26,15
2016,XIX,Травмы и отравления,S27,16
2016,XIX,Травмы и отравления,S29,5
2016,XIX,Травмы и отравления,S31,2
2016,XIX,Травмы и отравления,S35,3
2016,XIX,Травмы и отравления,S36,9
2016,XIX,Травмы и отравления,S37,1
2016,XIX,Травмы и отравления,S45,2
2016,XIX,Травмы и отравления,S55,1
2016,XIX,Травмы и отравления,S72,7
2016,XIX,Травмы и отравления,S75,2
2016,XIX,Травмы и отравления,T01,6
2016,XIX,Травмы и отравления,T02,2
2016,XIX,Травмы и отравления,T05,1
2016,XIX,Травмы и отравления,T06,76
2016,XIX,Травмы и отравления,T17,34
2016,XIX,Травмы и отравления,T29,11
2016,XIX,Травмы и отравления,T35,3
2016,XIX,Травмы и отравления,T40,7
2016,XIX,Травмы и отравления,T42,9
2016,XIX,Травмы и отравления,T45,1
2016,XIX,Травмы и отравления,T46,1
2016,XIX,Травмы и отравления,T48,1
2016,XIX,Травмы и отравления,T50,1
2016,XIX,Травмы и отравления,T51,95
2016,XIX,Травмы и отравления,T52,1
2016,XIX,Травмы и отравления,T54,7
2016,XIX,Травмы и отравления,T58,42
2016,XIX,Травмы и отравления,T59,4
2016,XIX,Травмы и отравления,T65,31
2016,XIX,Травмы и отравления,T68,34
2016,XIX,Травмы и отравления,T70,2
2016,XIX,Травмы и отравления,T71,139
2016,XIX,Травмы и отравления,T75,42
2016,XIX,Травмы и отравления,T81,1
2016,XIX,Травмы и отравления,T90,2
2016,XIX,Травмы и отравления,T98,1
2017,II,Новообразования,C00,3
2017,II,Новообразования,C01,4
2017,II,Новообразования,C02,3
2017,II,Новообразования,C03,2
2017,II,Новообразования,C04,8
2017,II,Новообразования,C10,15
2017,II,Новообразования,C12,1
2017,II,Новообразования,C13,4
2017,II,Новообразования,C14,5
2017,II,Новообразования,C15,49
2017,II,Новообразования,C16,123
2017,II,Новообразования,C17,5
2017,II,Новообразования,C18,74
2017,II,Новообразования,C19,10
2017,II,Новообразования,C20,25
2017,II,Новообразования,C21,4
2017,II,Новообразования,C22,62
2017,II,Новообразования,C23,4
2017,II,Новообразования,C24,6
2017,II,Новообразования,C25,66
2017,II,Новообразования,C26,2
2017,II,Новообразования,C31,1
2017,II,Новообразования,C32,22
2017,II,Новообразования,C34,208
2017,II,Новообразования,C38,2
2017,II,Новообразования,C40,1
2017,II,Новообразования,C41,1
2017,II,Новообразования,C43,11
2017,II,Новообразования,C44,4
2017,II,Новообразования,C45,9
2017,II,Новообразования,C47,1
2017,II,Новообразования,C48,8
2017,II,Новообразования,C49,4
2017,II,Новообразования,C50,71
2017,II,Новообразования,C51,3
2017,II,Новообразования,C52,2
2017,II,Новообразования,C53,28
2017,II,Новообразования,C54,21
2017,II,Новообразования,C56,33
2017,II,Новообразования,C57,3
2017,II,Новообразования,C60,2
2017,II,Новообразования,C61,40
2017,II,Новообразования,C62,1
2017,II,Новообразования,C63,1
2017,II,Новообразования,C64,42
2017,II,Новообразования,C66,1
2017,II,Новообразования,C67,25
2017,II,Новообразования,C68,2
2017,II,Новообразования,C69,1
2017,II,Новообразования,C71,23
2017,II,Новообразования,C72,1
2017,II,Новообразования,C73,2
2017,II,Новообразования,C74,3
2017,II,Новообразования,C75,1
2017,II,Новообразования,C76,2
2017,II,Новообразования,C77,1
2017,II,Новообразования,C78,1
2017,II,Новообразования,C80,6
2017,II,Новообразования,C81,2
2017,II,Новообразования,C83,6
2017,II,Новообразования,C84,3
2017,II,Новообразования,C85,3
2017,II,Новообразования,C90,5
2017,II,Новообразования,C91,14
2017,II,Новообразования,C92,13
2017,II,Новообразования,C93,1
2017,II,Новообразования,C94,2
2017,II,Новообразования,C95,1
2017,II,Новообразования,C96,1
2017,II,Новообразования,C97,15
2017,II,Новообразования,D15,1
2017,II,Новообразования,D25,1
2017,II,Новообразования,D32,4
2017,II,Новообразования,D33,3
2017,II,Новообразования,D37,2
2017,II,Новообразования,D39,1
2017,II,Новообразования,D41,2
2017,II,Новообразования,D42,3
2017,II,Новообразования,D43,5
2017,II,Новообразования,D46,2
2017,II,Новообразования,D47,1
2017,II,Новообразования,D48,2
2017,IV,Эндокринные и обмен,E05,4
2017,IV,Эндокринные и обмен,E10,16
2017,IV,Эндокринные и обмен,E11,209
2017,IV,Эндокринные и обмен,E13,3
2017,IV,Эндокринные и обмен,E14,1
2017,IV,Эндокринные и обмен,E43,5
2017,IV,Эндокринные и обмен,E44,1
2017,IV,Эндокринные и обмен,E66,2
2017,IV,Эндокринные и обмен,E68,1
2017,IV,Эндокринные и обмен,E84,1
2017,IV,Эндокринные и обмен,E85,1
2017,IX,Кровообращение,I05,3
2017,IX,Кровообращение,I06,2
2017,IX,Кровообращение,I08,3
2017,IX,Кровообращение,I11,8
2017,IX,Кровообращение,I12,1
2017,IX,Кровообращение,I13,3
2017,IX,Кровообращение,I21,190
2017,IX,Кровообращение,I22,55
2017,IX,Кровообращение,I24,42
2017,IX,Кровообращение,I25,356
2017,IX,Кровообращение,I26,2
2017,IX,Кровообращение,I27,1
2017,IX,Кровообращение,I28,2
2017,IX,Кровообращение,I31,3
2017,IX,Кровообращение,I34,11
2017,IX,Кровообращение,I35,14
2017,IX,Кровообращение,I38,1
2017,IX,Кровообращение,I40,1
2017,IX,Кровообращение,I42,55
2017,IX,Кровообращение,I46,26
2017,IX,Кровообращение,I48,1
2017,IX,Кровообращение,I51,8
2017,IX,Кровообращение,I60,38
2017,IX,Кровообращение,I61,132
2017,IX,Кровообращение,I62,13
2017,IX,Кровообращение,I63,284
2017,IX,Кровообращение,I67,30
2017,IX,Кровообращение,I69,92
2017,IX,Кровообращение,I70,62
2017,IX,Кровообращение,I71,21
2017,IX,Кровообращение,I72,2
2017,IX,Кровообращение,I74,7
2017,IX,Кровообращение,I80,73
2017,IX,Кровообращение,I82,3
2017,IX,Кровообращение,I83,3
2017,IX,Кровообращение,I85,1
2017,X,Дыхание,J18,99
2017,X,Дыхание,J43,1
2017,X,Дыхание,J44,105
2017,X,Дыхание,J45,4
2017,X,Дыхание,J84,2
2017,X,Дыхание,J85,15
2017,X,Дыхание,J86,3
2017,X,Дыхание,J98,2
2017,XI,Пищеварение,K12,1
2017,XI,Пищеварение,K22,7
2017,XI,Пищеварение,K25,28
2017,XI,Пищеварение,K26,16
2017,XI,Пищеварение,K28,1
2017,XI,Пищеварение,K29,11
2017,XI,Пищеварение,K35,2
2017,XI,Пищеварение,K40,1
2017,XI,Пищеварение,K41,2
2017,XI,Пищеварение,K42,2
2017,XI,Пищеварение,K43,7
2017,XI,Пищеварение,K45,1
2017,XI,Пищеварение,K50,3
2017,XI,Пищеварение,K51,6
2017,XI,Пищеварение,K55,82
2017,XI,Пищеварение,K56,12
2017,XI,Пищеварение,K57,5
2017,XI,Пищеварение,K61,2
2017,XI,Пищеварение,K63,2
2017,XI,Пищеварение,K66,2
2017,XI,Пищеварение,K70,38
2017,XI,Пищеварение,K71,16
2017,XI,Пищеварение,K74,152
2017,XI,Пищеварение,K75,1
2017,XI,Пищеварение,K76,116
2017,XI,Пищеварение,K80,12
2017,XI,Пищеварение,K81,6
2017,XI,Пищеварение,K83,2
2017,XI,Пищеварение,K85,79
2017,XI,Пищеварение,K86,21
2017,XI,Пищеварение,K92,1
2017,XIX,Травмы и отравления,S01,1
2017,XIX,Травмы и отравления,S02,47
2017,XIX,Травмы и отравления,S06,61
2017,XIX,Травмы и отравления,S07,4
2017,XIX,Травмы и отравления,S12,3
2017,XIX,Травмы и отравления,S14,3
2017,XIX,Травмы и отравления,S15,4
2017,XIX,Травмы и отравления,S20,1
2017,XIX,Травмы и отравления,S21,11
2017,XIX,Травмы и отравления,S22,7
2017,XIX,Травмы и отравления,S25,3
2017,XIX,Травмы и отравления,S26,11
2017,XIX,Травмы и отравления,S27,13
2017,XIX,Травмы и отравления,S29,3
2017,XIX,Травмы и отравления,S31,1
2017,XIX,Травмы и отравления,S32,1
2017,XIX,Травмы и отравления,S35,3
2017,XIX,Травмы и отравления,S36,12
2017,XIX,Травмы и отравления,S39,1
2017,XIX,Травмы и отравления,S42,3
2017,XIX,Травмы и отравления,S51,1
2017,XIX,Травмы и отравления,S55,2
2017,XIX,Травмы и отравления,S71,1
2017,XIX,Травмы и отравления,S72,12
2017,XIX,Травмы и отравления,S75,1
2017,XIX,Травмы и отравления,S81,1
2017,XIX,Травмы и отравления,S82,1
2017,XIX,Травмы и отравления,T01,1
2017,XIX,Травмы и отравления,T02,7
2017,XIX,Травмы и отравления,T06,72
2017,XIX,Травмы и отравления,T17,28
2017,XIX,Травмы и отравления,T18,1
2017,XIX,Травмы и отравления,T21,1
2017,XIX,Травмы и отравления,T27,1
2017,XIX,Травмы и отравления,T29,13
2017,XIX,Травмы и отравления,T31,1
2017,XIX,Травмы и отравления,T34,2
2017,XIX,Травмы и отравления,T37,1
2017,XIX,Травмы и отравления,T38,1
2017,XIX,Травмы и отравления,T40,9
2017,XIX,Травмы и отравления,T42,2
2017,XIX,Травмы и отравления,T43,3
2017,XIX,Травмы и отравления,T46,2
2017,XIX,Травмы и отравления,T50,1
2017,XIX,Травмы и отравления,T51,83
2017,XIX,Травмы и отравления,T54,5
2017,XIX,Травмы и отравления,T57,1
2017,XIX,Травмы и отравления,T58,36
2017,XIX,Травмы и отравления,T59,2
2017,XIX,Травмы и отравления,T62,1
2017,XIX,Травмы и отравления,T65,27
2017,XIX,Травмы и отравления,T68,46
2017,XIX,Травмы и отравления,T69,3
2017,XIX,Травмы и отравления,T70,1
2017,XIX,Травмы и отравления,T71,161
2017,XIX,Травмы и отравления,T75,44
2017,XIX,Травмы и отравления,T78,1
2017,XIX,Травмы и отравления,T79,1
2017,XIX,Травмы и отравления,T80,1
2017,XIX,Травмы и отравления,T81,2
2017,XIX,Травмы и отравления,T82,2
2017,XIX,Травмы и отравления,T85,1
2017,XIX,Травмы и отравления,T86,1
2017,XIX,Травмы и отравления,T90,2
2017,XIX,Травмы и отравления,T91,2
2018,II,Новообразования,C02,9
2018,II,Новообразования,C03,4
2018,II,Новообразования,C04,8
2018,II,Новообразования,C05,2
2018,II,Новообразования,C06,1
2018,II,Новообразования,C07,3
2018,II,Новообразования,C08,1
2018,II,Новообразования,C09,2
2018,II,Новообразования,C10,11
2018,II,Новообразования,C13,14
2018,II,Новообразования,C15,40
2018,II,Новообразования,C16,116
2018,II,Новообразования,C17,1
2018,II,Новообразования,C18,68
2018,II,Новообразования,C19,14
2018,II,Новообразования,C20,25
2018,II,Новообразования,C21,15
2018,II,Новообразования,C22,54
2018,II,Новообразования,C23,3
2018,II,Новообразования,C24,4
2018,II,Новообразования,C25,70
2018,II,Новообразования,C30,2
2018,II,Новообразования,C31,1
2018,II,Новообразования,C32,18
2018,II,Новообразования,C34,283
2018,II,Новообразования,C37,1
2018,II,Новообразования,C38,1
2018,II,Новообразования,C40,1
2018,II,Новообразования,C41,2
2018,II,Новообразования,C43,15
2018,II,Новообразования,C44,9
2018,II,Новообразования,C45,1
2018,II,Новообразования,C48,6
2018,II,Новообразования,C49,12
2018,II,Новообразования,C50,57
2018,II,Новообразования,C51,3
2018,II,Новообразования,C53,23
2018,II,Новообразования,C54,15
2018,II,Новообразования,C56,37
2018,II,Новообразования,C57,3
2018,II,Новообразования,C60,1
2018,II,Новообразования,C61,39
2018,II,Новообразования,C62,4
2018,II,Новообразования,C63,1
2018,II,Новообразования,C64,25
2018,II,Новообразования,C65,2
2018,II,Новообразования,C66,2
2018,II,Новообразования,C67,27
2018,II,Новообразования,C68,1
2018,II,Новообразования,C69,1
2018,II,Новообразования,C71,22
2018,II,Новообразования,C72,1
2018,II,Новообразования,C73,1
2018,II,Новообразования,C74,3
2018,II,Новообразования,C75,1
2018,II,Новообразования,C76,1
2018,II,Новообразования,C77,2
2018,II,Новообразования,C80,3
2018,II,Новообразования,C81,2
2018,II,Новообразования,C82,3
2018,II,Новообразования,C83,9
2018,II,Новообразования,C85,4
2018,II,Новообразования,C88,1
2018,II,Новообразования,C90,8
2018,II,Новообразования,C91,5
2018,II,Новообразования,C92,6
2018,II,Новообразования,C93,2
2018,II,Новообразования,C94,3
2018,II,Новообразования,C97,25
2018,II,Новообразования,D18,1
2018,II,Новообразования,D25,1
2018,II,Новообразования,D32,3
2018,II,Новообразования,D33,2
2018,II,Новообразования,D37,1
2018,II,Новообразования,D38,1
2018,II,Новообразования,D39,1
2018,II,Новообразования,D43,7
2018,II,Новообразования,D44,2
2018,II,Новообразования,D45,3
2018,II,Новообразования,D46,1
2018,II,Новообразования,D47,1
2018,II,Новообразования,D48,1
2018,IV,Эндокринные и обмен,E05,1
2018,IV,Эндокринные и обмен,E10,25
2018,IV,Эндокринные и обмен,E11,203
2018,IV,Эндокринные и обмен,E51,2
2018,IV,Эндокринные и обмен,E66,5
2018,IX,Кровообращение,I05,1
2018,IX,Кровообращение,I08,1
2018,IX,Кровообращение,I11,11
2018,IX,Кровообращение,I12,1
2018,IX,Кровообращение,I13,2
2018,IX,Кровообращение,I21,201
2018,IX,Кровообращение,I22,80
2018,IX,Кровообращение,I24,1
2018,IX,Кровообращение,I25,431
2018,IX,Кровообращение,I26,1
2018,IX,Кровообращение,I30,3
2018,IX,Кровообращение,I31,1
2018,IX,Кровообращение,I33,10
2018,IX,Кровообращение,I34,13
2018,IX,Кровообращение,I35,48
2018,IX,Кровообращение,I40,4
2018,IX,Кровообращение,I42,69
2018,IX,Кровообращение,I44,1
2018,IX,Кровообращение,I46,95
2018,IX,Кровообращение,I49,1
2018,IX,Кровообращение,I51,14
2018,IX,Кровообращение,I60,30
2018,IX,Кровообращение,I61,150
2018,IX,Кровообращение,I62,5
2018,IX,Кровообращение,I63,275
2018,IX,Кровообращение,I67,9
2018,IX,Кровообращение,I69,114
2018,IX,Кровообращение,I70,81
2018,IX,Кровообращение,I71,48
2018,IX,Кровообращение,I74,6
2018,IX,Кровообращение,I80,109
2018,IX,Кровообращение,I82,6
2018,IX,Кровообращение,I83,5
2018,X,Дыхание,J15,3
2018,X,Дыхание,J18,108
2018,X,Дыхание,J38,1
2018,X,Дыхание,J43,1
2018,X,Дыхание,J44,125
2018,X,Дыхание,J45,2
2018,X,Дыхание,J47,1
2018,X,Дыхание,J69,1
2018,X,Дыхание,J84,5
2018,X,Дыхание,J85,21
2018,X,Дыхание,J86,2
2018,X,Дыхание,J93,1
2018,XI,Пищеварение,K11,1
2018,XI,Пищеварение,K12,1
2018,XI,Пищеварение,K20,1
2018,XI,Пищеварение,K21,1
2018,XI,Пищеварение,K22,11
2018,XI,Пищеварение,K25,34
2018,XI,Пищеварение,K26,20
2018,XI,Пищеварение,K29,4
2018,XI,Пищеварение,K35,1
2018,XI,Пищеварение,K40,2
2018,XI,Пищеварение,K42,1
2018,XI,Пищеварение,K43,8
2018,XI,Пищеварение,K44,1
2018,XI,Пищеварение,K50,3
2018,XI,Пищеварение,K51,5
2018,XI,Пищеварение,K55,98
2018,XI,Пищеварение,K56,16
2018,XI,Пищеварение,K57,5
2018,XI,Пищеварение,K61,1
2018,XI,Пищеварение,K63,4
2018,XI,Пищеварение,K66,1
2018,XI,Пищеварение,K70,40
2018,XI,Пищеварение,K71,20
2018,XI,Пищеварение,K74,189
2018,XI,Пищеварение,K76,13
2018,XI,Пищеварение,K80,13
2018,XI,Пищеварение,K81,3
2018,XI,Пищеварение,K82,2
2018,XI,Пищеварение,K83,2
2018,XI,Пищеварение,K85,79
2018,XI,Пищеварение,K86,20
2018,XIX,Травмы и отравления,S01,3
2018,XIX,Травмы и отравления,S02,58
2018,XIX,Травмы и отравления,S06,55
2018,XIX,Травмы и отравления,S07,3
2018,XIX,Травмы и отравления,S11,2
2018,XIX,Травмы и отравления,S12,1
2018,XIX,Травмы и отравления,S14,2
2018,XIX,Травмы и отравления,S15,8
2018,XIX,Травмы и отравления,S19,2
2018,XIX,Травмы и отравления,S21,5
2018,XIX,Травмы и отравления,S22,6
2018,XIX,Травмы и отравления,S23,1
2018,XIX,Травмы и отравления,S24,1
2018,XIX,Травмы и отравления,S25,9
2018,XIX,Травмы и отравления,S26,7
2018,XIX,Травмы и отравления,S27,6
2018,XIX,Травмы и отравления,S29,1
2018,XIX,Травмы и отравления,S31,1
2018,XIX,Травмы и отравления,S32,1
2018,XIX,Травмы и отравления,S35,1
2018,XIX,Травмы и отравления,S36,16
2018,XIX,Травмы и отравления,S37,4
2018,XIX,Травмы и отравления,S51,2
2018,XIX,Травмы и отравления,S55,3
2018,XIX,Травмы и отравления,S61,1
2018,XIX,Травмы и отравления,S72,17
2018,XIX,Травмы и отравления,S75,2
2018,XIX,Травмы и отравления,S79,1
2018,XIX,Травмы и отравления,S82,3
2018,XIX,Травмы и отравления,S85,1
2018,XIX,Травмы и отравления,S95,1
2018,XIX,Травмы и отравления,T01,4
2018,XIX,Травмы и отравления,T02,8
2018,XIX,Травмы и отравления,T05,1
2018,XIX,Травмы и отравления,T06,78
2018,XIX,Травмы и отравления,T17,36
2018,XIX,Травмы и отравления,T21,1
2018,XIX,Травмы и отравления,T29,6
2018,XIX,Травмы и отравления,T34,3
2018,XIX,Травмы и отравления,T35,1
2018,XIX,Травмы и отравления,T36,1
2018,XIX,Травмы и отравления,T40,6
2018,XIX,Травмы и отравления,T42,2
2018,XIX,Травмы и отравления,T44,2
2018,XIX,Травмы и отравления,T46,1
2018,XIX,Травмы и отравления,T50,1
2018,XIX,Травмы и отравления,T51,108
2018,XIX,Травмы и отравления,T52,4
2018,XIX,Травмы и отравления,T54,3
2018,XIX,Травмы и отравления,T58,29
2018,XIX,Травмы и отравления,T59,1
2018,XIX,Травмы и отравления,T65,46
2018,XIX,Травмы и отравления,T68,41
2018,XIX,Травмы и отравления,T69,5
2018,XIX,Травмы и отравления,T71,145
2018,XIX,Травмы и отравления,T75,50
2018,XIX,Травмы и отравления,T78,1
2018,XIX,Травмы и отравления,T81,1
2018,XIX,Травмы и отравления,T82,1
2018,XIX,Травмы и отравления,T84,1
2018,XIX,Травмы и отравления,T85,2
2018,XIX,Травмы и отравления,T90,9
2018,XIX,Травмы и отравления,T91,3
2018,XIX,Травмы и отравления,T93,4
2019,II,Новообразования,C00,1
2019,II,Новообразования,C01,3
2019,II,Новообразования,C02,4
2019,II,Новообразования,C03,3
2019,II,Новообразования,C04,6
2019,II,Новообразования,C05,3
2019,II,Новообразования,C06,2
2019,II,Новообразования,C08,3
2019,II,Новообразования,C10,13
2019,II,Новообразования,C12,1
2019,II,Новообразования,C13,8
2019,II,Новообразования,C14,3
2019,II,Новообразования,C15,44
2019,II,Новообразования,C16,126
2019,II,Новообразования,C17,4
2019,II,Новообразования,C18,82
2019,II,Новообразования,C19,14
2019,II,Новообразования,C20,34
2019,II,Новообразования,C21,10
2019,II,Новообразования,C22,64
2019,II,Новообразования,C23,1
2019,II,Новообразования,C24,2
2019,II,Новообразования,C25,92
2019,II,Новообразования,C30,1
2019,II,Новообразования,C31,2
2019,II,Новообразования,C32,19
2019,II,Новообразования,C34,248
2019,II,Новообразования,C38,4
2019,II,Новообразования,C41,2
2019,II,Новообразования,C43,8
2019,II,Новообразования,C44,4
2019,II,Новообразования,C45,2
2019,II,Новообразования,C48,4
2019,II,Новообразования,C49,5
2019,II,Новообразования,C50,67
2019,II,Новообразования,C51,9
2019,II,Новообразования,C52,2
2019,II,Новообразования,C53,21
2019,II,Новообразования,C54,25
2019,II,Новообразования,C56,29
2019,II,Новообразования,C57,2
2019,II,Новообразования,C61,31
2019,II,Новообразования,C64,40
2019,II,Новообразования,C65,1
2019,II,Новообразования,C66,1
2019,II,Новообразования,C67,32
2019,II,Новообразования,C69,2
2019,II,Новообразования,C70,1
2019,II,Новообразования,C71,21
2019,II,Новообразования,C72,2
2019,II,Новообразования,C73,6
2019,II,Новообразования,C74,1
2019,II,Новообразования,C77,3
2019,II,Новообразования,C79,5
2019,II,Новообразования,C80,1
2019,II,Новообразования,C82,2
2019,II,Новообразования,C83,7
2019,II,Новообразования,C84,1
2019,II,Новообразования,C85,4
2019,II,Новообразования,C90,6
2019,II,Новообразования,C91,6
2019,II,Новообразования,C92,10
2019,II,Новообразования,C93,4
2019,II,Новообразования,C94,1
2019,II,Новообразования,C95,1
2019,II,Новообразования,C97,19
2019,II,Новообразования,D13,1
2019,II,Новообразования,D30,2
2019,II,Новообразования,D32,3
2019,II,Новообразования,D33,1
2019,II,Новообразования,D35,1
2019,II,Новообразования,D36,1
2019,II,Новообразования,D38,1
2019,II,Новообразования,D42,1
2019,II,Новообразования,D43,6
2019,II,Новообразования,D45,2
2019,II,Новообразования,D46,1
2019,II,Новообразования,D47,1
2019,IV,Эндокринные и обмен,E05,2
2019,IV,Эндокринные и обмен,E06,1
2019,IV,Эндокринные и обмен,E10,21
2019,IV,Эндокринные и обмен,E11,309
2019,IV,Эндокринные и обмен,E13,1
2019,IV,Эндокринные и обмен,E23,1
2019,IV,Эндокринные и обмен,E51,1
2019,IV,Эндокринные и обмен,E66,3
2019,IV,Эндокринные и обмен,E72,1
2019,IV,Эндокринные и обмен,E75,1
2019,IV,Эндокринные и обмен,E78,1
2019,IV,Эндокринные и обмен,E84,1
2019,IX,Кровообращение,I05,3
2019,IX,Кровообращение,I06,2
2019,IX,Кровообращение,I08,7
2019,IX,Кровообращение,I10,1
2019,IX,Кровообращение,I11,15
2019,IX,Кровообращение,I12,2
2019,IX,Кровообращение,I13,6
2019,IX,Кровообращение,I21,160
2019,IX,Кровообращение,I22,59
2019,IX,Кровообращение,I24,2
2019,IX,Кровообращение,I25,282
2019,IX,Кровообращение,I26,1
2019,IX,Кровообращение,I31,1
2019,IX,Кровообращение,I33,10
2019,IX,Кровообращение,I34,13
2019,IX,Кровообращение,I35,52
2019,IX,Кровообращение,I36,3
2019,IX,Кровообращение,I40,2
2019,IX,Кровообращение,I42,53
2019,IX,Кровообращение,I45,1
2019,IX,Кровообращение,I46,75
2019,IX,Кровообращение,I48,1
2019,IX,Кровообращение,I51,22
2019,IX,Кровообращение,I60,29
2019,IX,Кровообращение,I61,136
2019,IX,Кровообращение,I62,8
2019,IX,Кровообращение,I63,240
2019,IX,Кровообращение,I67,6
2019,IX,Кровообращение,I69,169
2019,IX,Кровообращение,I70,64
2019,IX,Кровообращение,I71,40
2019,IX,Кровообращение,I72,3
2019,IX,Кровообращение,I73,1
2019,IX,Кровообращение,I74,4
2019,IX,Кровообращение,I80,134
2019,IX,Кровообращение,I82,5
2019,X,Дыхание,J09,1
2019,X,Дыхание,J10,2
2019,X,Дыхание,J11,1
2019,X,Дыхание,J15,10
2019,X,Дыхание,J16,1
2019,X,Дыхание,J18,134
2019,X,Дыхание,J38,1
2019,X,Дыхание,J44,64
2019,X,Дыхание,J45,1
2019,X,Дыхание,J84,1
2019,X,Дыхание,J85,21
2019,X,Дыхание,J86,1
2019,XI,Пищеварение,K12,1
2019,XI,Пищеварение,K21,1
2019,XI,Пищеварение,K22,14
2019,XI,Пищеварение,K25,35
2019,XI,Пищеварение,K26,22
2019,XI,Пищеварение,K31,1
2019,XI,Пищеварение,K35,2
2019,XI,Пищеварение,K40,3
2019,XI,Пищеварение,K42,4
2019,XI,Пищеварение,K43,9
2019,XI,Пищеварение,K44,1
2019,XI,Пищеварение,K45,2
2019,XI,Пищеварение,K46,1
2019,XI,Пищеварение,K51,8
2019,XI,Пищеварение,K52,1
2019,XI,Пищеварение,K55,94
2019,XI,Пищеварение,K56,23
2019,XI,Пищеварение,K57,6
2019,XI,Пищеварение,K59,1
2019,XI,Пищеварение,K61,3
2019,XI,Пищеварение,K63,2
2019,XI,Пищеварение,K65,1
2019,XI,Пищеварение,K66,3
2019,XI,Пищеварение,K70,36
2019,XI,Пищеварение,K71,13
2019,XI,Пищеварение,K72,1
2019,XI,Пищеварение,K73,2
2019,XI,Пищеварение,K74,229
2019,XI,Пищеварение,K75,4
2019,XI,Пищеварение,K76,7
2019,XI,Пищеварение,K80,22
2019,XI,Пищеварение,K81,3
2019,XI,Пищеварение,K82,3
2019,XI,Пищеварение,K85,98
2019,XI,Пищеварение,K86,20
2019,XIX,Травмы и отравления,S01,1
2019,XIX,Травмы и отравления,S02,39
2019,XIX,Травмы и отравления,S06,59
2019,XIX,Травмы и отравления,S07,4
2019,XIX,Травмы и отравления,S09,1
2019,XIX,Травмы и отравления,S11,3
2019,XIX,Травмы и отравления,S12,2
2019,XIX,Травмы и отравления,S14,3
2019,XIX,Травмы и отравления,S15,1
2019,XIX,Травмы и отравления,S19,1
2019,XIX,Травмы и отравления,S21,5
2019,XIX,Травмы и отравления,S22,10
2019,XIX,Травмы и отравления,S24,1
2019,XIX,Травмы и отравления,S25,4
2019,XIX,Травмы и отравления,S26,10
2019,XIX,Травмы и отравления,S27,5
2019,XIX,Травмы и отравления,S28,1
2019,XIX,Травмы и отравления,S29,2
2019,XIX,Травмы и отравления,S32,1
2019,XIX,Травмы и отравления,S35,3
2019,XIX,Травмы и отравления,S36,7
2019,XIX,Травмы и отравления,S37,3
2019,XIX,Травмы и отравления,S42,1
2019,XIX,Травмы и отравления,S45,3
2019,XIX,Травмы и отравления,S51,1
2019,XIX,Травмы и отравления,S55,3
2019,XIX,Травмы и отравления,S71,1
2019,XIX,Травмы и отравления,S72,18
2019,XIX,Травмы и отравления,S75,1
2019,XIX,Травмы и отравления,S78,1
2019,XIX,Травмы и отравления,S82,1
2019,XIX,Травмы и отравления,S85,2
2019,XIX,Травмы и отравления,T00,1
2019,XIX,Травмы и отравления,T01,4
2019,XIX,Травмы и отравления,T02,4
2019,XIX,Травмы и отравления,T04,1
2019,XIX,Травмы и отравления,T06,67
2019,XIX,Травмы и отравления,T17,25
2019,XIX,Травмы и отравления,T25,1
2019,XIX,Травмы и отравления,T29,2
2019,XIX,Травмы и отравления,T31,6
2019,XIX,Травмы и отравления,T35,3
2019,XIX,Травмы и отравления,T40,8
2019,XIX,Травмы и отравления,T41,1
2019,XIX,Травмы и отравления,T42,5
2019,XIX,Травмы и отравления,T43,4
2019,XIX,Травмы и отравления,T44,1
2019,XIX,Травмы и отравления,T46,1
2019,XIX,Травмы и отравления,T51,114
2019,XIX,Травмы и отравления,T53,1
2019,XIX,Травмы и отравления,T54,5
2019,XIX,Травмы и отравления,T58,29
2019,XIX,Травмы и отравления,T59,4
2019,XIX,Травмы и отравления,T65,53
2019,XIX,Травмы и отравления,T67,1
2019,XIX,Травмы и отравления,T68,26
2019,XIX,Травмы и отравления,T69,4
2019,XIX,Травмы и отравления,T71,135
2019,XIX,Травмы и отравления,T75,38
2019,XIX,Травмы и отравления,T78,1
2019,XIX,Травмы и отравления,T81,3
2019,XIX,Травмы и отравления,T88,1
2019,XIX,Травмы и отравления,T90,8
2019,XIX,Травмы и отравления,T91,1
2019,XIX,Травмы и отравления,T93,26
2019,XIX,Травмы и отравления,T94,1
2020,II,Новообразования,C00,1
2020,II,Новообразования,C01,2
2020,II,Новообразования,C02,7
2020,II,Новообразования,C04,3
2020,II,Новообразования,C05,2
2020,II,Новообразования,C06,1
2020,II,Новообразования,C07,2
2020,II,Новообразования,C10,8
2020,II,Новообразования,C11,2
2020,II,Новообразования,C13,12
2020,II,Новообразования,C14,3
2020,II,Новообразования,C15,47
2020,II,Новообразования,C16,88
2020,II,Новообразования,C17,3
2020,II,Новообразования,C18,95
2020,II,Новообразования,C19,17
2020,II,Новообразования,C20,35
2020,II,Новообразования,C21,5
2020,II,Новообразования,C22,44
2020,II,Новообразования,C23,4
2020,II,Новообразования,C24,8
2020,II,Новообразования,C25,79
2020,II,Новообразования,C30,1
2020,II,Новообразования,C31,1
2020,II,Новообразования,C32,29
2020,II,Новообразования,C33,2
2020,II,Новообразования,C34,213
2020,II,Новообразования,C37,1
2020,II,Новообразования,C38,1
2020,II,Новообразования,C40,1
2020,II,Новообразования,C41,2
2020,II,Новообразования,C43,15
2020,II,Новообразования,C44,8
2020,II,Новообразования,C45,5
2020,II,Новообразования,C48,2
2020,II,Новообразования,C49,2
2020,II,Новообразования,C50,73
2020,II,Новообразования,C51,7
2020,II,Новообразования,C53,32
2020,II,Новообразования,C54,23
2020,II,Новообразования,C56,32
2020,II,Новообразования,C57,2
2020,II,Новообразования,C61,43
2020,II,Новообразования,C62,3
2020,II,Новообразования,C64,29
2020,II,Новообразования,C65,3
2020,II,Новообразования,C66,1
2020,II,Новообразования,C67,22
2020,II,Новообразования,C68,1
2020,II,Новообразования,C69,1
2020,II,Новообразования,C71,25
2020,II,Новообразования,C72,1
2020,II,Новообразования,C73,4
2020,II,Новообразования,C74,5
2020,II,Новообразования,C78,1
2020,II,Новообразования,C79,1
2020,II,Новообразования,C80,3
2020,II,Новообразования,C83,8
2020,II,Новообразования,C84,2
2020,II,Новообразования,C85,4
2020,II,Новообразования,C90,10
2020,II,Новообразования,C91,9
2020,II,Новообразования,C92,3
2020,II,Новообразования,C93,2
2020,II,Новообразования,C94,1
2020,II,Новообразования,C95,1
2020,II,Новообразования,C97,29
2020,II,Новообразования,D18,1
2020,II,Новообразования,D25,1
2020,II,Новообразования,D32,3
2020,II,Новообразования,D33,3
2020,II,Новообразования,D35,2
2020,II,Новообразования,D37,1
2020,II,Новообразования,D42,1
2020,II,Новообразования,D43,1
2020,II,Новообразования,D45,2
2020,II,Новообразования,D46,5
2020,II,Новообразования,D47,4
2020,II,Новообразования,D48,1
2020,IV,Эндокринные и обмен,E05,2
2020,IV,Эндокринные и обмен,E06,1
2020,IV,Эндокринные и обмен,E10,19
2020,IV,Эндокринные и обмен,E11,416
2020,IV,Эндокринные и обмен,E26,1
2020,IV,Эндокринные и обмен,E66,4
2020,IV,Эндокринные и обмен,E74,1
2020,IV,Эндокринные и обмен,E75,1
2020,IV,Эндокринные и обмен,E83,1
2020,IX,Кровообращение,I05,2
2020,IX,Кровообращение,I08,6
2020,IX,Кровообращение,I11,10
2020,IX,Кровообращение,I12,3
2020,IX,Кровообращение,I13,3
2020,IX,Кровообращение,I21,184
2020,IX,Кровообращение,I22,43
2020,IX,Кровообращение,I24,6
2020,IX,Кровообращение,I25,295
2020,IX,Кровообращение,I28,1
2020,IX,Кровообращение,I31,1
2020,IX,Кровообращение,I33,9
2020,IX,Кровообращение,I34,7
2020,IX,Кровообращение,I35,39
2020,IX,Кровообращение,I36,6
2020,IX,Кровообращение,I40,4
2020,IX,Кровообращение,I42,81
2020,IX,Кровообращение,I46,37
2020,IX,Кровообращение,I51,7
2020,IX,Кровообращение,I60,28
2020,IX,Кровообращение,I61,101
2020,IX,Кровообращение,I62,5
2020,IX,Кровообращение,I63,212
2020,IX,Кровообращение,I67,62
2020,IX,Кровообращение,I69,192
2020,IX,Кровообращение,I70,60
2020,IX,Кровообращение,I71,50
2020,IX,Кровообращение,I72,1
2020,IX,Кровообращение,I73,3
2020,IX,Кровообращение,I74,4
2020,IX,Кровообращение,I80,151
2020,IX,Кровообращение,I82,12
2020,IX,Кровообращение,I83,3
2020,X,Дыхание,J12,9
2020,X,Дыхание,J15,8
2020,X,Дыхание,J16,2
2020,X,Дыхание,J18,226
2020,X,Дыхание,J38,2
2020,X,Дыхание,J39,1
2020,X,Дыхание,J43,2
2020,X,Дыхание,J44,110
2020,X,Дыхание,J84,4
2020,X,Дыхание,J85,28
2020,X,Дыхание,J86,3
2020,XI,Пищеварение,K22,19
2020,XI,Пищеварение,K25,41
2020,XI,Пищеварение,K26,16
2020,XI,Пищеварение,K29,3
2020,XI,Пищеварение,K35,1
2020,XI,Пищеварение,K40,4
2020,XI,Пищеварение,K41,1
2020,XI,Пищеварение,K42,4
2020,XI,Пищеварение,K43,4
2020,XI,Пищеварение,K44,2
2020,XI,Пищеварение,K50,1
2020,XI,Пищеварение,K51,9
2020,XI,Пищеварение,K52,15
2020,XI,Пищеварение,K55,122
2020,XI,Пищеварение,K56,20
2020,XI,Пищеварение,K57,8
2020,XI,Пищеварение,K62,1
2020,XI,Пищеварение,K63,8
2020,XI,Пищеварение,K66,2
2020,XI,Пищеварение,K70,46
2020,XI,Пищеварение,K71,10
2020,XI,Пищеварение,K74,260
2020,XI,Пищеварение,K75,2
2020,XI,Пищеварение,K76,6
2020,XI,Пищеварение,K80,29
2020,XI,Пищеварение,K81,5
2020,XI,Пищеварение,K82,3
2020,XI,Пищеварение,K83,2
2020,XI,Пищеварение,K85,142
2020,XI,Пищеварение,K86,43
2020,XIX,Травмы и отравления,S02,44
2020,XIX,Травмы и отравления,S05,1
2020,XIX,Травмы и отравления,S06,67
2020,XIX,Травмы и отравления,S07,2
2020,XIX,Травмы и отравления,S11,2
2020,XIX,Травмы и отравления,S12,6
2020,XIX,Травмы и отравления,S13,1
2020,XIX,Травмы и отравления,S14,1
2020,XIX,Травмы и отравления,S15,1
2020,XIX,Травмы и отравления,S19,1
2020,XIX,Травмы и отравления,S20,1
2020,XIX,Травмы и отравления,S21,1
2020,XIX,Травмы и отравления,S22,5
2020,XIX,Травмы и отравления,S25,3
2020,XIX,Травмы и отравления,S26,11
2020,XIX,Травмы и отравления,S27,2
2020,XIX,Травмы и отравления,S29,4
2020,XIX,Травмы и отравления,S31,1
2020,XIX,Травмы и отравления,S32,1
2020,XIX,Травмы и отравления,S36,9
2020,XIX,Травмы и отравления,S39,1
2020,XIX,Травмы и отравления,S42,1
2020,XIX,Травмы и отравления,S55,1
2020,XIX,Травмы и отравления,S71,1
2020,XIX,Травмы и отравления,S72,20
2020,XIX,Травмы и отравления,S75,2
2020,XIX,Травмы и отравления,S82,1
2020,XIX,Травмы и отравления,S85,1
2020,XIX,Травмы и отравления,T01,3
2020,XIX,Травмы и отравления,T02,8
2020,XIX,Травмы и отравления,T06,85
2020,XIX,Травмы и отравления,T17,35
2020,XIX,Травмы и отравления,T29,7
2020,XIX,Травмы и отравления,T31,1
2020,XIX,Травмы и отравления,T34,4
2020,XIX,Травмы и отравления,T37,1
2020,XIX,Травмы и отравления,T39,1
2020,XIX,Травмы и отравления,T40,8
2020,XIX,Травмы и отравления,T42,3
2020,XIX,Травмы и отравления,T43,3
2020,XIX,Травмы и отравления,T44,1
2020,XIX,Травмы и отравления,T45,1
2020,XIX,Травмы и отравления,T46,1
2020,XIX,Травмы и отравления,T51,109
2020,XIX,Травмы и отравления,T52,1
2020,XIX,Травмы и отравления,T54,5
2020,XIX,Травмы и отравления,T58,29
2020,XIX,Травмы и отравления,T59,4
2020,XIX,Травмы и отравления,T63,1
2020,XIX,Травмы и отравления,T65,46
2020,XIX,Травмы и отравления,T67,1
2020,XIX,Травмы и отравления,T68,39
2020,XIX,Травмы и отравления,T71,116
2020,XIX,Травмы и отравления,T75,33
2020,XIX,Травмы и отравления,T79,1
2020,XIX,Травмы и отравления,T80,1
2020,XIX,Травмы и отравления,T81,6
2020,XIX,Травмы и отравления,T90,7
2020,XIX,Травмы и отравления,T91,1
2020,XIX,Травмы и отравления,T93,34
2020,XIX,Травмы и отравления,T98,2
2021,II,Новообразования,C01,2
2021,II,Новообразования,C02,7
2021,II,Новообразования,C03,2
2021,II,Новообразования,C04,8
2021,II,Новообразования,C05,1
2021,II,Новообразования,C06,1
2021,II,Новообразования,C07,3
2021,II,Новообразования,C08,2
2021,II,Новообразования,C09,2
2021,II,Новообразования,C10,12
2021,II,Новообразования,C11,1
2021,II,Новообразования,C13,9
2021,II,Новообразования,C14,2
2021,II,Новообразования,C15,32
2021,II,Новообразования,C16,102
2021,II,Новообразования,C17,5
2021,II,Новообразования,C18,78
2021,II,Новообразования,C19,14
2021,II,Новообразования,C20,33
2021,II,Новообразования,C21,2
2021,II,Новообразования,C22,52
2021,II,Новообразования,C23,2
2021,II,Новообразования,C24,9
2021,II,Новообразования,C25,79
2021,II,Новообразования,C30,2
2021,II,Новообразования,C32,14
2021,II,Новообразования,C33,1
2021,II,Новообразования,C34,222
2021,II,Новообразования,C40,1
2021,II,Новообразования,C41,3
2021,II,Новообразования,C43,14
2021,II,Новообразования,C44,2
2021,II,Новообразования,C45,4
2021,II,Новообразования,C48,4
2021,II,Новообразования,C49,5
2021,II,Новообразования,C50,66
2021,II,Новообразования,C51,2
2021,II,Новообразования,C53,25
2021,II,Новообразования,C54,23
2021,II,Новообразования,C55,1
2021,II,Новообразования,C56,31
2021,II,Новообразования,C60,2
2021,II,Новообразования,C61,39
2021,II,Новообразования,C62,1
2021,II,Новообразования,C63,1
2021,II,Новообразования,C64,40
2021,II,Новообразования,C65,1
2021,II,Новообразования,C67,14
2021,II,Новообразования,C69,2
2021,II,Новообразования,C70,1
2021,II,Новообразования,C71,14
2021,II,Новообразования,C73,3
2021,II,Новообразования,C74,2
2021,II,Новообразования,C76,2
2021,II,Новообразования,C77,1
2021,II,Новообразования,C79,2
2021,II,Новообразования,C80,4
2021,II,Новообразования,C81,1
2021,II,Новообразования,C83,9
2021,II,Новообразования,C84,1
2021,II,Новообразования,C85,5
2021,II,Новообразования,C90,11
2021,II,Новообразования,C91,9
2021,II,Новообразования,C92,6
2021,II,Новообразования,C93,3
2021,II,Новообразования,C95,1
2021,II,Новообразования,C97,11
2021,II,Новообразования,D25,2
2021,II,Новообразования,D27,1
2021,II,Новообразования,D32,4
2021,II,Новообразования,D37,4
2021,II,Новообразования,D38,1
2021,II,Новообразования,D39,2
2021,II,Новообразования,D40,1
2021,II,Новообразования,D42,1
2021,II,Новообразования,D43,4
2021,II,Новообразования,D44,1
2021,II,Новообразования,D45,2
2021,II,Новообразования,D46,4
2021,II,Новообразования,D47,1
2021,IV,Эндокринные и обмен,E10,7
2021,IV,Эндокринные и обмен,E11,400
2021,IV,Эндокринные и обмен,E66,1
2021,IX,Кровообращение,I05,1
2021,IX,Кровообращение,I06,2
2021,IX,Кровообращение,I08,2
2021,IX,Кровообращение,I11,13
2021,IX,Кровообращение,I12,3
2021,IX,Кровообращение,I21,198
2021,IX,Кровообращение,I22,27
2021,IX,Кровообращение,I24,7
2021,IX,Кровообращение,I25,251
2021,IX,Кровообращение,I28,1
2021,IX,Кровообращение,I30,5
2021,IX,Кровообращение,I31,1
2021,IX,Кровообращение,I33,11
2021,IX,Кровообращение,I34,12
2021,IX,Кровообращение,I35,44
2021,IX,Кровообращение,I36,4
2021,IX,Кровообращение,I40,4
2021,IX,Кровообращение,I42,71
2021,IX,Кровообращение,I46,39
2021,IX,Кровообращение,I51,5
2021,IX,Кровообращение,I60,17
2021,IX,Кровообращение,I61,114
2021,IX,Кровообращение,I62,3
2021,IX,Кровообращение,I63,224
2021,IX,Кровообращение,I67,35
2021,IX,Кровообращение,I69,176
2021,IX,Кровообращение,I70,69
2021,IX,Кровообращение,I71,34
2021,IX,Кровообращение,I72,4
2021,IX,Кровообращение,I73,1
2021,IX,Кровообращение,I74,6
2021,IX,Кровообращение,I77,1
2021,IX,Кровообращение,I80,112
2021,IX,Кровообращение,I82,9
2021,IX,Кровообращение,I83,2
2021,IX,Кровообращение,I89,1
2021,X,Дыхание,J12,60
2021,X,Дыхание,J15,23
2021,X,Дыхание,J16,7
2021,X,Дыхание,J18,595
2021,X,Дыхание,J32,1
2021,X,Дыхание,J34,1
2021,X,Дыхание,J41,1
2021,X,Дыхание,J44,148
2021,X,Дыхание,J45,2
2021,X,Дыхание,J84,16
2021,X,Дыхание,J85,27
2021,X,Дыхание,J86,4
2021,X,Дыхание,J96,1
2021,XI,Пищеварение,K10,1
2021,XI,Пищеварение,K12,2
2021,XI,Пищеварение,K22,10
2021,XI,Пищеварение,K25,35
2021,XI,Пищеварение,K26,18
2021,XI,Пищеварение,K28,1
2021,XI,Пищеварение,K31,1
2021,XI,Пищеварение,K35,1
2021,XI,Пищеварение,K40,2
2021,XI,Пищеварение,K42,2
2021,XI,Пищеварение,K43,5
2021,XI,Пищеварение,K44,2
2021,XI,Пищеварение,K50,2
2021,XI,Пищеварение,K51,10
2021,XI,Пищеварение,K52,10
2021,XI,Пищеварение,K55,123
2021,XI,Пищеварение,K56,29
2021,XI,Пищеварение,K57,14
2021,XI,Пищеварение,K60,1
2021,XI,Пищеварение,K61,5
2021,XI,Пищеварение,K63,10
2021,XI,Пищеварение,K65,1
2021,XI,Пищеварение,K66,2
2021,XI,Пищеварение,K70,38
2021,XI,Пищеварение,K71,16
2021,XI,Пищеварение,K74,301
2021,XI,Пищеварение,K75,7
2021,XI,Пищеварение,K76,12
2021,XI,Пищеварение,K80,18
2021,XI,Пищеварение,K81,7
2021,XI,Пищеварение,K82,2
2021,XI,Пищеварение,K83,1
2021,XI,Пищеварение,K85,121
2021,XI,Пищеварение,K86,31
2021,XI,Пищеварение,K92,1
2021,XIX,Травмы и отравления,S01,2
2021,XIX,Травмы и отравления,S02,30
2021,XIX,Травмы и отравления,S06,73
2021,XIX,Травмы и отравления,S07,4
2021,XIX,Травмы и отравления,S09,2
2021,XIX,Травмы и отравления,S12,2
2021,XIX,Травмы и отравления,S13,1
2021,XIX,Травмы и отравления,S15,2
2021,XIX,Травмы и отравления,S21,9
2021,XIX,Травмы и отравления,S22,7
2021,XIX,Травмы и отравления,S25,4
2021,XIX,Травмы и отравления,S26,6
2021,XIX,Травмы и отравления,S27,8
2021,XIX,Травмы и отравления,S29,3
2021,XIX,Травмы и отравления,S30,1
2021,XIX,Травмы и отравления,S31,1
2021,XIX,Травмы и отравления,S32,1
2021,XIX,Травмы и отравления,S35,2
2021,XIX,Травмы и отравления,S36,7
2021,XIX,Травмы и отравления,S37,1
2021,XIX,Травмы и отравления,S41,1
2021,XIX,Травмы и отравления,S45,1
2021,XIX,Травмы и отравления,S55,3
2021,XIX,Травмы и отравления,S72,10
2021,XIX,Травмы и отравления,S75,3
2021,XIX,Травмы и отравления,S81,1
2021,XIX,Травмы и отравления,S85,2
2021,XIX,Травмы и отравления,T01,2
2021,XIX,Травмы и отравления,T02,6
2021,XIX,Травмы и отравления,T06,54
2021,XIX,Травмы и отравления,T07,6
2021,XIX,Травмы и отравления,T17,42
2021,XIX,Травмы и отравления,T27,1
2021,XIX,Травмы и отравления,T29,6
2021,XIX,Травмы и отравления,T31,1
2021,XIX,Травмы и отравления,T34,1
2021,XIX,Травмы и отравления,T40,7
2021,XIX,Травмы и отравления,T41,1
2021,XIX,Травмы и отравления,T42,4
2021,XIX,Травмы и отравления,T43,1
2021,XIX,Травмы и отравления,T44,3
2021,XIX,Травмы и отравления,T46,1
2021,XIX,Травмы и отравления,T48,1
2021,XIX,Травмы и отравления,T50,1
2021,XIX,Травмы и отравления,T51,95
2021,XIX,Травмы и отравления,T52,6
2021,XIX,Травмы и отравления,T54,4
2021,XIX,Травмы и отравления,T58,20
2021,XIX,Травмы и отравления,T59,4
2021,XIX,Травмы и отравления,T65,71
2021,XIX,Травмы и отравления,T67,1
2021,XIX,Травмы и отравления,T68,29
2021,XIX,Травмы и отравления,T69,4
2021,XIX,Травмы и отравления,T71,126
2021,XIX,Травмы и отравления,T75,42
2021,XIX,Травмы и отравления,T81,4
2021,XIX,Травмы и отравления,T90,12
2021,XIX,Травмы и отравления,T91,3
2021,XIX,Травмы и отравления,T93,48
2021,XIX,Травмы и отравления,T94,1
2022,II,Новообразования,C00,2
2022,II,Новообразования,C01,1
2022,II,Новообразования,C02,7
2022,II,Новообразования,C04,7
2022,II,Новообразования,C05,2
2022,II,Новообразования,C06,1
2022,II,Новообразования,C07,3
2022,II,Новообразования,C08,1
2022,II,Новообразования,C09,4
2022,II,Новообразования,C10,10
2022,II,Новообразования,C12,1
2022,II,Новообразования,C13,5
2022,II,Новообразования,C15,28
2022,II,Новообразования,C16,102
2022,II,Новообразования,C17,6
2022,II,Новообразования,C18,78
2022,II,Новообразования,C19,11
2022,II,Новообразования,C20,39
2022,II,Новообразования,C21,4
2022,II,Новообразования,C22,46
2022,II,Новообразования,C23,2
2022,II,Новообразования,C24,3
2022,II,Новообразования,C25,76
2022,II,Новообразования,C32,17
2022,II,Новообразования,C34,209
2022,II,Новообразования,C38,5
2022,II,Новообразования,C41,2
2022,II,Новообразования,C43,16
2022,II,Новообразования,C44,3
2022,II,Новообразования,C45,5
2022,II,Новообразования,C49,2
2022,II,Новообразования,C50,70
2022,II,Новообразования,C51,2
2022,II,Новообразования,C52,2
2022,II,Новообразования,C53,23
2022,II,Новообразования,C54,31
2022,II,Новообразования,C56,27
2022,II,Новообразования,C57,1
2022,II,Новообразования,C61,30
2022,II,Новообразования,C62,3
2022,II,Новообразования,C64,26
2022,II,Новообразования,C65,3
2022,II,Новообразования,C66,2
2022,II,Новообразования,C67,31
2022,II,Новообразования,C68,1
2022,II,Новообразования,C69,4
2022,II,Новообразования,C70,2
2022,II,Новообразования,C71,19
2022,II,Новообразования,C72,1
2022,II,Новообразования,C73,3
2022,II,Новообразования,C74,4
2022,II,Новообразования,C75,2
2022,II,Новообразования,C76,1
2022,II,Новообразования,C79,1
2022,II,Новообразования,C80,3
2022,II,Новообразования,C81,1
2022,II,Новообразования,C82,1
2022,II,Новообразования,C83,3
2022,II,Новообразования,C84,2
2022,II,Новообразования,C85,3
2022,II,Новообразования,C88,1
2022,II,Новообразования,C90,9
2022,II,Новообразования,C91,5
2022,II,Новообразования,C92,8
2022,II,Новообразования,C93,1
2022,II,Новообразования,C97,2
2022,II,Новообразования,D25,1
2022,II,Новообразования,D32,5
2022,II,Новообразования,D33,3
2022,II,Новообразования,D35,1
2022,II,Новообразования,D43,4
2022,II,Новообразования,D45,1
2022,II,Новообразования,D46,1
2022,IV,Эндокринные и обмен,E10,6
2022,IV,Эндокринные и обмен,E11,360
2022,IV,Эндокринные и обмен,E66,1
2022,IV,Эндокринные и обмен,E84,1
2022,IX,Кровообращение,I05,3
2022,IX,Кровообращение,I06,3
2022,IX,Кровообращение,I08,2
2022,IX,Кровообращение,I09,1
2022,IX,Кровообращение,I11,4
2022,IX,Кровообращение,I21,186
2022,IX,Кровообращение,I22,2
2022,IX,Кровообращение,I24,2
2022,IX,Кровообращение,I25,321
2022,IX,Кровообращение,I26,2
2022,IX,Кровообращение,I31,2
2022,IX,Кровообращение,I33,9
2022,IX,Кровообращение,I34,9
2022,IX,Кровообращение,I35,29
2022,IX,Кровообращение,I40,4
2022,IX,Кровообращение,I42,129
2022,IX,Кровообращение,I45,1
2022,IX,Кровообращение,I46,1
2022,IX,Кровообращение,I51,9
2022,IX,Кровообращение,I60,7
2022,IX,Кровообращение,I61,108
2022,IX,Кровообращение,I62,4
2022,IX,Кровообращение,I63,162
2022,IX,Кровообращение,I67,138
2022,IX,Кровообращение,I69,172
2022,IX,Кровообращение,I70,45
2022,IX,Кровообращение,I71,28
2022,IX,Кровообращение,I72,2
2022,IX,Кровообращение,I74,7
2022,IX,Кровообращение,I80,106
2022,IX,Кровообращение,I83,1
2022,IX,Кровообращение,I87,1
2022,X,Дыхание,J01,1
2022,X,Дыхание,J03,1
2022,X,Дыхание,J09,1
2022,X,Дыхание,J10,1
2022,X,Дыхание,J12,44
2022,X,Дыхание,J15,49
2022,X,Дыхание,J16,2
2022,X,Дыхание,J18,211
2022,X,Дыхание,J38,1
2022,X,Дыхание,J43,1
2022,X,Дыхание,J44,146
2022,X,Дыхание,J45,4
2022,X,Дыхание,J84,17
2022,X,Дыхание,J85,22
2022,X,Дыхание,J86,1
2022,X,Дыхание,J98,1
2022,XI,Пищеварение,K10,1
2022,XI,Пищеварение,K12,1
2022,XI,Пищеварение,K22,11
2022,XI,Пищеварение,K25,35
2022,XI,Пищеварение,K26,12
2022,XI,Пищеварение,K29,1
2022,XI,Пищеварение,K31,1
2022,XI,Пищеварение,K35,2
2022,XI,Пищеварение,K40,2
2022,XI,Пищеварение,K41,1
2022,XI,Пищеварение,K43,6
2022,XI,Пищеварение,K44,1
2022,XI,Пищеварение,K50,3
2022,XI,Пищеварение,K51,5
2022,XI,Пищеварение,K52,2
2022,XI,Пищеварение,K55,106
2022,XI,Пищеварение,K56,15
2022,XI,Пищеварение,K57,10
2022,XI,Пищеварение,K61,5
2022,XI,Пищеварение,K63,1
2022,XI,Пищеварение,K65,1
2022,XI,Пищеварение,K66,8
2022,XI,Пищеварение,K70,21
2022,XI,Пищеварение,K71,13
2022,XI,Пищеварение,K74,231
2022,XI,Пищеварение,K75,3
2022,XI,Пищеварение,K76,5
2022,XI,Пищеварение,K80,19
2022,XI,Пищеварение,K81,7
2022,XI,Пищеварение,K83,3
2022,XI,Пищеварение,K85,107
2022,XI,Пищеварение,K86,29
2022,XI,Пищеварение,K92,1
2022,XIX,Травмы и отравления,S00,1
2022,XIX,Травмы и отравления,S01,13
2022,XIX,Травмы и отравления,S02,28
2022,XIX,Травмы и отравления,S06,71
2022,XIX,Травмы и отравления,S07,2
2022,XIX,Травмы и отравления,S08,1
2022,XIX,Травмы и отравления,S11,3
2022,XIX,Травмы и отравления,S12,5
2022,XIX,Травмы и отравления,S13,1
2022,XIX,Травмы и отравления,S15,2
2022,XIX,Травмы и отравления,S19,2
2022,XIX,Травмы и отравления,S21,14
2022,XIX,Травмы и отравления,S22,8
2022,XIX,Травмы и отравления,S26,6
2022,XIX,Травмы и отравления,S27,5
2022,XIX,Травмы и отравления,S29,6
2022,XIX,Травмы и отравления,S30,1
2022,XIX,Травмы и отравления,S31,3
2022,XIX,Травмы и отравления,S36,11
2022,XIX,Травмы и отравления,S37,1
2022,XIX,Травмы и отравления,S39,1
2022,XIX,Травмы и отравления,S42,1
2022,XIX,Травмы и отравления,S45,3
2022,XIX,Травмы и отравления,S51,2
2022,XIX,Травмы и отравления,S55,1
2022,XIX,Травмы и отравления,S71,1
2022,XIX,Травмы и отравления,S72,6
2022,XIX,Травмы и отравления,S75,4
2022,XIX,Травмы и отравления,S82,1
2022,XIX,Травмы и отравления,S86,1
2022,XIX,Травмы и отравления,S87,1
2022,XIX,Травмы и отравления,S92,1
2022,XIX,Травмы и отравления,T01,5
2022,XIX,Травмы и отравления,T02,3
2022,XIX,Травмы и отравления,T04,4
2022,XIX,Травмы и отравления,T05,1
2022,XIX,Травмы и отравления,T06,77
2022,XIX,Травмы и отравления,T07,20
2022,XIX,Травмы и отравления,T09,1
2022,XIX,Травмы и отравления,T11,1
2022,XIX,Травмы и отравления,T13,3
2022,XIX,Травмы и отравления,T17,40
2022,XIX,Травмы и отравления,T20,1
2022,XIX,Травмы и отравления,T21,3
2022,XIX,Травмы и отравления,T27,2
2022,XIX,Травмы и отравления,T29,10
2022,XIX,Травмы и отравления,T31,1
2022,XIX,Травмы и отравления,T34,1
2022,XIX,Травмы и отравления,T39,2
2022,XIX,Травмы и отравления,T40,13
2022,XIX,Травмы и отравления,T42,2
2022,XIX,Травмы и отравления,T43,1
2022,XIX,Травмы и отравления,T51,68
2022,XIX,Травмы и отравления,T52,5
2022,XIX,Травмы и отравления,T54,3
2022,XIX,Травмы и отравления,T58,33
2022,XIX,Травмы и отравления,T65,33
2022,XIX,Травмы и отравления,T68,20
2022,XIX,Травмы и отравления,T69,1
2022,XIX,Травмы и отравления,T71,140
2022,XIX,Травмы и отравления,T75,23
2022,XIX,Травмы и отравления,T78,1
2022,XIX,Травмы и отравления,T81,1
2022,XIX,Травмы и отравления,T90,2
2022,XIX,Травмы и отравления,T91,2
2022,XIX,Травмы и отравления,T93,22
2023,II,Новообразования,C00,1
2023,II,Новообразования,C01,3
2023,II,Новообразования,C02,10
2023,II,Новообразования,C03,2
2023,II,Новообразования,C04,2
2023,II,Новообразования,C05,2
2023,II,Новообразования,C06,1
2023,II,Новообразования,C08,2
2023,II,Новообразования,C09,1
2023,II,Новообразования,C10,10
2023,II,Новообразования,C12,1
2023,II,Новообразования,C13,7
2023,II,Новообразования,C15,30
2023,II,Новообразования,C16,111
2023,II,Новообразования,C17,8
2023,II,Новообразования,C18,97
2023,II,Новообразования,C19,8
2023,II,Новообразования,C20,42
2023,II,Новообразования,C21,3
2023,II,Новообразования,C22,57
2023,II,Новообразования,C23,2
2023,II,Новообразования,C24,11
2023,II,Новообразования,C25,80
2023,II,Новообразования,C32,20
2023,II,Новообразования,C33,2
2023,II,Новообразования,C34,248
2023,II,Новообразования,C40,2
2023,II,Новообразования,C43,22
2023,II,Новообразования,C44,4
2023,II,Новообразования,C45,7
2023,II,Новообразования,C48,3
2023,II,Новообразования,C49,5
2023,II,Новообразования,C50,66
2023,II,Новообразования,C51,2
2023,II,Новообразования,C53,31
2023,II,Новообразования,C54,20
2023,II,Новообразования,C56,38
2023,II,Новообразования,C57,1
2023,II,Новообразования,C60,1
2023,II,Новообразования,C61,38
2023,II,Новообразования,C62,3
2023,II,Новообразования,C64,28
2023,II,Новообразования,C65,1
2023,II,Новообразования,C67,10
2023,II,Новообразования,C69,1
2023,II,Новообразования,C71,32
2023,II,Новообразования,C73,1
2023,II,Новообразования,C74,1
2023,II,Новообразования,C76,1
2023,II,Новообразования,C80,2
2023,II,Новообразования,C81,1
2023,II,Новообразования,C83,3
2023,II,Новообразования,C84,1
2023,II,Новообразования,C85,2
2023,II,Новообразования,C90,8
2023,II,Новообразования,C91,10
2023,II,Новообразования,C92,8
2023,II,Новообразования,C93,1
2023,II,Новообразования,C95,1
2023,II,Новообразования,C97,2
2023,II,Новообразования,D10,1
2023,II,Новообразования,D12,2
2023,II,Новообразования,D15,1
2023,II,Новообразования,D32,3
2023,II,Новообразования,D33,1
2023,II,Новообразования,D35,4
2023,II,Новообразования,D41,1
2023,II,Новообразования,D43,3
2023,II,Новообразования,D46,3
2023,II,Новообразования,D47,1
2023,IV,Эндокринные и обмен,E10,5
2023,IV,Эндокринные и обмен,E11,304
2023,IV,Эндокринные и обмен,E84,1
2023,IX,Кровообращение,I05,3
2023,IX,Кровообращение,I08,2
2023,IX,Кровообращение,I11,1
2023,IX,Кровообращение,I21,194
2023,IX,Кровообращение,I24,3
2023,IX,Кровообращение,I25,369
2023,IX,Кровообращение,I28,1
2023,IX,Кровообращение,I30,1
2023,IX,Кровообращение,I33,6
2023,IX,Кровообращение,I34,17
2023,IX,Кровообращение,I35,32
2023,IX,Кровообращение,I42,141
2023,IX,Кровообращение,I50,1
2023,IX,Кровообращение,I51,4
2023,IX,Кровообращение,I60,20
2023,IX,Кровообращение,I61,98
2023,IX,Кровообращение,I62,6
2023,IX,Кровообращение,I63,173
2023,IX,Кровообращение,I67,154
2023,IX,Кровообращение,I69,144
2023,IX,Кровообращение,I70,64
2023,IX,Кровообращение,I71,47
2023,IX,Кровообращение,I72,3
2023,IX,Кровообращение,I73,1
2023,IX,Кровообращение,I74,8
2023,IX,Кровообращение,I80,94
2023,X,Дыхание,J12,1
2023,X,Дыхание,J15,23
2023,X,Дыхание,J18,194
2023,X,Дыхание,J44,170
2023,X,Дыхание,J45,2
2023,X,Дыхание,J84,8
2023,X,Дыхание,J85,22
2023,X,Дыхание,J86,3
2023,XI,Пищеварение,K22,22
2023,XI,Пищеварение,K25,30
2023,XI,Пищеварение,K26,19
2023,XI,Пищеварение,K29,4
2023,XI,Пищеварение,K31,2
2023,XI,Пищеварение,K35,2
2023,XI,Пищеварение,K40,4
2023,XI,Пищеварение,K42,1
2023,XI,Пищеварение,K43,6
2023,XI,Пищеварение,K44,2
2023,XI,Пищеварение,K50,4
2023,XI,Пищеварение,K51,4
2023,XI,Пищеварение,K52,1
2023,XI,Пищеварение,K55,94
2023,XI,Пищеварение,K56,11
2023,XI,Пищеварение,K57,3
2023,XI,Пищеварение,K61,2
2023,XI,Пищеварение,K63,3
2023,XI,Пищеварение,K65,1
2023,XI,Пищеварение,K66,4
2023,XI,Пищеварение,K70,27
2023,XI,Пищеварение,K71,11
2023,XI,Пищеварение,K73,1
2023,XI,Пищеварение,K74,210
2023,XI,Пищеварение,K75,5
2023,XI,Пищеварение,K76,16
2023,XI,Пищеварение,K80,14
2023,XI,Пищеварение,K81,3
2023,XI,Пищеварение,K85,132
2023,XI,Пищеварение,K86,37
2023,XI,Пищеварение,K92,1
2023,XIX,Травмы и отравления,S01,9
2023,XIX,Травмы и отравления,S02,36
2023,XIX,Травмы и отравления,S06,97
2023,XIX,Травмы и отравления,S07,18
2023,XIX,Травмы и отравления,S09,6
2023,XIX,Травмы и отравления,S11,2
2023,XIX,Травмы и отравления,S12,2
2023,XIX,Травмы и отравления,S15,2
2023,XIX,Травмы и отравления,S19,1
2023,XIX,Травмы и отравления,S21,11
2023,XIX,Травмы и отравления,S22,8
2023,XIX,Травмы и отравления,S25,2
2023,XIX,Травмы и отравления,S26,6
2023,XIX,Травмы и отравления,S27,51
2023,XIX,Травмы и отравления,S29,5
2023,XIX,Травмы и отравления,S31,1
2023,XIX,Травмы и отравления,S32,2
2023,XIX,Травмы и отравления,S35,4
2023,XIX,Травмы и отравления,S36,16
2023,XIX,Травмы и отравления,S37,2
2023,XIX,Травмы и отравления,S39,1
2023,XIX,Травмы и отравления,S42,6
2023,XIX,Травмы и отравления,S45,3
2023,XIX,Травмы и отравления,S72,8
2023,XIX,Травмы и отравления,S75,7
2023,XIX,Травмы и отравления,S77,1
2023,XIX,Травмы и отравления,S79,1
2023,XIX,Травмы и отравления,S82,1
2023,XIX,Травмы и отравления,T02,3
2023,XIX,Травмы и отравления,T04,45
2023,XIX,Травмы и отравления,T06,238
2023,XIX,Травмы и отравления,T07,30
2023,XIX,Травмы и отравления,T13,6
2023,XIX,Травмы и отравления,T17,37
2023,XIX,Травмы и отравления,T21,1
2023,XIX,Травмы и отравления,T29,5
2023,XIX,Травмы и отравления,T31,1
2023,XIX,Травмы и отравления,T34,1
2023,XIX,Травмы и отравления,T40,37
2023,XIX,Травмы и отравления,T42,2
2023,XIX,Травмы и отравления,T43,3
2023,XIX,Травмы и отравления,T48,1
2023,XIX,Травмы и отравления,T51,99
2023,XIX,Травмы и отравления,T52,9
2023,XIX,Травмы и отравления,T54,3
2023,XIX,Травмы и отравления,T58,25
2023,XIX,Травмы и отравления,T59,2
2023,XIX,Травмы и отравления,T65,13
2023,XIX,Травмы и отравления,T68,19
2023,XIX,Травмы и отравления,T69,3
2023,XIX,Травмы и отравления,T71,85
2023,XIX,Травмы и отравления,T75,37
2023,XIX,Травмы и отравления,T78,2
2023,XIX,Травмы и отравления,T81,2
2023,XIX,Травмы и отравления,T93,3
2024,II,Новообразования,C01,1
2024,II,Новообразования,C02,3
2024,II,Новообразования,C04,11
2024,II,Новообразования,C05,2
2024,II,Новообразования,C07,3
2024,II,Новообразования,C09,1
2024,II,Новообразования,C10,8
2024,II,Новообразования,C11,2
2024,II,Новообразования,C13,6
2024,II,Новообразования,C14,1
2024,II,Новообразования,C15,37
2024,II,Новообразования,C16,106
2024,II,Новообразования,C17,4
2024,II,Новообразования,C18,75
2024,II,Новообразования,C19,15
2024,II,Новообразования,C20,40
2024,II,Новообразования,C21,4
2024,II,Новообразования,C22,63
2024,II,Новообразования,C23,6
2024,II,Новообразования,C24,11
2024,II,Новообразования,C25,80
2024,II,Новообразования,C31,2
2024,II,Новообразования,C32,17
2024,II,Новообразования,C33,1
2024,II,Новообразования,C34,203
2024,II,Новообразования,C38,2
2024,II,Новообразования,C40,2
2024,II,Новообразования,C41,1
2024,II,Новообразования,C43,18
2024,II,Новообразования,C44,1
2024,II,Новообразования,C45,7
2024,II,Новообразования,C48,2
2024,II,Новообразования,C49,7
2024,II,Новообразования,C50,60
2024,II,Новообразования,C51,4
2024,II,Новообразования,C53,36
2024,II,Новообразования,C54,22
2024,II,Новообразования,C56,34
2024,II,Новообразования,C57,2
2024,II,Новообразования,C61,49
2024,II,Новообразования,C62,1
2024,II,Новообразования,C64,34
2024,II,Новообразования,C65,1
2024,II,Новообразования,C66,1
2024,II,Новообразования,C67,36
2024,II,Новообразования,C68,2
2024,II,Новообразования,C69,1
2024,II,Новообразования,C71,20
2024,II,Новообразования,C73,4
2024,II,Новообразования,C74,2
2024,II,Новообразования,C75,1
2024,II,Новообразования,C76,1
2024,II,Новообразования,C81,2
2024,II,Новообразования,C82,1
2024,II,Новообразования,C83,9
2024,II,Новообразования,C84,2
2024,II,Новообразования,C85,1
2024,II,Новообразования,C90,8
2024,II,Новообразования,C91,11
2024,II,Новообразования,C92,13
2024,II,Новообразования,C93,1
2024,II,Новообразования,C94,1
2024,II,Новообразования,D17,1
2024,II,Новообразования,D18,1
2024,II,Новообразования,D29,1
2024,II,Новообразования,D32,7
2024,II,Новообразования,D43,1
2024,II,Новообразования,D46,4
2024,II,Новообразования,D47,1
2024,IV,Эндокринные и обмен,E05,1
2024,IV,Эндокринные и обмен,E10,6
2024,IV,Эндокринные и обмен,E11,397
2024,IV,Эндокринные и обмен,E71,1
2024,IX,Кровообращение,I06,1
2024,IX,Кровообращение,I08,6
2024,IX,Кровообращение,I11,2
2024,IX,Кровообращение,I20,1
2024,IX,Кровообращение,I21,198
2024,IX,Кровообращение,I24,1
2024,IX,Кровообращение,I25,409
2024,IX,Кровообращение,I27,1
2024,IX,Кровообращение,I28,1
2024,IX,Кровообращение,I33,13
2024,IX,Кровообращение,I34,8
2024,IX,Кровообращение,I35,40
2024,IX,Кровообращение,I42,163
2024,IX,Кровообращение,I51,4
2024,IX,Кровообращение,I60,21
2024,IX,Кровообращение,I61,102
2024,IX,Кровообращение,I62,7
2024,IX,Кровообращение,I63,155
2024,IX,Кровообращение,I67,104
2024,IX,Кровообращение,I69,171
2024,IX,Кровообращение,I70,40
2024,IX,Кровообращение,I71,35
2024,IX,Кровообращение,I72,3
2024,IX,Кровообращение,I74,8
2024,IX,Кровообращение,I80,66
2024,IX,Кровообращение,I82,1
2024,IX,Кровообращение,I87,1
2024,X,Дыхание,J01,2
2024,X,Дыхание,J05,1
2024,X,Дыхание,J12,1
2024,X,Дыхание,J15,29
2024,X,Дыхание,J16,4
2024,X,Дыхание,J18,175
2024,X,Дыхание,J36,1
2024,X,Дыхание,J43,1
2024,X,Дыхание,J44,169
2024,X,Дыхание,J45,6
2024,X,Дыхание,J84,21
2024,X,Дыхание,J85,23
2024,X,Дыхание,J94,4
2024,XI,Пищеварение,K20,1
2024,XI,Пищеварение,K22,12
2024,XI,Пищеварение,K25,31
2024,XI,Пищеварение,K26,15
2024,XI,Пищеварение,K29,1
2024,XI,Пищеварение,K35,1
2024,XI,Пищеварение,K40,2
2024,XI,Пищеварение,K42,5
2024,XI,Пищеварение,K43,9
2024,XI,Пищеварение,K44,2
2024,XI,Пищеварение,K45,2
2024,XI,Пищеварение,K50,2
2024,XI,Пищеварение,K51,13
2024,XI,Пищеварение,K52,5
2024,XI,Пищеварение,K55,79
2024,XI,Пищеварение,K56,18
2024,XI,Пищеварение,K57,12
2024,XI,Пищеварение,K61,1
2024,XI,Пищеварение,K63,5
2024,XI,Пищеварение,K66,3
2024,XI,Пищеварение,K70,44
2024,XI,Пищеварение,K71,5
2024,XI,Пищеварение,K73,2
2024,XI,Пищеварение,K74,239
2024,XI,Пищеварение,K75,2
2024,XI,Пищеварение,K76,24
2024,XI,Пищеварение,K80,29
2024,XI,Пищеварение,K81,10
2024,XI,Пищеварение,K83,2
2024,XI,Пищеварение,K85,101
2024,XI,Пищеварение,K86,26
2024,XI,Пищеварение,K92,1
2024,XIX,Травмы и отравления,S00,1
2024,XIX,Травмы и отравления,S01,4
2024,XIX,Травмы и отравления,S02,19
2024,XIX,Травмы и отравления,S06,108
2024,XIX,Травмы и отравления,S07,9
2024,XIX,Травмы и отравления,S09,1
2024,XIX,Травмы и отравления,S11,1
2024,XIX,Травмы и отравления,S14,1
2024,XIX,Травмы и отравления,S15,3
2024,XIX,Травмы и отравления,S17,1
2024,XIX,Травмы и отравления,S21,8
2024,XIX,Травмы и отравления,S22,7
2024,XIX,Травмы и отравления,S24,1
2024,XIX,Травмы и отравления,S25,1
2024,XIX,Травмы и отравления,S26,3
2024,XIX,Травмы и отравления,S27,26
2024,XIX,Травмы и отравления,S28,1
2024,XIX,Травмы и отравления,S29,3
2024,XIX,Травмы и отравления,S31,2
2024,XIX,Травмы и отравления,S35,1
2024,XIX,Травмы и отравления,S36,7
2024,XIX,Травмы и отравления,S37,3
2024,XIX,Травмы и отравления,S45,2
2024,XIX,Травмы и отравления,S48,1
2024,XIX,Травмы и отравления,S51,1
2024,XIX,Травмы и отравления,S52,1
2024,XIX,Травмы и отравления,S71,1
2024,XIX,Травмы и отравления,S72,10
2024,XIX,Травмы и отравления,S75,5
2024,XIX,Травмы и отравления,S76,1
2024,XIX,Травмы и отравления,S82,1
2024,XIX,Травмы и отравления,S85,1
2024,XIX,Травмы и отравления,S99,1
2024,XIX,Травмы и отравления,T02,6
2024,XIX,Травмы и отравления,T04,77
2024,XIX,Травмы и отравления,T06,535
2024,XIX,Травмы и отравления,T07,10
2024,XIX,Травмы и отравления,T13,17
2024,XIX,Травмы и отравления,T17,39
2024,XIX,Травмы и отравления,T20,1
2024,XIX,Травмы и отравления,T21,2
2024,XIX,Травмы и отравления,T27,2
2024,XIX,Травмы и отравления,T29,7
2024,XIX,Травмы и отравления,T31,4
2024,XIX,Травмы и отравления,T34,2
2024,XIX,Травмы и отравления,T40,20
2024,XIX,Травмы и отравления,T42,1
2024,XIX,Травмы и отравления,T43,1
2024,XIX,Травмы и отравления,T51,70
2024,XIX,Травмы и отравления,T52,9
2024,XIX,Травмы и отравления,T54,3
2024,XIX,Травмы и отравления,T58,21
2024,XIX,Травмы и отравления,T59,9
2024,XIX,Травмы и отравления,T62,1
2024,XIX,Травмы и отравления,T65,11
2024,XIX,Травмы и отравления,T68,29
2024,XIX,Травмы и отравления,T69,3
2024,XIX,Травмы и отравления,T71,83
2024,XIX,Травмы и отравления,T75,34
2024,XIX,Травмы и отравления,T80,1
2024,XIX,Травмы и отравления,T81,5
2024,XIX,Травмы и отравления,T88,1
2024,XIX,Травмы и отравления,T90,1
2025,II,Новообразования,C01,1
2025,II,Новообразования,C02,4
2025,II,Новообразования,C03,2
2025,II,Новообразования,C04,6
2025,II,Новообразования,C05,2
2025,II,Новообразования,C06,2
2025,II,Новообразования,C07,1
2025,II,Новообразования,C08,1
2025,II,Новообразования,C09,1
2025,II,Новообразования,C10,8
2025,II,Новообразования,C11,2
2025,II,Новообразования,C13,3
2025,II,Новообразования,C14,1
2025,II,Новообразования,C15,23
2025,II,Новообразования,C16,94
2025,II,Новообразования,C17,3
2025,II,Новообразования,C18,92
2025,II,Новообразования,C19,12
2025,II,Новообразования,C20,34
2025,II,Новообразования,C21,1
2025,II,Новообразования,C22,47
2025,II,Новообразования,C23,2
2025,II,Новообразования,C24,12
2025,II,Новообразования,C25,71
2025,II,Новообразования,C31,3
2025,II,Новообразования,C32,15
2025,II,Новообразования,C33,2
2025,II,Новообразования,C34,259
2025,II,Новообразования,C38,1
2025,II,Новообразования,C41,1
2025,II,Новообразования,C43,16
2025,II,Новообразования,C44,4
2025,II,Новообразования,C45,6
2025,II,Новообразования,C47,2
2025,II,Новообразования,C49,6
2025,II,Новообразования,C50,74
2025,II,Новообразования,C53,39
2025,II,Новообразования,C54,20
2025,II,Новообразования,C56,26
2025,II,Новообразования,C57,2
2025,II,Новообразования,C60,3
2025,II,Новообразования,C61,43
2025,II,Новообразования,C62,1
2025,II,Новообразования,C64,30
2025,II,Новообразования,C67,28
2025,II,Новообразования,C68,2
2025,II,Новообразования,C69,1
2025,II,Новообразования,C71,27
2025,II,Новообразования,C73,3
2025,II,Новообразования,C74,1
2025,II,Новообразования,C75,1
2025,II,Новообразования,C79,1
2025,II,Новообразования,C81,2
2025,II,Новообразования,C83,12
2025,II,Новообразования,C85,1
2025,II,Новообразования,C90,10
2025,II,Новообразования,C91,4
2025,II,Новообразования,C92,15
2025,II,Новообразования,C93,1
2025,II,Новообразования,C94,1
2025,II,Новообразования,C95,2
2025,II,Новообразования,C96,1
2025,II,Новообразования,C97,1
2025,II,Новообразования,D27,1
2025,II,Новообразования,D43,3
2025,II,Новообразования,D46,5
2025,II,Новообразования,D47,1
2025,IV,Эндокринные и обмен,E10,8
2025,IV,Эндокринные и обмен,E11,330
2025,IX,Кровообращение,I05,1
2025,IX,Кровообращение,I06,1
2025,IX,Кровообращение,I08,4
2025,IX,Кровообращение,I11,2
2025,IX,Кровообращение,I21,192
2025,IX,Кровообращение,I24,3
2025,IX,Кровообращение,I25,390
2025,IX,Кровообращение,I30,1
2025,IX,Кровообращение,I33,4
2025,IX,Кровообращение,I34,20
2025,IX,Кровообращение,I35,51
2025,IX,Кровообращение,I36,3
2025,IX,Кровообращение,I37,1
2025,IX,Кровообращение,I40,4
2025,IX,Кровообращение,I42,149
2025,IX,Кровообращение,I51,3
2025,IX,Кровообращение,I60,14
2025,IX,Кровообращение,I61,102
2025,IX,Кровообращение,I62,7
2025,IX,Кровообращение,I63,129
2025,IX,Кровообращение,I67,150
2025,IX,Кровообращение,I69,164
2025,IX,Кровообращение,I70,42
2025,IX,Кровообращение,I71,42
2025,IX,Кровообращение,I72,3
2025,IX,Кровообращение,I74,3
2025,IX,Кровообращение,I80,96
2025,IX,Кровообращение,I82,4
2025,IX,Кровообращение,I83,2
2025,IX,Кровообращение,I87,2
2025,IX,Кровообращение,I89,1
2025,X,Дыхание,J13,1
2025,X,Дыхание,J15,18
2025,X,Дыхание,J16,3
2025,X,Дыхание,J18,148
2025,X,Дыхание,J38,1
2025,X,Дыхание,J43,1
2025,X,Дыхание,J44,175
2025,X,Дыхание,J45,3
2025,X,Дыхание,J84,13
2025,X,Дыхание,J85,17
2025,X,Дыхание,J86,1
2025,X,Дыхание,J94,3
2025,XI,Пищеварение,K12,2
2025,XI,Пищеварение,K22,13
2025,XI,Пищеварение,K25,27
2025,XI,Пищеварение,K26,18
2025,XI,Пищеварение,K28,1
2025,XI,Пищеварение,K29,3
2025,XI,Пищеварение,K40,1
2025,XI,Пищеварение,K42,3
2025,XI,Пищеварение,K43,5
2025,XI,Пищеварение,K44,2
2025,XI,Пищеварение,K50,3
2025,XI,Пищеварение,K51,9
2025,XI,Пищеварение,K52,3
2025,XI,Пищеварение,K55,66
2025,XI,Пищеварение,K56,12
2025,XI,Пищеварение,K57,13
2025,XI,Пищеварение,K61,2
2025,XI,Пищеварение,K63,4
2025,XI,Пищеварение,K65,1
2025,XI,Пищеварение,K66,8
2025,XI,Пищеварение,K70,28
2025,XI,Пищеварение,K71,6
2025,XI,Пищеварение,K74,245
2025,XI,Пищеварение,K75,2
2025,XI,Пищеварение,K76,29
2025,XI,Пищеварение,K80,28
2025,XI,Пищеварение,K81,8
2025,XI,Пищеварение,K83,4
2025,XI,Пищеварение,K85,78
2025,XI,Пищеварение,K86,49
2025,XIX,Травмы и отравления,S01,3
2025,XIX,Травмы и отравления,S02,23
2025,XIX,Травмы и отравления,S06,113
2025,XIX,Травмы и отравления,S07,20
2025,XIX,Травмы и отравления,S09,4
2025,XIX,Травмы и отравления,S11,2
2025,XIX,Травмы и отравления,S12,3
2025,XIX,Травмы и отравления,S15,2
2025,XIX,Травмы и отравления,S20,1
2025,XIX,Травмы и отравления,S21,3
2025,XIX,Травмы и отравления,S22,3
2025,XIX,Травмы и отравления,S25,5
2025,XIX,Травмы и отравления,S26,2
2025,XIX,Травмы и отравления,S27,61
2025,XIX,Травмы и отравления,S29,5
2025,XIX,Травмы и отравления,S31,1
2025,XIX,Травмы и отравления,S35,3
2025,XIX,Травмы и отравления,S36,12
2025,XIX,Травмы и отравления,S37,1
2025,XIX,Травмы и отравления,S42,3
2025,XIX,Травмы и отравления,S45,1
2025,XIX,Травмы и отравления,S51,2
2025,XIX,Травмы и отравления,S55,1
2025,XIX,Травмы и отравления,S71,2
2025,XIX,Травмы и отравления,S72,2
2025,XIX,Травмы и отравления,S75,3
2025,XIX,Травмы и отравления,S82,3
2025,XIX,Травмы и отравления,S95,1
2025,XIX,Травмы и отравления,S99,1
2025,XIX,Травмы и отравления,T01,1
2025,XIX,Травмы и отравления,T02,1
2025,XIX,Травмы и отравления,T04,110
2025,XIX,Травмы и отравления,T06,566
2025,XIX,Травмы и отравления,T07,1
2025,XIX,Травмы и отравления,T13,3
2025,XIX,Травмы и отравления,T17,19
2025,XIX,Травмы и отравления,T20,1
2025,XIX,Травмы и отравления,T21,1
2025,XIX,Травмы и отравления,T29,4
2025,XIX,Травмы и отравления,T31,6
2025,XIX,Травмы и отравления,T39,2
2025,XIX,Травмы и отравления,T40,29
2025,XIX,Травмы и отравления,T42,1
2025,XIX,Травмы и отравления,T43,5
2025,XIX,Травмы и отравления,T44,1
2025,XIX,Травмы и отравления,T46,1
2025,XIX,Травмы и отравления,T51,64
2025,XIX,Травмы и отравления,T52,5
2025,XIX,Травмы и отравления,T54,4
2025,XIX,Травмы и отравления,T58,21
2025,XIX,Травмы и отравления,T59,1
2025,XIX,Травмы и отравления,T65,5
2025,XIX,Травмы и отравления,T67,1
2025,XIX,Травмы и отравления,T68,19
2025,XIX,Травмы и отравления,T71,75
2025,XIX,Травмы и отравления,T75,37
2025,XIX,Травмы и отравления,T78,1
2025,XIX,Травмы и отравления,T81,1
2025,XIX,Травмы и отравления,T90,1
2025,XIX,Травмы и отравления,T91,1
2025,XIX,Травмы и отравления,T93,1
