icd_class,block_code,block_description,icd3,n,median_age,q1_age,q3_age,mean_age,min_age,max_age,description,iqr,small_n,class_order
I,A00-A09,Кишечные инфекции,A02,1,46.0,46.0,46.0,46.0,46.0,46.0,Сальмонеллезный энтерит,0.0,True,1
I,A00-A09,Кишечные инфекции,A04,29,68.0,48.0,74.0,60.206896551724135,0.0,95.0,"Энтероколит, вызванный Clostridium difficile",26.0,False,1
I,A00-A09,Кишечные инфекции,A05,1,40.0,40.0,40.0,40.0,40.0,40.0,Бактериальное пищевое отравление неуточненное,0.0,True,1
I,A00-A09,Кишечные инфекции,A08,2,26.5,14.75,38.25,26.5,3.0,50.0,Ротавирусный энтерит,23.5,True,1
I,A00-A09,Кишечные инфекции,A09,15,53.0,3.5,69.5,42.266666666666666,0.0,80.0,Другой и неуточненный гастроэнтерит и колит инфекционного происхождения,66.0,False,1
I,A15-A19,Туберкулез,A15,306,46.0,38.0,56.0,47.42483660130719,15.0,97.0,"Туберкулез легких, подтвержденный гистологически",18.0,False,1
I,A15-A19,Туберкулез,A16,38,50.5,43.25,59.0,51.28947368421053,33.0,86.0,Туберкулез легких без упоминания о бактериологическом или гистологическом подтверждении,15.75,False,1
I,A15-A19,Туберкулез,A18,1,59.0,59.0,59.0,59.0,59.0,59.0,Туберкулез других органов,0.0,True,1
I,A15-A19,Туберкулез,A19,7,53.0,42.0,71.0,56.714285714285715,32.0,86.0,Острый милиарный туберкулез одной уточненной локализации,29.0,False,1
I,A30-A49,Другие бактериальные болезни,A31,1,61.0,61.0,61.0,61.0,61.0,61.0,Инфекция вызванная Mycobacterium,0.0,True,1
I,A30-A49,Другие бактериальные болезни,A32,3,47.0,41.5,52.5,47.0,36.0,58.0,Листериозный менингит и менингоэнцефалит,11.0,True,1
I,A30-A49,Другие бактериальные болезни,A39,2,9.0,4.5,13.5,9.0,0.0,18.0,Острая менингококковая эндокардит,9.0,True,1
I,A30-A49,Другие бактериальные болезни,A46,31,75.0,70.5,82.0,73.70967741935483,31.0,92.0,Рожа,11.5,False,1
I,A30-A49,Другие бактериальные болезни,A48,4,57.0,33.75,69.25,46.0,0.0,70.0,Газовая гангрена,35.5,True,1
I,A30-A49,Другие бактериальные болезни,A49,2,65.0,64.0,66.0,65.0,63.0,67.0,Бактериальная инфекция неуточненная,2.0,True,1
I,A50-A64,"Инфекции, передающиеся преимущественно половым путем",A52,3,51.0,48.0,53.0,50.333333333333336,45.0,55.0,Нейросифилис с симптомами,5.0,True,1
I,A80-A89,Вирусные инфекции центральной нервной системы,A84,1,63.0,63.0,63.0,63.0,63.0,63.0,Энцефалит вызванный клещом,0.0,True,1
I,A80-A89,Вирусные инфекции центральной нервной системы,A86,1,28.0,28.0,28.0,28.0,28.0,28.0,Вирусный энцефалит неуточненный,0.0,True,1
I,B00-B09,"Вирусные инфекции, характеризующиеся поражениями кожи и слизистых оболочек",B00,1,33.0,33.0,33.0,33.0,33.0,33.0,Герпетическая энцефалит,0.0,True,1
I,B15-B19,Вирусный гепатит,B18,93,53.0,45.0,65.0,55.473118279569896,29.0,88.0,Хронический вирусный гепатит C,20.0,False,1
I,B20-B24,"Болезнь, вызванная вирусом иммунодефицита человека [ВИЧ]",B20,148,39.0,34.75,47.0,41.08783783783784,21.0,65.0,"Болезнь, вызванная ВИЧ, с проявлениями множественных инфекций",12.25,False,1
I,B20-B24,"Болезнь, вызванная вирусом иммунодефицита человека [ВИЧ]",B21,4,53.5,47.0,62.0,55.5,38.0,77.0,"Болезнь, вызванная ВИЧ, с проявлениями других злокачественных новообразований",15.0,True,1
I,B20-B24,"Болезнь, вызванная вирусом иммунодефицита человека [ВИЧ]",B22,16,45.5,41.75,53.75,49.1875,30.0,77.0,"Болезнь, вызванная ВИЧ, с проявлениями изнуряющего синдрома",12.0,False,1
I,B20-B24,"Болезнь, вызванная вирусом иммунодефицита человека [ВИЧ]",B23,6,42.0,38.5,46.25,43.833333333333336,31.0,63.0,"Болезнь, вызванная ВИЧ, с проявлениями (персистентной) генерализованной лимфаденопатии",7.75,False,1
I,B20-B24,"Болезнь, вызванная вирусом иммунодефицита человека [ВИЧ]",B24,3,34.0,33.5,39.0,37.0,33.0,44.0,"Болезнь, вызванная вирусом иммунодефицита человека [ВИЧ], неуточненная",5.5,True,1
I,B25-B34,Другие вирусные болезни,B27,2,64.0,61.5,66.5,64.0,59.0,69.0,Гамма-герпесвирусный мононуклеоз,5.0,True,1
I,B25-B34,Другие вирусные болезни,B34,3,25.0,12.5,34.5,23.0,0.0,44.0,Другие вирусные инфекции,22.0,True,1
I,B35-B49,Микозы,B44,2,64.5,57.25,71.75,64.5,50.0,79.0,Инвазивный аспергиллез,14.5,True,1
I,B65-B83,Гельминтозы,B83,1,69.0,69.0,69.0,69.0,69.0,69.0,Гельминтоз неуточненный,0.0,True,1
I,B90-B94,Последствия инфестационных и паразитарных болезней,B90,1,54.0,54.0,54.0,54.0,54.0,54.0,Отдаленные последствия туберкулеза органов дыхания и неуточненного туберкулеза,0.0,True,1
I,B90-B94,Последствия инфестационных и паразитарных болезней,B91,1,31.0,31.0,31.0,31.0,31.0,31.0,Последствия полиомиелита,0.0,True,1
I,B90-B94,Последствия инфестационных и паразитарных болезней,B94,1,68.0,68.0,68.0,68.0,68.0,68.0,Последствия вирусного энцефалита,0.0,True,1
II,C00-C14,"Губы, полости рта и глотки",C00,10,65.5,60.25,68.5,64.7,41.0,88.0,"Злокачественное новообразование губы, выходящее за пределы одной и более вышеуказанных локализаций",8.25,False,2
II,C00-C14,"Губы, полости рта и глотки",C01,22,65.5,58.5,68.75,64.0,41.0,77.0,Злокачественные новообразования основания языка,10.25,False,2
II,C00-C14,"Губы, полости рта и глотки",C02,62,61.0,53.5,68.0,60.67741935483871,40.0,85.0,"Злокачественное новообразование языка, выходящее за пределы одной и более вышеуказанных локализаций",14.5,False,2
II,C00-C14,"Губы, полости рта и глотки",C03,16,63.5,60.25,68.25,64.6875,46.0,88.0,Злокачественное новообразование десны нижней челюсти,8.0,False,2
II,C00-C14,"Губы, полости рта и глотки",C04,68,59.0,54.0,67.0,60.9264705882353,44.0,91.0,"Злокачественное новообразование дна полости рта, выходящее за пределы одной и более вышеуказанных локализаций",13.0,False,2
II,C00-C14,"Губы, полости рта и глотки",C05,16,59.5,55.75,66.75,61.3125,48.0,75.0,Злокачественное новообразование мягкого неба,11.0,False,2
II,C00-C14,"Губы, полости рта и глотки",C06,10,65.0,57.75,68.0,62.7,45.0,78.0,Злокачественное новообразование слизистой оболочки щеки,10.25,False,2
II,C00-C14,"Губы, полости рта и глотки",C07,17,66.0,58.0,73.0,66.05882352941177,35.0,89.0,Злокачественное новообразование околоушной слюнной железы,15.0,False,2
II,C00-C14,"Губы, полости рта и глотки",C08,13,68.0,66.0,73.0,67.61538461538461,46.0,86.0,"Злокачественное новообразование больших слюнных желез, выходящее за пределы одной и более вышеуказанных локализаций",7.0,False,2
II,C00-C14,"Губы, полости рта и глотки",C09,11,65.0,52.0,70.0,61.63636363636363,43.0,77.0,"Злокачественное новообразование миндалины, выходящее за пределы одной и более вышеуказанных локализаций",18.0,False,2
II,C00-C14,"Губы, полости рта и глотки",C10,106,63.0,58.0,68.0,62.405660377358494,38.0,100.0,"Злокачественное новообразование ротоглотки, выходящее за пределы одной и более вышеуказанных локализаций",10.0,False,2
II,C00-C14,"Губы, полости рта и глотки",C11,7,50.0,49.5,52.0,50.142857142857146,40.0,58.0,"Злокачественное новообразование носоглотки, выходящее за пределы одной и более вышеуказанных локализаций",2.5,False,2
II,C00-C14,"Губы, полости рта и глотки",C12,4,70.5,59.25,76.25,65.0,42.0,77.0,Злокачественное новообразование грушевидного синуса,17.0,True,2
II,C00-C14,"Губы, полости рта и глотки",C13,73,62.0,55.0,68.0,61.21917808219178,40.0,77.0,"Злокачественное новообразование нижней части глотки, выходящее за пределы одной и более вышеуказанных локализаций",13.0,False,2
II,C00-C14,"Губы, полости рта и глотки",C14,17,54.0,49.0,68.0,58.23529411764706,46.0,75.0,"Злокачественное новообразование губы, полости рта и глотки, выходящее за пределы одной и более вышеуказанных локализаций",19.0,False,2
II,C15-C26,Органов пищеварения,C15,374,65.0,58.0,71.0,64.70855614973262,31.0,90.0,"Злокачественное новообразование пищевода, выходящее за пределы одной и более вышеуказанных локализаций",13.0,False,2
II,C15-C26,Органов пищеварения,C16,1083,68.0,61.0,75.0,67.61034164358264,30.0,98.0,"Злокачественное новообразование желудка, выходящее за пределы одной и более вышеуказанных локализаций",14.0,False,2
II,C15-C26,Органов пищеварения,C17,44,70.0,62.0,73.25,68.13636363636364,33.0,89.0,Злокачественное новообразование двенадцатиперстной кишки,11.25,False,2
II,C15-C26,Органов пищеварения,C18,816,71.0,64.0,78.0,70.34191176470588,28.0,92.0,Злокачественное новообразование сигмовидной кишки,14.0,False,2
II,C15-C26,Органов пищеварения,C19,120,69.0,65.0,77.0,70.15,37.0,97.0,Злокачественное новообразование ректосигмоидного соединения,12.0,False,2
II,C15-C26,Органов пищеварения,C20,327,69.0,62.0,76.0,68.29969418960245,29.0,94.0,Злокачественное новообразование прямой кишки,14.0,False,2
II,C15-C26,Органов пищеварения,C21,52,65.5,55.75,73.0,64.40384615384616,27.0,89.0,"Злокачественное новообразование прямой кишки, заднего прохода [ануса] и анального канала, выходящее за пределы вышеуказанных локализаций",17.25,False,2
II,C15-C26,Органов пищеварения,C22,552,66.0,57.0,73.0,65.35326086956522,33.0,95.0,Печеночноклеточный рак,16.0,False,2
II,C15-C26,Органов пищеварения,C23,29,71.0,64.0,80.0,71.24137931034483,43.0,91.0,Злокачественное новообразование желчного пузыря,16.0,False,2
II,C15-C26,Органов пищеварения,C24,73,67.0,60.0,74.0,66.05479452054794,35.0,86.0,Злокачественное новообразование внепеченочного желчного протока,14.0,False,2
II,C15-C26,Органов пищеварения,C25,775,67.0,61.0,74.0,67.07354838709678,36.0,96.0,Злокачественное новообразование головки поджелудочной железы,13.0,False,2
II,C15-C26,Органов пищеварения,C26,3,76.0,65.5,77.5,70.0,55.0,79.0,Злокачественное новообразование других органов пищеварения,12.0,True,2
II,C30-C39,Органов дыхания и грудной клетки,C30,6,66.0,53.5,70.25,60.833333333333336,31.0,81.0,Злокачественное новообразование полости носа,16.75,False,2
II,C30-C39,Органов дыхания и грудной клетки,C31,13,55.0,47.0,65.0,57.53846153846154,41.0,80.0,"Злокачественное новообразование придаточных пазух, выходящее за пределы одной и более вышеуказанных локализаций",18.0,False,2
II,C30-C39,Органов дыхания и грудной клетки,C32,200,64.0,57.75,69.0,63.025,35.0,86.0,"Злокачественное новообразование гортани, выходящее за пределы одной и более вышеуказанных локализаций",11.25,False,2
II,C30-C39,Органов дыхания и грудной клетки,C33,10,67.5,58.5,77.0,65.8,32.0,84.0,Злокачественное новообразование трахеи,18.5,False,2
II,C30-C39,Органов дыхания и грудной клетки,C34,2332,66.0,61.0,72.0,66.45068610634648,31.0,105.0,"Злокачественное новообразование бронхов или легкого, выходящее за пределы одной и более вышеуказанных локализаций",11.0,False,2
II,C30-C39,Органов дыхания и грудной клетки,C37,2,62.5,61.75,63.25,62.5,61.0,64.0,Злокачественное новообразование тимуса,1.5,True,2
II,C30-C39,Органов дыхания и грудной клетки,C38,21,63.0,54.0,70.0,60.666666666666664,17.0,76.0,Злокачественное новообразование плевры,16.0,False,2
II,C30-C39,Органов дыхания и грудной клетки,C39,1,59.0,59.0,59.0,59.0,59.0,59.0,Злокачественное новообразование органов дыхания,0.0,True,2
II,C40-C41,Костей и суставных хрящей,C40,12,57.0,33.5,72.75,53.083333333333336,20.0,80.0,Злокачественное новообразование длинных костей нижней конечности,39.25,False,2
II,C40-C41,Костей и суставных хрящей,C41,20,63.5,54.75,68.25,61.45,32.0,89.0,"Злокачественное новообразование костей таза, крестца и копчика",13.5,False,2
II,C43-C44,Кожи,C43,150,66.5,56.5,74.0,65.28666666666666,28.0,96.0,Злокачественная меланома туловища,17.5,False,2
II,C43-C44,Кожи,C44,45,69.0,62.0,81.0,70.17777777777778,38.0,95.0,Другие злокачественные новообразования кожи других и неуточненных частей лица,19.0,False,2
II,C45-C49,Мезотелиальной и мягких тканей,C45,52,71.0,64.75,80.0,70.28846153846153,35.0,92.0,Мезотелиома плевры,15.25,False,2
II,C45-C49,Мезотелиальной и мягких тканей,C47,3,66.0,60.0,71.0,65.33333333333333,54.0,76.0,"Злокачественное новообразование периферических нервов верхней конечности, включая область плечевого пояса",11.0,True,2
II,C45-C49,Мезотелиальной и мягких тканей,C48,37,64.0,59.0,72.0,63.7027027027027,9.0,84.0,Злокачественное новообразование забрюшинного пространства,13.0,False,2
II,C45-C49,Мезотелиальной и мягких тканей,C49,50,69.0,60.75,73.0,65.24,15.0,93.0,"Злокачественное новообразование соединительной и мягких тканей нижней конечности, включая тазобедренную область",12.25,False,2
II,C50-C50,Молочной железы,C50,675,66.0,57.0,75.0,65.4074074074074,31.0,97.0,"Злокачественное новообразование молочной железы, выходящее за пределы одной и более вышеуказанных локализаций",18.0,False,2
II,C51-C58,Женских половых органов,C51,32,73.5,60.5,81.0,68.21875,31.0,86.0,"Злокачественное новообразование вульвы, выходящее за пределы одной и более вышеуказанных локализаций",20.5,False,2
II,C51-C58,Женских половых органов,C52,6,58.0,37.5,61.25,49.833333333333336,3.0,87.0,Злокачественное новообразование влагалища,23.75,False,2
II,C51-C58,Женских половых органов,C53,282,57.0,45.0,68.0,57.06028368794326,27.0,91.0,"Злокачественное новообразование шейки матки, выходящее за пределы одной и более вышеуказанных локализаций",23.0,False,2
II,C51-C58,Женских половых органов,C54,221,68.0,61.0,76.0,67.35746606334841,39.0,92.0,"Злокачественное новообразование тела матки, выходящее за пределы одной и более вышеуказанных локализаций",15.0,False,2
II,C51-C58,Женских половых органов,C55,1,68.0,68.0,68.0,68.0,68.0,68.0,Злокачественное новообразование матки,0.0,True,2
II,C51-C58,Женских половых органов,C56,311,67.0,61.0,74.5,66.45659163987138,20.0,92.0,Злокачественное новообразование яичника,13.5,False,2
II,C51-C58,Женских половых органов,C57,17,63.0,56.0,69.0,63.76470588235294,46.0,80.0,Злокачественное новообразование женских половых органов,13.0,False,2
II,C60-C63,Мужских половых органов,C60,9,68.0,60.0,74.0,67.22222222222223,52.0,79.0,Злокачественное новообразование крайней плоти,14.0,False,2
II,C60-C63,Мужских половых органов,C61,388,72.0,66.0,77.25,71.97680412371135,54.0,94.0,Злокачественное новообразование предстательной железы,11.25,False,2
II,C60-C63,Мужских половых органов,C62,18,42.0,36.75,54.0,46.44444444444444,24.0,74.0,Злокачественное новообразование опущенного яичка,17.25,False,2
II,C60-C63,Мужских половых органов,C63,3,73.0,72.5,73.0,72.66666666666667,72.0,73.0,Злокачественное новообразование мужских половых органов,0.5,True,2
II,C64-C68,Мочевых путей,C64,323,66.0,59.0,73.0,66.15170278637771,30.0,95.0,"Злокачественное новообразование почки, кроме почечной лоханки",14.0,False,2
II,C64-C68,Мочевых путей,C65,12,70.0,66.5,76.25,71.33333333333333,57.0,84.0,Злокачественное новообразование почечных лоханок,9.75,False,2
II,C64-C68,Мочевых путей,C66,9,68.0,63.0,73.0,68.0,46.0,81.0,Злокачественное новообразование мочеточника,10.0,False,2
II,C64-C68,Мочевых путей,C67,262,70.0,63.0,77.0,69.95419847328245,32.0,92.0,"Злокачественное новообразование мочевого пузыря, выходящее за пределы одной и более вышеуказанных локализаций",14.0,False,2
II,C64-C68,Мочевых путей,C68,9,64.0,64.0,69.0,66.44444444444444,59.0,76.0,"Злокачественное новообразование мочевых органов, выходящее за пределы одной и более вышеуказанных локализаций",5.0,False,2
II,C69-C72,"Глаза, головного мозга и других отделов центральной нервной системы",C69,15,68.0,64.0,72.5,66.0,23.0,81.0,Злокачественное новообразование сосудистой оболочки,8.5,False,2
II,C69-C72,"Глаза, головного мозга и других отделов центральной нервной системы",C70,7,68.0,50.5,68.5,54.57142857142857,4.0,72.0,Злокачественное новообразование оболочек головного мозга,18.0,False,2
II,C69-C72,"Глаза, головного мозга и других отделов центральной нервной системы",C71,220,64.0,53.0,72.0,60.86818181818182,3.0,95.0,"Злокачественное новообразование головного мозга, выходящее за пределы одной и более вышеуказанных локализаций",19.0,False,2
II,C69-C72,"Глаза, головного мозга и других отделов центральной нервной системы",C72,7,72.0,46.0,76.5,61.57142857142857,28.0,86.0,Злокачественное новообразование спинного мозга,30.5,False,2
II,C73-C75,Щитовидной и других эндокринных желез,C73,29,72.0,64.0,79.0,69.44827586206897,32.0,90.0,Злокачественное новообразование щитовидной железы,15.0,False,2
II,C73-C75,Щитовидной и других эндокринных желез,C74,25,63.0,57.0,67.0,62.08,41.0,89.0,Злокачественное новообразование коры надпочечника,10.0,False,2
II,C73-C75,Щитовидной и других эндокринных желез,C75,5,51.0,51.0,63.0,55.0,46.0,64.0,Злокачественное новообразование гипофиза,12.0,False,2
II,C76-C80,"Злокачественные новообразования других, неточно обозначенных и вторичных локализаций",C76,10,66.0,63.25,76.0,64.7,15.0,85.0,"Злокачественное новообразование других и неточно обозначенных локализаций, выходящее за пределы одной и более вышеуказанных локализаций",12.75,False,2
II,C76-C80,"Злокачественные новообразования других, неточно обозначенных и вторичных локализаций",C77,9,61.0,56.0,69.0,62.22222222222222,46.0,80.0,Вторичное злокачественное новообразование лимфатических узлов головы и шеи,13.0,False,2
II,C76-C80,"Злокачественные новообразования других, неточно обозначенных и вторичных локализаций",C78,2,70.5,66.25,74.75,70.5,62.0,79.0,Вторичное злокачественное новообразование брюшины,8.5,True,2
II,C76-C80,"Злокачественные новообразования других, неточно обозначенных и вторичных локализаций",C79,10,63.5,53.25,72.0,62.8,43.0,83.0,Вторичное злокачественное новообразование других уточненных локализаций,18.75,False,2
II,C76-C80,"Злокачественные новообразования других, неточно обозначенных и вторичных локализаций",C80,30,62.0,56.25,69.0,62.9,32.0,82.0,Злокачественное новообразование неуточненное,12.75,False,2
II,C81-C96,"Злокачественные новообразования лимфоидной, кроветворной и родственных им тканей, которые обозначены как первичные или предположительно первичные",C81,11,66.0,48.5,70.0,59.72727272727273,28.0,84.0,(Классическая) лимфома Ходжкина [Hodgkin] с нодулярным склерозом,21.5,False,2
II,C81-C96,"Злокачественные новообразования лимфоидной, кроветворной и родственных им тканей, которые обозначены как первичные или предположительно первичные",C82,8,73.5,66.25,75.25,69.5,46.0,81.0,Фолликулярная лимфома,9.0,False,2
II,C81-C96,"Злокачественные новообразования лимфоидной, кроветворной и родственных им тканей, которые обозначены как первичные или предположительно первичные",C83,75,64.0,53.5,71.0,62.49333333333333,21.0,86.0,Диффузная В-крупноклеточная лимфома,17.5,False,2
II,C81-C96,"Злокачественные новообразования лимфоидной, кроветворной и родственных им тканей, которые обозначены как первичные или предположительно первичные",C84,13,61.0,51.0,65.0,58.92307692307692,34.0,76.0,"Периферическая Т-клеточная лимфома, не классифицированная в других рубриках",14.0,False,2
II,C81-C96,"Злокачественные новообразования лимфоидной, кроветворной и родственных им тканей, которые обозначены как первичные или предположительно первичные",C85,32,68.5,57.75,73.5,66.46875,35.0,93.0,B-клеточная лимфома неуточненная,15.75,False,2
II,C81-C96,"Злокачественные новообразования лимфоидной, кроветворной и родственных им тканей, которые обозначены как первичные или предположительно первичные",C88,2,63.0,57.0,69.0,63.0,51.0,75.0,Макроглобулинемия Вальденстрема,12.0,True,2
II,C81-C96,"Злокачественные новообразования лимфоидной, кроветворной и родственных им тканей, которые обозначены как первичные или предположительно первичные",C90,86,69.5,63.0,74.75,68.03488372093024,41.0,88.0,Множественная миелома,11.75,False,2
II,C81-C96,"Злокачественные новообразования лимфоидной, кроветворной и родственных им тканей, которые обозначены как первичные или предположительно первичные",C91,76,69.0,57.75,77.0,63.96052631578947,10.0,90.0,В-клеточный хронический лимфоцитарный лейкоз,19.25,False,2
II,C81-C96,"Злокачественные новообразования лимфоидной, кроветворной и родственных им тканей, которые обозначены как первичные или предположительно первичные",C92,87,68.0,60.5,74.0,65.64367816091954,28.0,90.0,Острый миелобластный лейкоз [ОМЛ],13.5,False,2
II,C81-C96,"Злокачественные новообразования лимфоидной, кроветворной и родственных им тканей, которые обозначены как первичные или предположительно первичные",C93,16,62.0,57.5,69.75,62.75,36.0,85.0,Острый монобластный/моноцитарный лейкоз,12.25,False,2
II,C81-C96,"Злокачественные новообразования лимфоидной, кроветворной и родственных им тканей, которые обозначены как первичные или предположительно первичные",C94,11,68.0,59.5,69.5,64.63636363636364,41.0,78.0,Острый моноцитарный лейкоз,10.0,False,2
II,C81-C96,"Злокачественные новообразования лимфоидной, кроветворной и родственных им тканей, которые обозначены как первичные или предположительно первичные",C95,11,71.0,66.5,80.5,71.81818181818181,51.0,86.0,Острый лейкоз неуточненного клеточного типа,14.0,False,2
II,C81-C96,"Злокачественные новообразования лимфоидной, кроветворной и родственных им тканей, которые обозначены как первичные или предположительно первичные",C96,2,56.5,39.75,73.25,56.5,23.0,90.0,Злокачественное новообразование лимфоидной ткани,33.5,True,2
II,C97-C97,"Злокачественные новообразования лимфоидной, кроветворной и родственных им тканей, которые обозначены как первичные или предположительно первичные",C97,110,71.0,65.0,77.0,69.86363636363636,27.0,90.0,Злокачественное новообразование самостоятельных (первичных) множественных локализаций,12.0,False,2
II,D10-D36,Доброкачественные новообразования,D10,1,71.0,71.0,71.0,71.0,71.0,71.0,Доброкачественное новообразование гортаноглотки,0.0,True,2
II,D10-D36,Доброкачественные новообразования,D12,2,77.0,75.0,79.0,77.0,73.0,81.0,Доброкачественное новообразование нисходящей ободочной кишки,4.0,True,2
II,D10-D36,Доброкачественные новообразования,D13,4,84.5,80.25,86.25,82.0,69.0,90.0,Доброкачественное новообразование двенадцатиперстной кишки,6.0,True,2
II,D10-D36,Доброкачественные новообразования,D15,2,59.0,54.5,63.5,59.0,50.0,68.0,Доброкачественное новообразование сердца,9.0,True,2
II,D10-D36,Доброкачественные новообразования,D16,1,68.0,68.0,68.0,68.0,68.0,68.0,Доброкачественное новообразование костей черепа,0.0,True,2
II,D10-D36,Доброкачественные новообразования,D17,1,74.0,74.0,74.0,74.0,74.0,74.0,Доброкачественное новообразование жировой ткани органов грудной клетки,0.0,True,2
II,D10-D36,Доброкачественные новообразования,D18,3,56.0,56.0,60.5,59.0,56.0,65.0,Гемангиома любой локализации,4.5,True,2
II,D10-D36,Доброкачественные новообразования,D25,7,62.0,51.5,67.5,60.285714285714285,51.0,71.0,Интрамуральная лейомиома матки,16.0,False,2
II,D10-D36,Доброкачественные новообразования,D27,3,60.0,53.5,66.5,60.0,47.0,73.0,Доброкачественное новообразование яичника,13.0,True,2
II,D10-D36,Доброкачественные новообразования,D29,1,76.0,76.0,76.0,76.0,76.0,76.0,Доброкачественное новообразование предстательной железы,0.0,True,2
II,D10-D36,Доброкачественные новообразования,D30,2,85.5,82.75,88.25,85.5,80.0,91.0,Доброкачественное новообразование мочевого пузыря,5.5,True,2
II,D10-D36,Доброкачественные новообразования,D32,36,72.0,62.75,79.0,71.72222222222223,54.0,92.0,Доброкачественное новообразование оболочек головного мозга,16.25,False,2
II,D10-D36,Доброкачественные новообразования,D33,14,65.0,62.0,68.75,65.21428571428571,44.0,93.0,Доброкачественное новообразование головного мозга,6.75,False,2
II,D10-D36,Доброкачественные новообразования,D35,9,65.0,44.0,75.0,61.0,39.0,84.0,Доброкачественное новообразование гипофиза,31.0,False,2
II,D10-D36,Доброкачественные новообразования,D36,1,69.0,69.0,69.0,69.0,69.0,69.0,Доброкачественное новообразование периферических нервов,0.0,True,2
II,D37-D48,Новообразования неопределенного или неизвестного характера,D37,8,71.0,61.5,79.0,70.125,51.0,86.0,Новообразование неопределенного поведения поджелудочной железы,17.5,False,2
II,D37-D48,Новообразования неопределенного или неизвестного характера,D38,3,66.0,64.0,70.5,67.66666666666667,62.0,75.0,Новообразование неопределенного поведения трахеи,6.5,True,2
II,D37-D48,Новообразования неопределенного или неизвестного характера,D39,5,59.0,59.0,77.0,67.0,55.0,85.0,Новообразование неопределенного поведения яичника,18.0,False,2
II,D37-D48,Новообразования неопределенного или неизвестного характера,D40,1,85.0,85.0,85.0,85.0,85.0,85.0,Новообразование неопределенного поведения предстательной железы,0.0,True,2
II,D37-D48,Новообразования неопределенного или неизвестного характера,D41,3,79.0,77.0,82.0,79.66666666666667,75.0,85.0,Новообразование неопределенного или неизвестного характера почки,5.0,True,2
II,D37-D48,Новообразования неопределенного или неизвестного характера,D42,7,77.0,72.0,80.5,75.28571428571429,63.0,82.0,Новообразование неопределенного поведения мозговых оболочек,8.5,False,2
II,D37-D48,Новообразования неопределенного или неизвестного характера,D43,37,68.0,58.0,72.0,65.16216216216216,37.0,94.0,Новообразование неопределенного или неизвестного характера головного мозга над мозговым наметом,14.0,False,2
II,D37-D48,Новообразования неопределенного или неизвестного характера,D44,3,59.0,41.0,63.0,49.666666666666664,23.0,67.0,Новообразование неопределенного поведения гипофиза,22.0,True,2
II,D37-D48,Новообразования неопределенного или неизвестного характера,D45,11,75.0,68.0,80.0,75.0,64.0,86.0,Полицитемия истинная,12.0,False,2
II,D37-D48,Новообразования неопределенного или неизвестного характера,D46,30,69.5,60.75,75.5,67.83333333333333,33.0,95.0,Другие миелодиспластические синдромы,14.75,False,2
II,D37-D48,Новообразования неопределенного или неизвестного характера,D47,12,65.0,61.25,70.75,66.08333333333333,45.0,83.0,Хроническая миелопролиферативная болезнь,9.5,False,2
II,D37-D48,Новообразования неопределенного или неизвестного характера,D48,4,79.5,73.5,83.75,77.75,60.0,92.0,Новообразование неопределенного поведения брюшины,10.25,True,2
III,D50-D53,"Анемии, связанные с питанием",D50,2,74.0,70.5,77.5,74.0,67.0,81.0,Другие железодефицитные анемии,7.0,True,3
III,D50-D53,"Анемии, связанные с питанием",D52,1,77.0,77.0,77.0,77.0,77.0,77.0,Фолиеводефицитная анемия неуточненная,0.0,True,3
III,D55-D59,Гемолитические анемии,D59,3,73.0,67.0,80.5,74.0,61.0,88.0,Другие гемолитические анемии,13.5,True,3
III,D60-D64,Апластические и другие анемии,D60,3,82.0,48.5,87.5,63.333333333333336,15.0,93.0,Хроническая приобретенная чистая красноклеточная аплазия,39.0,True,3
III,D60-D64,Апластические и другие анемии,D61,19,69.0,64.0,78.0,69.42105263157895,43.0,88.0,Идиопатическая апластическая анемия,14.0,False,3
III,D65-D69,Нарушения свёртывания крови,D65,1,46.0,46.0,46.0,46.0,46.0,46.0,Диссеминированное внутрисосудистое свертывание [ДВС-синдром],0.0,True,3
III,D65-D69,Нарушения свёртывания крови,D68,21,69.0,65.0,75.0,68.47619047619048,38.0,89.0,"Геморрагические нарушения, обусловленные циркулирующими в крови антикоагулянтами",10.0,False,3
III,D65-D69,Нарушения свёртывания крови,D69,4,66.0,60.25,73.25,67.5,52.0,86.0,Идиопатическая тромбоцитопеническая пурпура,13.0,True,3
III,D70-D77,Другие болезни крови и кроветворных органов,D70,1,70.0,70.0,70.0,70.0,70.0,70.0,Агранулоцитоз,0.0,True,3
III,D70-D77,Другие болезни крови и кроветворных органов,D73,11,69.0,65.5,74.5,68.72727272727273,35.0,92.0,Абсцесс селезенки,9.0,False,3
III,D80-D89,Нарушения иммунного механизма,D86,5,50.0,44.0,61.0,52.8,43.0,66.0,Саркоидоз других уточненных и комбинированных локализаций,17.0,False,3
IV,E00-E07,Болезни щитовидной железы,E04,1,78.0,78.0,78.0,78.0,78.0,78.0,Нетоксический многоузловой зоб,0.0,True,4
IV,E00-E07,Болезни щитовидной железы,E05,10,61.0,53.0,70.25,61.0,43.0,77.0,Тиреотоксикоз с диффузным зобом,17.25,False,4
IV,E00-E07,Болезни щитовидной железы,E06,2,66.5,66.25,66.75,66.5,66.0,67.0,Аутоиммунный тиреоидит,0.5,True,4
IV,E10-E14,Сахарный диабет,E10,123,56.0,41.0,70.0,55.46341463414634,20.0,85.0,Инсулинзависимый сахарный диабет с множественными осложнениями,29.0,False,4
IV,E10-E14,Сахарный диабет,E11,2996,72.0,66.75,80.0,72.60914552736983,29.0,102.0,Инсулиннезависимый сахарный диабет с множественными осложнениями,13.25,False,4
IV,E10-E14,Сахарный диабет,E13,4,70.0,56.0,79.5,65.5,41.0,81.0,Другой уточненный сахарный диабет с множественными осложнениями,23.5,True,4
IV,E10-E14,Сахарный диабет,E14,1,49.0,49.0,49.0,49.0,49.0,49.0,Сахарный диабет неуточненный с поражением почек,0.0,True,4
IV,E20-E35,Нарушения других эндокринных желез,E23,1,65.0,65.0,65.0,65.0,65.0,65.0,Гипопитуитаризм,0.0,True,4
IV,E20-E35,Нарушения других эндокринных желез,E26,1,86.0,86.0,86.0,86.0,86.0,86.0,Первичный гиперальдостеронизм,0.0,True,4
IV,E40-E46,Недостаточность питания,E43,5,74.0,67.0,75.0,72.0,65.0,79.0,Выраженная белково-энергетическая недостаточность,8.0,False,4
IV,E40-E46,Недостаточность питания,E44,1,70.0,70.0,70.0,70.0,70.0,70.0,Умеренная белково-энергетическая недостаточность,0.0,True,4
IV,E50-E64,Другие виды недостаточности питания,E51,5,69.0,69.0,71.0,67.8,56.0,74.0,Болезнь Вернике,2.0,False,4
IV,E65-E68,Ожирение и другие виды избыточности питания,E66,17,64.0,61.0,67.0,60.705882352941174,27.0,74.0,"Крайняя степень ожирения, сопровождаемая альвеолярной гиповентиляцией",6.0,False,4
IV,E65-E68,Ожирение и другие виды избыточности питания,E68,2,61.0,57.5,64.5,61.0,54.0,68.0,Последствия гиперфагии,7.0,True,4
IV,E70-E90,Нарушения обмена веществ,E71,1,1.0,1.0,1.0,1.0,1.0,1.0,Другие виды нарушений обмена аминокислот с разветвленной цепью,0.0,True,4
IV,E70-E90,Нарушения обмена веществ,E72,1,10.0,10.0,10.0,10.0,10.0,10.0,Нарушения транспорта аминокислот,0.0,True,4
IV,E70-E90,Нарушения обмена веществ,E74,1,64.0,64.0,64.0,64.0,64.0,64.0,Другие нарушения углеводного обмена,0.0,True,4
IV,E70-E90,Нарушения обмена веществ,E75,2,18.0,10.0,26.0,18.0,2.0,34.0,Другие ганглиозидозы,16.0,True,4
IV,E70-E90,Нарушения обмена веществ,E76,1,3.0,3.0,3.0,3.0,3.0,3.0,Муковисцидоз,0.0,True,4
IV,E70-E90,Нарушения обмена веществ,E78,1,32.0,32.0,32.0,32.0,32.0,32.0,Чистая гиперхолестеринемия,0.0,True,4
IV,E70-E90,Нарушения обмена веществ,E83,1,70.0,70.0,70.0,70.0,70.0,70.0,Нарушения обмена меди,0.0,True,4
IV,E70-E90,Нарушения обмена веществ,E84,4,12.0,8.0,16.75,12.75,5.0,22.0,Кистозный фиброз с другими проявлениями,8.75,True,4
IV,E70-E90,Нарушения обмена веществ,E85,2,42.0,41.0,43.0,42.0,40.0,44.0,Амилоидоз неуточненный,2.0,True,4
V,F00-F09,"Органические, включая симптоматические, психические расстройства",F01,304,80.0,72.0,86.0,78.57565789473684,48.0,99.0,Смешанная корковая и подкорковая сосудистая деменция,14.0,False,5
V,F00-F09,"Органические, включая симптоматические, психические расстройства",F03,7,84.0,77.5,88.0,82.85714285714286,70.0,95.0,Деменция неуточненная,10.5,False,5
V,F00-F09,"Органические, включая симптоматические, психические расстройства",F07,2,68.0,65.0,71.0,68.0,62.0,74.0,"Органическое расстройство личности и поведения, обусловленное болезнью, повреждением или дисфункцией головного мозга, неуточненное",6.0,True,5
V,F10-F19,"Психические расстройства и расстройства поведения, связанные с употреблением психоактивных веществ",F10,87,57.0,50.0,63.0,56.310344827586206,22.0,86.0,Алкогольная зависимость,13.0,False,5
V,F10-F19,"Психические расстройства и расстройства поведения, связанные с употреблением психоактивных веществ",F11,3,41.0,36.0,43.0,39.0,31.0,45.0,Зависимость от опиоидов,7.0,True,5
V,F20-F29,"Шизофрения, шизотипические и бредовые расстройства",F20,1,73.0,73.0,73.0,73.0,73.0,73.0,Параноидная шизофрения,0.0,True,5
V,F70-F79,Умственная отсталость,F79,1,28.0,28.0,28.0,28.0,28.0,28.0,Умственная отсталость неуточненная,0.0,True,5
VI,G00-G09,Воспалительные болезни центральной нервной ситемы,G00,28,56.0,41.75,66.75,54.67857142857143,2.0,92.0,Бактериальный менингит неуточненный,25.0,False,6
VI,G00-G09,Воспалительные болезни центральной нервной ситемы,G03,8,52.5,38.5,70.0,53.75,34.0,73.0,"Менингит, вызванный другими уточненными возбудителями",31.5,False,6
VI,G00-G09,Воспалительные болезни центральной нервной ситемы,G04,28,58.5,39.0,68.25,54.642857142857146,1.0,89.0,"Бактериальный менингоэнцефалит и менингомиелит, не классифицированный в других рубриках",29.25,False,6
VI,G00-G09,Воспалительные болезни центральной нервной ситемы,G06,14,62.5,46.5,69.75,59.714285714285715,29.0,79.0,Внутричерепной абсцесс и гранулема,23.25,False,6
VI,G00-G09,Воспалительные болезни центральной нервной ситемы,G08,1,67.0,67.0,67.0,67.0,67.0,67.0,Внутричерепной флебит,0.0,True,6
VI,G00-G09,Воспалительные болезни центральной нервной ситемы,G09,4,69.5,66.25,71.75,68.5,61.0,74.0,Последствия воспалительных болезней центральной нервной системы,5.5,True,6
VI,G10-G14,"Системные атрофии, поражающие преимущественно центральную нервную систему",G10,5,60.0,57.0,61.0,58.8,49.0,67.0,Болезнь Гентингтона,4.0,False,6
VI,G10-G14,"Системные атрофии, поражающие преимущественно центральную нервную систему",G11,6,58.0,48.25,61.75,54.666666666666664,38.0,66.0,Поздняя мозжечковая атаксия,13.5,False,6
VI,G10-G14,"Системные атрофии, поражающие преимущественно центральную нервную систему",G12,50,62.5,54.0,67.0,56.84,1.0,77.0,Болезнь двигательного неврона,13.0,False,6
VI,G20-G26,Экстрапирамидные и другие двигательные нарушения,G20,136,73.5,68.75,80.0,74.24264705882354,51.0,92.0,Болезнь Паркинсона,11.25,False,6
VI,G20-G26,Экстрапирамидные и другие двигательные нарушения,G21,36,80.5,71.0,87.25,78.0,18.0,97.0,Сосудистый паркинсонизм,16.25,False,6
VI,G20-G26,Экстрапирамидные и другие двигательные нарушения,G23,7,59.0,54.5,66.0,56.57142857142857,22.0,74.0,Другие болезни базальных ганглиев,11.5,False,6
VI,G20-G26,Экстрапирамидные и другие двигательные нарушения,G25,1,81.0,81.0,81.0,81.0,81.0,81.0,Другие экстрапирамидные нарушения,0.0,True,6
VI,G30-G32,Другие дегенеративные болезни центральной нервной системы,G30,94,78.0,71.25,82.0,76.76595744680851,60.0,94.0,Поздняя болезнь Альцгеймера,10.75,False,6
VI,G30-G32,Другие дегенеративные болезни центральной нервной системы,G31,2928,82.0,72.0,88.0,78.98565573770492,6.0,103.0,Ограниченная атрофия головного мозга,16.0,False,6
VI,G35-G37,Демиелинизирующие болезни центральной нервной системы,G35,16,54.5,49.5,59.25,54.1875,35.0,77.0,Рассеянный склероз,9.75,False,6
VI,G35-G37,Демиелинизирующие болезни центральной нервной системы,G36,2,54.5,50.25,58.75,54.5,46.0,63.0,Другая уточненная форма острой диссеминированной демиелинизации,8.5,True,6
VI,G35-G37,Демиелинизирующие болезни центральной нервной системы,G37,6,65.0,54.75,69.25,62.0,50.0,70.0,Центральный понтинный миелинолиз,14.5,False,6
VI,G40-G47,Эпизодические и пароксизмальные расстройства,G40,51,46.0,38.0,64.0,48.96078431372549,5.0,79.0,Генерализованная идиопатическая эпилепсия и эпилептические синдромы,26.0,False,6
VI,G40-G47,Эпизодические и пароксизмальные расстройства,G41,5,55.0,50.0,58.0,50.0,18.0,69.0,Другой эпилептический статус,8.0,False,6
VI,G60-G64,Полиневропатии и другие поражения периферической нервной системы,G61,3,59.0,53.0,70.0,62.333333333333336,47.0,81.0,Синдром Гийена-Барре,17.0,True,6
VI,G60-G64,Полиневропатии и другие поражения периферической нервной системы,G62,2,64.5,61.75,67.25,64.5,59.0,70.0,Алкогольная полинейропатия,5.5,True,6
VI,G70-G73,Болезни нервно-мышечного синапса и мышц,G70,8,71.0,63.75,77.5,67.5,38.0,81.0,Myasthenia gravis,13.75,False,6
VI,G70-G73,Болезни нервно-мышечного синапса и мышц,G71,12,46.0,20.75,52.25,40.416666666666664,13.0,80.0,Мышечная дистрофия,31.5,False,6
VI,G70-G73,Болезни нервно-мышечного синапса и мышц,G72,1,68.0,68.0,68.0,68.0,68.0,68.0,Другие уточненные миопатии,0.0,True,6
VI,G80-G83,Церебральный паралич и другие паралитические синдромы,G80,19,22.0,14.0,30.0,23.473684210526315,5.0,52.0,Церебральный паралич со спастической тетраплегией,16.0,False,6
VI,G90-G99,Другие нарушения нервной системы,G91,21,64.0,24.0,68.0,51.76190476190476,1.0,95.0,Другие виды гидроцефалии,44.0,False,6
VI,G90-G99,Другие нарушения нервной системы,G92,29,61.0,47.0,68.0,56.793103448275865,25.0,77.0,Токсическая энцефалопатия,21.0,False,6
VI,G90-G99,Другие нарушения нервной системы,G93,1566,74.0,67.0,82.0,73.86526181353767,0.0,98.0,Церебральная киста,15.0,False,6
VI,G90-G99,Другие нарушения нервной системы,G95,15,72.0,65.5,73.5,69.26666666666667,50.0,86.0,Сосудистые миелопатии,8.0,False,6
VI,G90-G99,Другие нарушения нервной системы,G96,8,20.0,1.0,52.25,27.25,0.0,67.0,Другие уточненные поражения центральной нервной системы,51.25,False,6
VIII,H60-H62,Болезни наружного уха,H60,1,86.0,86.0,86.0,86.0,86.0,86.0,Злокачественный наружный отит,0.0,True,8
VIII,H65-H75,Болезни среднего уха и сосцевидного отростка,H66,8,56.5,47.25,71.75,55.375,26.0,78.0,Острый гнойный средний отит,24.5,False,8
VIII,H65-H75,Болезни среднего уха и сосцевидного отростка,H70,1,58.0,58.0,58.0,58.0,58.0,58.0,Мастоидит,0.0,True,8
IX,I05-I09,Хронические ревматические болезни сердца,I05,19,67.0,65.0,75.0,69.3157894736842,40.0,83.0,Митральный стеноз с недостаточностью,10.0,False,9
IX,I05-I09,Хронические ревматические болезни сердца,I06,11,70.0,64.5,76.5,69.45454545454545,50.0,80.0,Ревматический аортальный стеноз с недостаточностью,12.0,False,9
IX,I05-I09,Хронические ревматические болезни сердца,I08,36,72.0,62.75,79.5,70.22222222222223,32.0,97.0,Комбинированное поражение митрального и аортального клапанов,16.75,False,9
IX,I05-I09,Хронические ревматические болезни сердца,I09,1,68.0,68.0,68.0,68.0,68.0,68.0,Другие уточненные ревматические болезни сердца,0.0,True,9
IX,I10-I15,"Болезни, характеризующиеся повышенным кровяным давлением",I10,1,64.0,64.0,64.0,64.0,64.0,64.0,Эссенциальная (первичная) гипертензия,0.0,True,9
IX,I10-I15,"Болезни, характеризующиеся повышенным кровяным давлением",I11,91,65.0,59.0,72.0,65.08791208791209,29.0,98.0,Гипертензивная [гипертоническая] болезнь с преимущественным поражением сердца с (застойной) сердечной недостаточностью,13.0,False,9
IX,I10-I15,"Болезни, характеризующиеся повышенным кровяным давлением",I12,11,83.0,70.5,87.0,78.0,55.0,90.0,Гипертензивная болезнь с почечной недостаточностью,16.5,False,9
IX,I10-I15,"Болезни, характеризующиеся повышенным кровяным давлением",I13,26,65.0,60.0,75.75,67.1923076923077,34.0,85.0,Гипертензивная болезнь с поражением почек и сердечной недостаточностью,15.75,False,9
IX,I20-I25,Ишемическая болезнь сердца,I20,1,64.0,64.0,64.0,64.0,64.0,64.0,Нестабильная стенокардия,0.0,True,9
IX,I20-I25,Ишемическая болезнь сердца,I21,1955,66.0,57.0,75.0,65.55652173913043,22.0,95.0,Острый трансмуральный инфаркт передней стенки миокарда,18.0,False,9
IX,I20-I25,Ишемическая болезнь сердца,I22,350,67.0,60.0,76.0,67.56857142857143,36.0,93.0,Повторный инфаркт передней стенки миокарда,16.0,False,9
IX,I20-I25,Ишемическая болезнь сердца,I24,386,60.0,48.0,68.0,58.27461139896373,20.0,94.0,Другие формы острой ишемической болезни сердца,20.0,False,9
IX,I20-I25,Ишемическая болезнь сердца,I25,4157,74.0,65.0,82.0,73.24633148905461,17.0,102.0,Другие формы хронической ишемической болезни сердца,17.0,False,9
IX,I26-I28,Легочное сердце и нарушения легочного кровообращения,I26,10,67.5,46.25,73.75,59.3,21.0,87.0,Тромбоэмболия легочной артерии без острого легочным сердцем,27.5,False,9
IX,I26-I28,Легочное сердце и нарушения легочного кровообращения,I27,3,54.0,52.5,61.0,57.666666666666664,51.0,68.0,Первичная легочная гипертензия,8.5,True,9
IX,I26-I28,Легочное сердце и нарушения легочного кровообращения,I28,7,67.0,64.0,69.5,68.28571428571429,53.0,91.0,Другие уточненные болезни легочных сосудов,5.5,False,9
IX,I30-I52,Другие болезни сердца,I30,15,70.0,65.5,81.0,72.4,49.0,91.0,Острый неспецифический идиопатический перикардит,15.5,False,9
IX,I30-I52,Другие болезни сердца,I31,9,68.0,50.0,74.0,62.666666666666664,43.0,83.0,Хронический перикардит,24.0,False,9
IX,I30-I52,Другие болезни сердца,I33,82,43.0,38.0,56.0,46.97560975609756,26.0,87.0,Острый и подострый инфекционный эндокардит,18.0,False,9
IX,I30-I52,Другие болезни сердца,I34,110,78.0,70.0,84.0,75.48181818181818,28.0,94.0,Митральная (клапанная) недостаточность,14.0,False,9
IX,I30-I52,Другие болезни сердца,I35,357,80.0,71.0,86.0,78.25770308123249,37.0,100.0,Аортальный (клапанный) стеноз,15.0,False,9
IX,I30-I52,Другие болезни сердца,I36,16,80.0,73.5,84.25,76.3125,47.0,95.0,Неревматическая недостаточность трехстворчатого клапана,10.75,False,9
IX,I30-I52,Другие болезни сердца,I37,1,45.0,45.0,45.0,45.0,45.0,45.0,Стеноз клапана легочной артерии,0.0,True,9
IX,I30-I52,Другие болезни сердца,I38,1,45.0,45.0,45.0,45.0,45.0,45.0,Эндокардит неуточненный,0.0,True,9
IX,I30-I52,Другие болезни сердца,I40,25,46.0,32.0,60.0,45.32,19.0,74.0,Инфекционный миокардит,28.0,False,9
IX,I30-I52,Другие болезни сердца,I42,1076,60.0,51.0,69.0,60.05576208178439,10.0,93.0,Дилатационная кардиомиопатия,18.0,False,9
IX,I30-I52,Другие болезни сердца,I44,2,43.5,33.75,53.25,43.5,24.0,63.0,Атриовентрикулярная блокада III степени,19.5,True,9
IX,I30-I52,Другие болезни сердца,I45,2,34.0,27.5,40.5,34.0,21.0,47.0,Синдром преждевременного возбуждения,13.0,True,9
IX,I30-I52,Другие болезни сердца,I46,273,54.0,44.0,64.0,53.62271062271062,8.0,87.0,"Внезапная сердечная смерть, так описанная",20.0,False,9
IX,I30-I52,Другие болезни сердца,I48,3,86.0,74.0,86.0,78.0,62.0,86.0,Фибрилляция и трепетание предсердий,12.0,True,9
IX,I30-I52,Другие болезни сердца,I49,1,78.0,78.0,78.0,78.0,78.0,78.0,Другие сердечные аритмии,0.0,True,9
IX,I30-I52,Другие болезни сердца,I50,1,41.0,41.0,41.0,41.0,41.0,41.0,Сердечная недостаточность неуточненная,0.0,True,9
IX,I30-I52,Другие болезни сердца,I51,85,76.0,67.0,83.0,74.17647058823529,28.0,99.0,"Внутрисердечный тромбоз, не классифицированный в других рубриках",16.0,False,9
IX,I60-I69,Цереброваскулярные болезни,I60,239,56.0,46.5,68.0,57.33472803347281,20.0,95.0,Субарахноидальное кровоизлияние из средней мозговой артерии,21.5,False,9
IX,I60-I69,Цереброваскулярные болезни,I61,1220,62.0,53.0,71.0,61.82868852459016,16.0,105.0,Внутримозговое кровоизлияние в полушарие субкортикальное,18.0,False,9
IX,I60-I69,Цереброваскулярные болезни,I62,69,56.0,46.0,65.0,56.63768115942029,29.0,88.0,Нетравматическое субдуральное кровоизлияние,19.0,False,9
IX,I60-I69,Цереброваскулярные болезни,I63,2211,72.0,65.0,81.0,72.18543645409316,15.0,98.0,"Инфаркт мозга, вызванный тромбозом мозговых артерий",16.0,False,9
IX,I60-I69,Цереброваскулярные болезни,I64,6,72.0,65.5,80.75,73.66666666666667,64.0,87.0,Инсульт неуточненный как геморрагический или ишемический,15.25,False,9
IX,I60-I69,Цереброваскулярные болезни,I66,3,64.0,63.0,70.5,67.66666666666667,62.0,77.0,Закупорка мозговой артерии средней,7.5,True,9
IX,I60-I69,Цереброваскулярные болезни,I67,828,81.5,73.0,87.0,79.61111111111111,24.0,102.0,Другие уточненные поражения сосудов мозга,14.0,False,9
IX,I60-I69,Цереброваскулярные болезни,I69,1446,74.0,67.0,82.0,73.4460580912863,24.0,100.0,Последствия инфаркта мозга,15.0,False,9
IX,I70-I79,"Болезни артерий, артериол и капилляров",I70,582,74.0,67.0,83.0,74.83848797250859,43.0,100.0,Атеросклероз артерий конечностей,16.0,False,9
IX,I70-I79,"Болезни артерий, артериол и капилляров",I71,377,70.0,62.0,79.0,69.63129973474801,27.0,95.0,Аневризма грудной части аорты разорванная,17.0,False,9
IX,I70-I79,"Болезни артерий, артериол и капилляров",I72,21,68.0,60.0,75.0,67.0,38.0,93.0,Аневризма и расслоение подвздошной артерии,15.0,False,9
IX,I70-I79,"Болезни артерий, артериол и капилляров",I73,6,51.5,49.0,66.0,57.5,46.0,77.0,Облитерирующий тромбангиит [болезнь Бюргера],17.0,False,9
IX,I70-I79,"Болезни артерий, артериол и капилляров",I74,57,73.0,66.0,82.0,72.96491228070175,38.0,97.0,Эмболия и тромбоз артерий нижних конечностей,16.0,False,9
IX,I70-I79,"Болезни артерий, артериол и капилляров",I77,1,71.0,71.0,71.0,71.0,71.0,71.0,Другие болезни артерий,0.0,True,9
IX,I80-I89,"Болезни вен, лимфатических сосудов и лимфатических узлов, не классифицированные в других рубриках",I80,975,70.0,62.0,80.0,70.18461538461538,19.0,97.0,Флебит и тромбофлебит других глубоких сосудов нижних конечностей,18.0,False,9
IX,I80-I89,"Болезни вен, лимфатических сосудов и лимфатических узлов, не классифицированные в других рубриках",I82,41,71.0,66.0,81.0,71.14634146341463,30.0,93.0,Эмболия и тромбоз других уточненных вен,15.0,False,9
IX,I80-I89,"Болезни вен, лимфатических сосудов и лимфатических узлов, не классифицированные в других рубриках",I83,19,62.0,58.0,70.0,63.578947368421055,51.0,80.0,Варикозное расширение вен нижних конечностей без язвы или воспаления,12.0,False,9
IX,I80-I89,"Болезни вен, лимфатических сосудов и лимфатических узлов, не классифицированные в других рубриках",I85,2,51.0,42.5,59.5,51.0,34.0,68.0,Варикозное расширение вен пищевода с кровотечением,17.0,True,9
IX,I80-I89,"Болезни вен, лимфатических сосудов и лимфатических узлов, не классифицированные в других рубриках",I87,4,65.0,53.75,76.5,65.25,44.0,87.0,Посттромботический синдром,22.75,True,9
IX,I80-I89,"Болезни вен, лимфатических сосудов и лимфатических узлов, не классифицированные в других рубриках",I89,2,61.5,57.75,65.25,61.5,54.0,69.0,Другие болезни лимфатических узлов,7.5,True,9
X,J00-J06,Острые респираторные инфекции верхних дыхательных путей,J01,3,68.0,56.5,73.0,63.666666666666664,45.0,78.0,Острый верхнечелюстной синусит,16.5,True,10
X,J00-J06,Острые респираторные инфекции верхних дыхательных путей,J03,1,53.0,53.0,53.0,53.0,53.0,53.0,Острый тонзиллит неуточненный,0.0,True,10
X,J00-J06,Острые респираторные инфекции верхних дыхательных путей,J05,1,59.0,59.0,59.0,59.0,59.0,59.0,Острый эпиглоттит,0.0,True,10
X,J09-J18,Грипп и пневмония,J09,7,50.0,45.0,57.5,52.57142857142857,42.0,71.0,Грипп вызванный идентифицированным вирусом птичьего гриппа,12.5,False,10
X,J09-J18,Грипп и пневмония,J10,5,46.0,45.0,56.0,42.6,3.0,63.0,"Грипп с пневмонией, сезонный вирус гриппа идентифицирован",11.0,False,10
X,J09-J18,Грипп и пневмония,J11,1,71.0,71.0,71.0,71.0,71.0,71.0,Грипп с неуточненным вирусом,0.0,True,10
X,J09-J18,Грипп и пневмония,J12,118,71.0,65.0,78.0,70.29661016949153,0.0,94.0,Другая вирусная пневмония,13.0,False,10
X,J09-J18,Грипп и пневмония,J13,1,84.0,84.0,84.0,84.0,84.0,84.0,"Пневмония, вызванная Streptococcus pneumoniae",0.0,True,10
X,J09-J18,Грипп и пневмония,J15,168,69.0,56.0,77.0,65.04166666666667,0.0,93.0,Другие бактериальные пневмонии,21.0,False,10
X,J09-J18,Грипп и пневмония,J16,19,66.0,63.0,72.0,63.68421052631579,0.0,83.0,"Пневмония, вызванная другими уточненными инфекционными агентами",9.0,False,10
X,J09-J18,Грипп и пневмония,J18,2205,67.0,55.0,76.0,64.96689342403629,0.0,101.0,"Другая пневмония, возбудитель не уточнен",21.0,False,10
X,J30-J39,Другие болезни верхних дыхательных путей,J32,1,71.0,71.0,71.0,71.0,71.0,71.0,Хронический пансинусит,0.0,True,10
X,J30-J39,Другие болезни верхних дыхательных путей,J34,1,81.0,81.0,81.0,81.0,81.0,81.0,Абсцесс носа,0.0,True,10
X,J30-J39,Другие болезни верхних дыхательных путей,J36,1,45.0,45.0,45.0,45.0,45.0,45.0,Перитонзиллярный абсцесс,0.0,True,10
X,J30-J39,Другие болезни верхних дыхательных путей,J38,6,58.0,45.75,70.25,57.833333333333336,37.0,78.0,Отек гортани,24.5,False,10
X,J30-J39,Другие болезни верхних дыхательных путей,J39,2,62.0,61.5,62.5,62.0,61.0,63.0,Другие уточненные болезни верхних дыхательных путей,1.0,True,10
X,J40-J47,Хронические болезни нижних дыхательных путей,J41,1,84.0,84.0,84.0,84.0,84.0,84.0,Хронический бронхит,0.0,True,10
X,J40-J47,Хронические болезни нижних дыхательных путей,J43,7,77.0,70.0,79.5,74.28571428571429,61.0,83.0,Эмфизема неуточненная,9.5,False,10
X,J40-J47,Хронические болезни нижних дыхательных путей,J44,1288,71.0,65.0,78.0,70.91459627329192,26.0,99.0,Другая уточненная хроническая обструктивная легочная болезнь,13.0,False,10
X,J40-J47,Хронические болезни нижних дыхательных путей,J45,27,64.0,58.0,75.5,61.74074074074074,12.0,84.0,Смешанная астма,17.5,False,10
X,J40-J47,Хронические болезни нижних дыхательных путей,J47,1,84.0,84.0,84.0,84.0,84.0,84.0,Бронхоэктатическая болезнь,0.0,True,10
X,J60-J70,"Болезни легкого, вызванные внешними агентами",J69,1,84.0,84.0,84.0,84.0,84.0,84.0,Пневмония вследствие пищи и рвотных масс,0.0,True,10
X,J80-J84,"Другие респираторные болезни, поражающие главным образом интерстициальную ткань",J84,91,71.0,64.5,76.5,70.21978021978022,33.0,91.0,Другие интерстициальные легочные болезни с упоминанием о фиброзе,12.0,False,10
X,J85-J86,Гнойные и некротические состояния нижних дыхательных путей,J85,224,65.0,53.75,74.25,63.39732142857143,27.0,93.0,Абсцесс легкого с пневмонией,20.5,False,10
X,J85-J86,Гнойные и некротические состояния нижних дыхательных путей,J86,21,65.0,60.0,71.0,64.33333333333333,41.0,80.0,Пиоторакс без фистулы,11.0,False,10
X,J90-J94,Другие болезни плевры,J93,1,81.0,81.0,81.0,81.0,81.0,81.0,Спонтанный пневмоторакс,0.0,True,10
X,J90-J94,Другие болезни плевры,J94,8,73.0,65.75,86.25,74.875,60.0,89.0,Фиброторакс,20.5,False,10
X,J95-J99,Другие болезни органов дыхания,J96,1,52.0,52.0,52.0,52.0,52.0,52.0,Дыхательная недостаточность,0.0,True,10
X,J95-J99,Другие болезни органов дыхания,J98,4,57.5,46.25,66.0,54.75,38.0,66.0,Болезни средостения неуточненные,19.75,True,10
XI,K00-K14,"Болезни полости рта, слюнных желез и челюстей",K10,2,55.5,55.25,55.75,55.5,55.0,56.0,Воспалительные заболевания челюстей,0.5,True,11
XI,K00-K14,"Болезни полости рта, слюнных желез и челюстей",K11,1,54.0,54.0,54.0,54.0,54.0,54.0,Абсцесс слюнной железы,0.0,True,11
XI,K00-K14,"Болезни полости рта, слюнных желез и челюстей",K12,10,50.5,37.25,61.75,53.0,33.0,82.0,Флегмона и абсцесс области рта,24.5,False,11
XI,K00-K14,"Болезни полости рта, слюнных желез и челюстей",K13,1,74.0,74.0,74.0,74.0,74.0,74.0,Лейкоплакия слизистой оболочки полости рта,0.0,True,11
XI,K20-K31,"Болезни пищевода, желудка и двенадцатиперстной кишки",K20,2,59.5,54.75,64.25,59.5,50.0,69.0,Эзофагит,9.5,True,11
XI,K20-K31,"Болезни пищевода, желудка и двенадцатиперстной кишки",K21,2,72.5,66.25,78.75,72.5,60.0,85.0,Гастроэзофагеальный рефлюкс с эзофагитом,12.5,True,11
XI,K20-K31,"Болезни пищевода, желудка и двенадцатиперстной кишки",K22,128,54.0,47.0,66.25,56.3203125,15.0,87.0,Желудочно-пищеводный разрывно-геморрагический синдром,19.25,False,11
XI,K20-K31,"Болезни пищевода, желудка и двенадцатиперстной кишки",K25,321,68.0,60.0,77.0,67.79127725856698,32.0,98.0,Язва желудка хроническая или неуточненная с кровотечением,17.0,False,11
XI,K20-K31,"Болезни пищевода, желудка и двенадцатиперстной кишки",K26,172,68.5,58.75,80.25,68.20348837209302,34.0,97.0,Язва двенадцатиперстной кишки хроническая или неуточненная с кровотечением,21.5,False,11
XI,K20-K31,"Болезни пищевода, желудка и двенадцатиперстной кишки",K28,3,57.0,54.5,69.5,63.666666666666664,52.0,82.0,Гастроеюнальная язва хроническая или неуточненная с прободением,15.0,True,11
XI,K20-K31,"Болезни пищевода, желудка и двенадцатиперстной кишки",K29,33,67.0,60.0,74.0,67.72727272727273,40.0,88.0,Острый геморрагический гастрит,14.0,False,11
XI,K20-K31,"Болезни пищевода, желудка и двенадцатиперстной кишки",K31,5,60.0,48.0,66.0,56.8,31.0,79.0,Другие уточненные болезни желудка и двенадцатиперстной кишки,18.0,False,11
XI,K35-K38,Болезни аппендикса [червеобразного отростка],K35,12,67.5,60.5,69.5,65.58333333333333,50.0,80.0,Острый аппендицит с генерализованным перитонитом,9.0,False,11
XI,K40-K46,Грыжи,K40,21,74.0,68.0,82.0,74.9047619047619,59.0,90.0,Односторонняя или неуточненная паховая грыжа с гангреной,14.0,False,11
XI,K40-K46,Грыжи,K41,4,81.5,73.0,84.25,75.75,55.0,85.0,Односторонняя или неуточненная бедренная грыжа с непроходимостью без гангрены,11.25,True,11
XI,K40-K46,Грыжи,K42,24,72.0,67.75,77.0,72.375,55.0,92.0,Пупочная грыжа с гангреной,9.25,False,11
XI,K40-K46,Грыжи,K43,61,69.0,62.0,82.0,69.57377049180327,41.0,91.0,Послеоперационная грыжа с гангреной,20.0,False,11
XI,K40-K46,Грыжи,K44,15,62.0,55.0,77.0,64.0,26.0,93.0,Диафрагмальная грыжа с гангреной,22.0,False,11
XI,K40-K46,Грыжи,K45,6,74.5,63.75,87.5,75.0,58.0,91.0,Другая уточненная грыжа брюшной полости с гангреной,23.75,False,11
XI,K40-K46,Грыжи,K46,1,63.0,63.0,63.0,63.0,63.0,63.0,Брюшная грыжа,0.0,True,11
XI,K50-K52,Неинфекционные энтериты и колиты,K50,23,62.0,53.0,68.0,59.56521739130435,25.0,83.0,Болезнь Крона тонкой кишки,15.0,False,11
XI,K50-K52,Неинфекционные энтериты и колиты,K51,73,70.0,59.0,81.0,69.21917808219177,33.0,103.0,Другие язвенные колиты,22.0,False,11
XI,K50-K52,Неинфекционные энтериты и колиты,K52,37,71.0,65.0,81.0,71.21621621621621,42.0,92.0,Другие уточненные неинфекционные гастроэнтериты и колиты,16.0,False,11
XI,K55-K64,Другие болезни кишечника,K55,916,76.5,68.0,84.0,75.5174672489083,32.0,104.0,Острые сосудистые болезни кишечника,16.0,False,11
XI,K55-K64,Другие болезни кишечника,K56,168,71.0,61.75,79.0,68.75,4.0,96.0,Кишечные сращения [спайки] с непроходимостью,17.25,False,11
XI,K55-K64,Другие болезни кишечника,K57,78,75.5,67.0,83.0,73.46153846153847,42.0,93.0,Дивертикулярная болезнь толстой кишки с прободением и абсцессом,16.0,False,11
XI,K55-K64,Другие болезни кишечника,K59,1,72.0,72.0,72.0,72.0,72.0,72.0,Мегаколон,0.0,True,11
XI,K55-K64,Другие болезни кишечника,K60,1,91.0,91.0,91.0,91.0,91.0,91.0,Аноректальный свищ,0.0,True,11
XI,K55-K64,Другие болезни кишечника,K61,22,66.5,56.0,73.0,65.54545454545455,39.0,86.0,Ишиоректальный абсцесс,17.0,False,11
XI,K55-K64,Другие болезни кишечника,K62,1,70.0,70.0,70.0,70.0,70.0,70.0,Другие болезни прямой кишки,0.0,True,11
XI,K55-K64,Другие болезни кишечника,K63,40,66.0,58.5,74.0,65.8,43.0,96.0,Прободение кишечника (нетравматическое),15.5,False,11
XI,K65-K67,Болезни брюшины,K65,8,64.5,50.75,78.0,65.625,43.0,92.0,Острый перитонит,27.25,False,11
XI,K65-K67,Болезни брюшины,K66,33,73.0,65.0,84.0,73.75757575757575,44.0,92.0,Брюшинные спайки,19.0,False,11
XI,K70-K77,Болезни печени,K70,351,54.0,46.0,62.0,53.48717948717949,29.0,79.0,Алкогольный цирроз печени,16.0,False,11
XI,K70-K77,Болезни печени,K71,120,55.5,44.0,63.0,53.7,26.0,86.0,Токсическое поражение печени с печеночным некрозом,19.0,False,11
XI,K70-K77,Болезни печени,K72,2,54.5,53.25,55.75,54.5,52.0,57.0,Печеночная недостаточность,2.5,True,11
XI,K70-K77,Болезни печени,K73,7,54.0,38.5,68.5,53.142857142857146,27.0,77.0,Хронический гепатит неуточненный,30.0,False,11
XI,K70-K77,Болезни печени,K74,2254,57.0,48.0,65.0,56.879325643300795,21.0,95.0,Другой и неуточненный цирроз печени,17.0,False,11
XI,K70-K77,Болезни печени,K75,28,69.5,62.5,79.5,68.60714285714286,39.0,88.0,Абсцесс печени,17.0,False,11
XI,K70-K77,Болезни печени,K76,337,54.0,44.0,62.0,53.982195845697326,28.0,94.0,"Жировая дегенерация печени, не классифицированная в других рубриках",18.0,False,11
XI,K80-K87,"Болезни желчного пузыря, желчевыводящих путей и поджелудочной железы",K80,193,77.0,69.0,84.0,76.03108808290155,38.0,94.0,Камни желчного пузыря с острым холециститом,15.0,False,11
XI,K80-K87,"Болезни желчного пузыря, желчевыводящих путей и поджелудочной железы",K81,56,75.0,67.0,84.25,73.69642857142857,21.0,94.0,Острый холецистит,17.25,False,11
XI,K80-K87,"Болезни желчного пузыря, желчевыводящих путей и поджелудочной железы",K82,10,74.5,60.5,79.0,71.5,56.0,89.0,Дивертикул желчного пузыря,18.5,False,11
XI,K80-K87,"Болезни желчного пузыря, желчевыводящих путей и поджелудочной железы",K83,19,69.0,62.0,87.5,71.84210526315789,38.0,92.0,Холангит,25.5,False,11
XI,K80-K87,"Болезни желчного пузыря, желчевыводящих путей и поджелудочной железы",K85,983,60.0,49.0,68.0,58.7822990844354,23.0,97.0,Другой острый панкреатит,19.0,False,11
XI,K80-K87,"Болезни желчного пузыря, желчевыводящих путей и поджелудочной железы",K86,292,58.0,47.0,68.0,57.88013698630137,17.0,93.0,Другие уточненные болезни поджелудочной железы,21.0,False,11
XI,K90-K93,Другие болезни органов пищеварения,K92,6,60.5,53.25,68.5,58.333333333333336,34.0,73.0,Желудочно-кишечное кровотечение неуточненное,15.25,False,11
XII,L00-L08,Инфекции кожи и подкожной клетчатки,L02,27,62.0,47.5,71.5,59.925925925925924,25.0,84.0,"Абсцесс кожи, фурункул и карбункул туловища",24.0,False,12
XII,L00-L08,Инфекции кожи и подкожной клетчатки,L03,97,67.0,54.0,74.0,64.75257731958763,30.0,96.0,Флегмона других отделов конечностей,20.0,False,12
XII,L00-L08,Инфекции кожи и подкожной клетчатки,L05,1,55.0,55.0,55.0,55.0,55.0,55.0,Пилонидальная киста с абсцессом,0.0,True,12
XII,L00-L08,Инфекции кожи и подкожной клетчатки,L08,1,71.0,71.0,71.0,71.0,71.0,71.0,Другие местные инфекции кожи,0.0,True,12
XII,L40-L45,Папулосквамозные нарушения,L40,2,49.0,48.0,50.0,49.0,47.0,51.0,Пустулезный псориаз,2.0,True,12
XII,L50-L54,Крапивница и эритема,L51,4,58.0,53.75,69.0,64.75,53.0,90.0,Токсический эпидермальный некролиз [Лайелла],15.25,True,12
XII,L60-L75,Болезни придатков кожи,L73,1,14.0,14.0,14.0,14.0,14.0,14.0,Фолликулит,0.0,True,12
XII,L80-L99,Другие болезни кожи и подкожной клетчатки,L88,1,79.0,79.0,79.0,79.0,79.0,79.0,Пиодермия гангренозная,0.0,True,12
XII,L80-L99,Другие болезни кожи и подкожной клетчатки,L89,9,77.0,77.0,86.0,80.88888888888889,71.0,96.0,Стадия IV декубитальной язвы,9.0,False,12
XII,L80-L99,Другие болезни кожи и подкожной клетчатки,L97,8,72.5,59.0,78.5,66.875,31.0,91.0,Язва нижней конечности,19.5,False,12
XII,L80-L99,Другие болезни кожи и подкожной клетчатки,L98,3,75.0,73.0,75.5,74.0,71.0,76.0,Хроническая язва кожи,2.5,True,12
XIII,M00-M25,Артропатии,M00,4,76.5,60.0,81.25,64.75,24.0,82.0,"Артриты и полиартриты, вызванные другими уточненными бактериальными возбудителями",21.25,True,13
XIII,M00-M25,Артропатии,M05,38,68.5,65.0,75.0,69.97368421052632,53.0,94.0,Другие серопозитивные ревматоидные артриты,10.0,False,13
XIII,M00-M25,Артропатии,M06,11,59.0,49.0,66.0,58.27272727272727,33.0,78.0,Серонегативный ревматоидный артрит,17.0,False,13
XIII,M00-M25,Артропатии,M10,29,69.0,62.0,74.0,68.65517241379311,56.0,86.0,Идиопатическая подагра,12.0,False,13
XIII,M00-M25,Артропатии,M15,11,76.0,71.5,81.0,78.0909090909091,69.0,95.0,Первичный генерализованный (остео)артроз,9.5,False,13
XIII,M00-M25,Артропатии,M16,9,70.0,64.0,84.0,72.44444444444444,57.0,90.0,Другой первичный коксартроз,20.0,False,13
XIII,M00-M25,Артропатии,M17,5,83.0,63.0,83.0,72.8,48.0,87.0,Другой первичный гонартроз,20.0,False,13
XIII,M30-M36,Системные поражения соединительной ткани,M30,3,62.0,59.0,67.0,63.333333333333336,56.0,72.0,Узелковый полиартериит,8.0,True,13
XIII,M30-M36,Системные поражения соединительной ткани,M31,11,62.0,37.0,64.0,52.72727272727273,25.0,71.0,Гранулематоз Вегенера,27.0,False,13
XIII,M30-M36,Системные поражения соединительной ткани,M32,17,51.0,43.0,64.0,53.11764705882353,28.0,78.0,Системная красная волчанка с поражением других органов или систем,21.0,False,13
XIII,M30-M36,Системные поражения соединительной ткани,M34,9,63.0,62.0,68.0,63.55555555555556,36.0,83.0,Прогрессирующий системный склероз,6.0,False,13
XIII,M30-M36,Системные поражения соединительной ткани,M35,4,75.0,61.25,80.75,67.0,35.0,83.0,Рецидивирующий панникулит,19.5,True,13
XIII,M40-M54,Дорсопатии,M42,1,44.0,44.0,44.0,44.0,44.0,44.0,Остеохондроз позвоночника неуточненный,0.0,True,13
XIII,M40-M54,Дорсопатии,M43,1,90.0,90.0,90.0,90.0,90.0,90.0,Другие уточненные деформирующие дорсопатии,0.0,True,13
XIII,M40-M54,Дорсопатии,M45,2,49.5,47.75,51.25,49.5,46.0,53.0,Анкилозирующий спондилит,3.5,True,13
XIII,M40-M54,Дорсопатии,M46,21,60.0,53.0,68.0,59.476190476190474,40.0,74.0,Остеомиелит позвонков,15.0,False,13
XIII,M40-M54,Дорсопатии,M47,4,70.0,68.0,72.5,70.5,68.0,74.0,Другие спондилезы с миелопатией,4.5,True,13
XIII,M40-M54,Дорсопатии,M48,3,66.0,59.5,71.0,65.0,53.0,76.0,Спинальный стеноз,11.5,True,13
XIII,M40-M54,Дорсопатии,M50,2,59.5,53.75,65.25,59.5,48.0,71.0,Поражение межпозвоночного диска шейного отдел с миелопатией (G99.2*),11.5,True,13
XIII,M40-M54,Дорсопатии,M51,3,69.0,63.5,69.5,65.66666666666667,58.0,70.0,Поражения межпозвоночных дисков поясничного и других отделов с радикулопатией (G55.1*),6.0,True,13
XIII,M40-M54,Дорсопатии,M53,1,70.0,70.0,70.0,70.0,70.0,70.0,Спинальная нестабильность,0.0,True,13
XIII,M60-M79,Болезни мягких тканей,M60,5,56.0,48.0,66.0,56.2,44.0,67.0,Инфекционный миозит,18.0,False,13
XIII,M60-M79,Болезни мягких тканей,M70,1,69.0,69.0,69.0,69.0,69.0,69.0,Бурсит области таза,0.0,True,13
XIII,M80-M94,Остеопатии и хондропатии,M80,31,83.0,75.0,90.5,81.83870967741936,64.0,97.0,Идиопатический остеопороз с патологическим переломом,15.5,False,13
XIII,M80-M94,Остеопатии и хондропатии,M81,1,78.0,78.0,78.0,78.0,78.0,78.0,Другие остеопорозы,0.0,True,13
XIII,M80-M94,Остеопатии и хондропатии,M84,3,71.0,69.5,75.5,73.0,68.0,80.0,"Патологические переломы, не классифицированные в других рубриках",6.0,True,13
XIII,M80-M94,Остеопатии и хондропатии,M85,1,78.0,78.0,78.0,78.0,78.0,78.0,Гиперостоз черепа,0.0,True,13
XIII,M80-M94,Остеопатии и хондропатии,M86,42,62.5,60.0,71.75,63.404761904761905,36.0,86.0,Другой хронический остеомиелит,11.75,False,13
XIII,M80-M94,Остеопатии и хондропатии,M87,3,66.0,59.5,66.5,62.0,53.0,67.0,Идиопатический асептический некроз кости,7.0,True,13
XIII,M95-M99,Другие нарушения костно-мышечной системы и соединительной ткани,M95,1,78.0,78.0,78.0,78.0,78.0,78.0,Другие уточненные приобретенные деформации костно-мышечной системы,0.0,True,13
XIV,N00-N08,Гломерулярные болезни,N00,3,39.0,38.5,53.5,48.333333333333336,38.0,68.0,Острый нефритический синдром,15.0,True,14
XIV,N00-N08,Гломерулярные болезни,N01,4,69.0,55.5,74.5,61.0,27.0,79.0,Быстропрогрессирующий нефритический синдром,19.0,True,14
XIV,N00-N08,Гломерулярные болезни,N03,27,66.0,59.5,71.0,66.0,39.0,92.0,Хронический нефритический синдром с другими изменениями,11.5,False,14
XIV,N00-N08,Гломерулярные болезни,N04,4,72.0,63.25,79.75,71.0,58.0,82.0,Нефротический синдрок,16.5,True,14
XIV,N00-N08,Гломерулярные болезни,N05,20,76.0,72.75,86.25,77.95,64.0,93.0,Нефритический синдром неуточненный с другими изменениями,13.5,False,14
XIV,N10-N16,Тубулоинтерстициальные болезни почек,N10,47,68.0,56.0,78.5,65.74468085106383,28.0,93.0,Острый тубулоинтерстициальный нефрит,22.5,False,14
XIV,N10-N16,Тубулоинтерстициальные болезни почек,N11,1719,77.0,68.0,84.0,75.50552646887725,29.0,103.0,Другие хронические тубулоинтерстициальные нефриты,16.0,False,14
XIV,N10-N16,Тубулоинтерстициальные болезни почек,N12,37,78.0,70.0,83.0,73.45945945945945,0.0,96.0,"Тубулоинтерстициальный нефрит, не уточненный как острый или хронический",13.0,False,14
XIV,N10-N16,Тубулоинтерстициальные болезни почек,N13,43,73.0,63.0,79.5,71.13953488372093,36.0,93.0,Пионефроз,16.5,False,14
XIV,N10-N16,Тубулоинтерстициальные болезни почек,N14,4,64.5,64.0,65.25,64.75,64.0,66.0,Токсическая нефропатия,1.25,True,14
XIV,N10-N16,Тубулоинтерстициальные болезни почек,N15,45,69.0,62.0,74.0,67.73333333333333,41.0,90.0,Абсцесс почки и околопочечной клетчатки,12.0,False,14
XIV,N17-N19,Почечная недостаточность,N18,47,77.0,63.0,83.0,73.38297872340425,41.0,93.0,Терминальная стадия почечной недостаточности,20.0,False,14
XIV,N20-N23,Мочекаменная болезнь,N20,289,73.0,67.0,82.0,73.82698961937716,35.0,97.0,Камни почки,15.0,False,14
XIV,N20-N23,Мочекаменная болезнь,N21,13,83.0,80.0,86.0,80.38461538461539,60.0,90.0,Камни в мочевом пузыре,6.0,False,14
XIV,N25-N29,Другие болезни почки и мочеточника,N25,1,82.0,82.0,82.0,82.0,82.0,82.0,Почечная остеодистрофия,0.0,True,14
XIV,N25-N29,Другие болезни почки и мочеточника,N26,261,79.0,69.0,85.0,76.47892720306514,42.0,100.0,Сморщенная почка неуточненная,16.0,False,14
XIV,N25-N29,Другие болезни почки и мочеточника,N27,6,91.0,74.25,94.25,84.33333333333333,60.0,100.0,Маленькая почка двусторонняя,20.0,False,14
XIV,N25-N29,Другие болезни почки и мочеточника,N28,182,83.0,72.0,90.0,80.48351648351648,43.0,103.0,Киста почки,18.0,False,14
XIV,N30-N39,Другие болезни мочевыделительной системы,N30,80,77.0,67.0,85.0,75.125,41.0,97.0,Интерстициальный цистит (хронический),18.0,False,14
XIV,N30-N39,Другие болезни мочевыделительной системы,N32,1,72.0,72.0,72.0,72.0,72.0,72.0,Дивертикул мочевого пузыря,0.0,True,14
XIV,N30-N39,Другие болезни мочевыделительной системы,N35,3,78.0,73.5,81.5,77.33333333333333,69.0,85.0,Другая стриктура уретры,8.0,True,14
XIV,N30-N39,Другие болезни мочевыделительной системы,N39,3,82.0,79.5,82.0,80.33333333333333,77.0,82.0,Другие болезни мочевыводящей системы,2.5,True,14
XIV,N40-N51,Болезни мужских половых органов,N40,194,77.5,72.0,84.0,77.65979381443299,43.0,96.0,Гиперплазия предстательной железы,12.0,False,14
XIV,N40-N51,Болезни мужских половых органов,N41,1,66.0,66.0,66.0,66.0,66.0,66.0,Абсцесс предстательной железы,0.0,True,14
XIV,N40-N51,Болезни мужских половых органов,N45,1,57.0,57.0,57.0,57.0,57.0,57.0,Эпидидимит,0.0,True,14
XIV,N40-N51,Болезни мужских половых органов,N48,3,77.0,61.0,80.0,68.33333333333333,45.0,83.0,Баланит,19.0,True,14
XIV,N40-N51,Болезни мужских половых органов,N49,5,72.0,60.0,74.0,65.6,48.0,74.0,Воспалительные болезни мошонки,14.0,False,14
XIV,N60-N64,Болезни молочной железы,N61,3,72.0,66.0,74.0,69.33333333333333,60.0,76.0,Воспалительные болезни молочной железы,8.0,True,14
XIV,N70-N77,Воспалительные болезни женских тазовых органов,N70,6,52.0,46.5,63.5,56.0,42.0,78.0,Острый сальпингит и оофорит,17.0,False,14
XIV,N70-N77,Воспалительные болезни женских тазовых органов,N71,5,67.0,39.0,84.0,63.2,37.0,89.0,Острая воспалительная болезнь матки,45.0,False,14
XIV,N70-N77,Воспалительные болезни женских тазовых органов,N73,2,68.5,68.25,68.75,68.5,68.0,69.0,Другие уточненные воспалительные болезни женских тазовых органов,0.5,True,14
XIV,N80-N98,Невоспалительные болезни женских половых органов,N80,2,42.5,42.25,42.75,42.5,42.0,43.0,Эндометриоз матки,0.5,True,14
XIV,N80-N98,Невоспалительные болезни женских половых органов,N83,2,41.5,33.25,49.75,41.5,25.0,58.0,Другие кисты яичника,16.5,True,14
XV,O00-O08,Беременность с абортивным исходом,O00,1,35.0,35.0,35.0,35.0,35.0,35.0,Трубная беременность,0.0,True,15
XV,O30-O48,Медицинская помощь матери в связи с состоянием плода,O36,1,0.0,0.0,0.0,0.0,0.0,0.0,"Внутриутробная гибель плода, требующая предоставления медицинской помощи матери",0.0,True,15
XV,O30-O48,Медицинская помощь матери в связи с состоянием плода,O41,1,40.0,40.0,40.0,40.0,40.0,40.0,Инфекция амниотической полости и плодных оболочек,0.0,True,15
XV,O30-O48,Медицинская помощь матери в связи с состоянием плода,O45,1,31.0,31.0,31.0,31.0,31.0,31.0,Преждевременная отслойка плаценты неуточненная,0.0,True,15
XV,O60-O75,Осложнения родов и родоразрешения,O72,1,31.0,31.0,31.0,31.0,31.0,31.0,Кровотечение в третьем периоде родов,0.0,True,15
XV,O60-O75,Осложнения родов и родоразрешения,O74,1,29.0,29.0,29.0,29.0,29.0,29.0,Аспирационный пневмонит вследствие анестезии во время процесса родов и родоразрешения,0.0,True,15
XV,O85-O92,Осложнения послеродового периода,O88,1,35.0,35.0,35.0,35.0,35.0,35.0,Тромбоэмболия околоплодными водами,0.0,True,15
XV,O94-O99,Другие акушерские состояния,O99,4,30.5,28.25,33.5,31.25,26.0,38.0,Другие болезни кровеносной системы,5.25,True,15
XVI,P00-P04,"Поражение плода и новорожденного, обусловленные состояниями матери, осложнениями беременности, родов и родоразрешения",P02,2,0.0,0.0,0.0,0.0,0.0,0.0,"Поражения плода и новорожденного, обусловленные другими осложнениями, связанными с отделением плаценты и кровотечением",0.0,True,16
XVI,P05-P08,"Расстройства, связанные с продолжительностью беременности и ростом плод",P07,1,0.0,0.0,0.0,0.0,0.0,0.0,Другие случаи недоношенности,0.0,True,16
XVI,P10-P15,Родовая травма,P10,1,0.0,0.0,0.0,0.0,0.0,0.0,Субдуральное кровоизлияние при родовой травме,0.0,True,16
XVI,P10-P15,Родовая травма,P11,1,0.0,0.0,0.0,0.0,0.0,0.0,Родовая травма головного мозга,0.0,True,16
XVI,P10-P15,Родовая травма,P15,1,0.0,0.0,0.0,0.0,0.0,0.0,Повреждение печени при родовой травме,0.0,True,16
XVI,P20-P29,"Дыхательные и сердечно-сосудистые нарушения, характерные для перинатального периода",P20,55,0.0,0.0,0.0,0.0,0.0,0.0,"Внутриутробная гипоксия, впервые отмеченная до начала родов",0.0,False,16
XVI,P20-P29,"Дыхательные и сердечно-сосудистые нарушения, характерные для перинатального периода",P21,11,0.0,0.0,0.0,0.0,0.0,0.0,Тяжелая асфиксия при рождении,0.0,False,16
XVI,P20-P29,"Дыхательные и сердечно-сосудистые нарушения, характерные для перинатального периода",P22,17,0.0,0.0,0.0,0.0,0.0,0.0,Синдром дыхательного расстройства у новорожденного,0.0,False,16
XVI,P20-P29,"Дыхательные и сердечно-сосудистые нарушения, характерные для перинатального периода",P23,8,0.0,0.0,0.0,0.0,0.0,0.0,"Врожденная пневмония, вызванная другими возбудителями",0.0,False,16
XVI,P20-P29,"Дыхательные и сердечно-сосудистые нарушения, характерные для перинатального периода",P27,3,0.0,0.0,0.0,0.0,0.0,0.0,Бронхолегочная дисплазия,0.0,True,16
XVI,P20-P29,"Дыхательные и сердечно-сосудистые нарушения, характерные для перинатального периода",P28,1,0.0,0.0,0.0,0.0,0.0,0.0,Первичный ателектаз у новорожденного,0.0,True,16
XVI,P35-P39,"Инфекционные болезни, специфичные для перинатального периода",P35,1,0.0,0.0,0.0,0.0,0.0,0.0,Врожденная цитомегаловирусная инфекция,0.0,True,16
XVI,P35-P39,"Инфекционные болезни, специфичные для перинатального периода",P36,36,0.0,0.0,0.0,0.0,0.0,0.0,Бактериальный сепсис новорожденного неуточненный,0.0,False,16
XVI,P35-P39,"Инфекционные болезни, специфичные для перинатального периода",P39,3,0.0,0.0,0.0,0.0,0.0,0.0,"Внутриамниотическая инфекция плода, не классифицированная в других рубриках",0.0,True,16
XVI,P50-P61,Геморрагические и гематологические нарушения у плода и новорожденного,P52,9,0.0,0.0,0.0,0.0,0.0,0.0,Внутрижелудочковое (нетравматическое) кровоизлияние 3-ей и 4-ой степени у плода и новорожденного,0.0,False,16
XVI,P50-P61,Геморрагические и гематологические нарушения у плода и новорожденного,P53,1,0.0,0.0,0.0,0.0,0.0,0.0,Геморрагическая болезнь плода и новорожденного,0.0,True,16
XVI,P50-P61,Геморрагические и гематологические нарушения у плода и новорожденного,P55,3,0.0,0.0,0.0,0.0,0.0,0.0,Резус-изоиммунизация плода и новорожденного,0.0,True,16
XVI,P50-P61,Геморрагические и гематологические нарушения у плода и новорожденного,P56,1,0.0,0.0,0.0,0.0,0.0,0.0,"Водянка плода, обусловленная изоиммунизацией",0.0,True,16
XVI,P50-P61,Геморрагические и гематологические нарушения у плода и новорожденного,P57,1,0.0,0.0,0.0,0.0,0.0,0.0,Ядерная желтуха,0.0,True,16
XVI,P75-P78,Расстройства системы пищеварения у плода и новорожденного,P76,2,0.0,0.0,0.0,0.0,0.0,0.0,Другая кишечная непроходимость новорожденного,0.0,True,16
XVI,P75-P78,Расстройства системы пищеварения у плода и новорожденного,P77,6,0.0,0.0,0.0,0.0,0.0,0.0,Некротизирующий энтероколит у плода и новорожденного,0.0,False,16
XVI,P80-P83,"Состояния, затрагивающие кожные покровы и терморегуляцию у плода и новорожденного",P83,3,0.0,0.0,0.0,0.0,0.0,0.0,"Водянка плода, не связанная с гемолитической болезнью",0.0,True,16
XVI,P90-P96,"Другие нарушения, возникающие в перинатальном периоде",P91,2,0.0,0.0,0.0,0.0,0.0,0.0,Гипоксически-ишемическая энцефалопатия новорожденного,0.0,True,16
XVI,P90-P96,"Другие нарушения, возникающие в перинатальном периоде",P95,1,0.0,0.0,0.0,0.0,0.0,0.0,Смерть плода по неуточненной причине,0.0,True,16
XVII,Q00-Q07,Врожденные аномалии развития нервной системы,Q00,1,0.0,0.0,0.0,0.0,0.0,0.0,Анэнцефалия,0.0,True,17
XVII,Q00-Q07,Врожденные аномалии развития нервной системы,Q03,8,7.5,0.0,20.0,10.875,0.0,30.0,Атрезия отверстий Мажанди и Лушки,20.0,False,17
XVII,Q00-Q07,Врожденные аномалии развития нервной системы,Q04,4,15.5,1.5,31.5,17.5,0.0,39.0,Другие уточненные врожденные аномалии мозга,30.0,True,17
XVII,Q20-Q28,Врожденные аномалии системы кровообращения,Q21,12,32.0,0.0,50.0,29.333333333333332,0.0,66.0,Дефект межжелудочковой перегородки,50.0,False,17
XVII,Q20-Q28,Врожденные аномалии системы кровообращения,Q22,1,69.0,69.0,69.0,69.0,69.0,69.0,Врожденный стеноз трехстворчатого клапана,0.0,True,17
XVII,Q20-Q28,Врожденные аномалии системы кровообращения,Q23,9,14.0,0.0,33.0,21.555555555555557,0.0,70.0,Врожденная недостаточность аортального клапана,33.0,False,17
XVII,Q20-Q28,Врожденные аномалии системы кровообращения,Q24,5,40.0,0.0,43.0,30.2,0.0,68.0,Другие уточненные врожденные аномалии сердца,43.0,False,17
XVII,Q20-Q28,Врожденные аномалии системы кровообращения,Q25,4,0.0,0.0,11.75,11.75,0.0,47.0,Другие врожденные аномалии крупных артерий,11.75,True,17
XVII,Q20-Q28,Врожденные аномалии системы кровообращения,Q26,1,0.0,0.0,0.0,0.0,0.0,0.0,Тотальная аномалия соединения легочных вен,0.0,True,17
XVII,Q20-Q28,Врожденные аномалии системы кровообращения,Q27,1,72.0,72.0,72.0,72.0,72.0,72.0,Другие врожденные аномалии периферической сосудистой системы,0.0,True,17
XVII,Q20-Q28,Врожденные аномалии системы кровообращения,Q28,1,60.0,60.0,60.0,60.0,60.0,60.0,Артериовенозный порок развития церебральных сосудов,0.0,True,17
XVII,Q30-Q34,Врожденные аномалии органов дыхания,Q32,1,16.0,16.0,16.0,16.0,16.0,16.0,Врожденные кисты и фиброз легкого,0.0,True,17
XVII,Q30-Q34,Врожденные аномалии органов дыхания,Q33,1,0.0,0.0,0.0,0.0,0.0,0.0,Другие врожденные аномалии легкого,0.0,True,17
XVII,Q38-Q45,Другие врожденные аномалии органов пищеварения,Q39,1,0.0,0.0,0.0,0.0,0.0,0.0,Атрезия пищевода,0.0,True,17
XVII,Q38-Q45,Другие врожденные аномалии органов пищеварения,Q43,6,29.5,9.25,63.25,35.333333333333336,0.0,76.0,Другие уточненные врожденные аномалии кишечника,54.0,False,17
XVII,Q38-Q45,Другие врожденные аномалии органов пищеварения,Q44,3,0.0,0.0,40.5,27.0,0.0,81.0,Атрезия желчных протоков,40.5,True,17
XVII,Q38-Q45,Другие врожденные аномалии органов пищеварения,Q45,1,28.0,28.0,28.0,28.0,28.0,28.0,Агенезия поджелудочной железы,0.0,True,17
XVII,Q60-Q64,Врожденные аномалии мочевыделительной системы,Q60,3,44.0,34.5,52.0,43.0,25.0,60.0,Агенезия почки двусторонняя,17.5,True,17
XVII,Q60-Q64,Врожденные аномалии мочевыделительной системы,Q61,16,63.5,49.0,71.5,59.5,0.0,91.0,Поликистоз почки аутосомно-доминантный,22.5,False,17
XVII,Q65-Q79,Врожденные аномалии и деформации костно-мышечной системы,Q67,1,46.0,46.0,46.0,46.0,46.0,46.0,Другие врожденные деформации костно-мышечной системы,0.0,True,17
XVII,Q65-Q79,Врожденные аномалии и деформации костно-мышечной системы,Q78,2,40.5,37.25,43.75,40.5,34.0,47.0,Другие остеохондродисплазии,6.5,True,17
XVII,Q65-Q79,Врожденные аномалии и деформации костно-мышечной системы,Q79,1,0.0,0.0,0.0,0.0,0.0,0.0,Врожденная диафрагмальная грыжа,0.0,True,17
XVII,Q80-Q89,Другие врожденные аномалии,Q82,1,53.0,53.0,53.0,53.0,53.0,53.0,Врожденный невус,0.0,True,17
XVII,Q80-Q89,Другие врожденные аномалии,Q85,1,37.0,37.0,37.0,37.0,37.0,37.0,Нейрофиброматоз (незлокачественный),0.0,True,17
XVII,Q80-Q89,Другие врожденные аномалии,Q87,2,66.5,65.75,67.25,66.5,65.0,68.0,Синдром Марфана,1.5,True,17
XVII,Q80-Q89,Другие врожденные аномалии,Q89,13,0.0,0.0,1.0,0.46153846153846156,0.0,2.0,"Множественные врожденные аномалии, не классифицированные в других рубриках",1.0,False,17
XVIII,R50-R69,Общие симптомы и признаки,R54,49,90.0,86.0,93.0,89.6938775510204,82.0,98.0,Старческая астения,7.0,False,18
XVIII,R95-R99,Неточно обозначенные и неизвестные причины смерти,R95,13,0.0,0.0,0.0,0.0,0.0,0.0,Синдром внезапной детской смерти,0.0,False,18
XVIII,R95-R99,Неточно обозначенные и неизвестные причины смерти,R96,4,41.5,30.25,48.75,37.5,13.0,54.0,"Смерть, наступившая менее чем через 24 часа с момента появления симптомов, не имеющая другого объяснения",18.5,True,18
XVIII,R95-R99,Неточно обозначенные и неизвестные причины смерти,R99,1777,59.0,47.0,68.0,57.66741699493529,16.0,105.0,Другие неточно обозначенные и неуточненные причины смерти,21.0,False,18
XIX,S00-S09,Травмы головы,S00,2,45.5,41.25,49.75,45.5,37.0,54.0,Множественные поверхностные травмы головы,8.5,True,19
XIX,S00-S09,Травмы головы,S01,38,43.0,34.25,53.25,44.81578947368421,20.0,86.0,Открытая рана других областей головы,19.0,False,19
XIX,S00-S09,Травмы головы,S02,390,45.0,34.0,56.75,45.73076923076923,0.0,89.0,Перелом основания черепа,22.75,False,19
XIX,S00-S09,Травмы головы,S05,1,37.0,37.0,37.0,37.0,37.0,37.0,Проникающая рана глазницы,0.0,True,19
XIX,S00-S09,Травмы головы,S06,762,48.0,38.0,62.0,49.98950131233596,0.0,95.0,Травматическое субдуральное кровоизлияние,24.0,False,19
XIX,S00-S09,Травмы головы,S07,68,38.0,30.25,45.25,38.86764705882353,15.0,74.0,Размозжение черепа,15.0,False,19
XIX,S00-S09,Травмы головы,S08,1,81.0,81.0,81.0,81.0,81.0,81.0,Травматическая ампутация других частей головы,0.0,True,19
XIX,S00-S09,Травмы головы,S09,18,52.5,35.5,63.0,51.388888888888886,25.0,90.0,Множественные травмы головы,27.5,False,19
XIX,S10-S19,Травмы шеи,S11,15,38.0,34.5,44.5,39.86666666666667,29.0,62.0,Открытая рана других частей шеи,10.0,False,19
XIX,S10-S19,Травмы шеи,S12,27,58.0,41.5,63.5,51.77777777777778,8.0,96.0,Перелом других уточненных шейных позвонков,22.0,False,19
XIX,S10-S19,Травмы шеи,S13,5,64.0,52.0,70.0,59.4,39.0,72.0,Травматический разрыв межпозвоночного диска на уровне шеи,18.0,False,19
XIX,S10-S19,Травмы шеи,S14,14,39.5,26.25,61.25,44.857142857142854,15.0,90.0,Другие и неуточненные повреждения шейного отдела спинного мозга,35.0,False,19
XIX,S10-S19,Травмы шеи,S15,33,43.0,35.0,48.0,41.81818181818182,21.0,71.0,Травма нескольких кровеносных сосудов на уровне шеи,13.0,False,19
XIX,S10-S19,Травмы шеи,S17,1,44.0,44.0,44.0,44.0,44.0,44.0,Размозжение гортани и трахеи,0.0,True,19
XIX,S10-S19,Травмы шеи,S19,7,49.0,26.5,58.5,46.42857142857143,22.0,84.0,Другие уточненные травмы шеи,32.0,False,19
XIX,S20-S29,Травмы грудной клетки,S20,3,68.0,64.5,73.5,69.33333333333333,61.0,79.0,Ушиб грудной клетки,9.0,True,19
XIX,S20-S29,Травмы грудной клетки,S21,72,42.5,35.75,55.0,45.208333333333336,18.0,80.0,Открытая рана передней стенки грудной клетки,19.25,False,19
XIX,S20-S29,Травмы грудной клетки,S22,68,55.0,48.75,72.5,59.5735294117647,27.0,93.0,Множественные переломы ребер,23.75,False,19
XIX,S20-S29,Травмы грудной клетки,S23,1,32.0,32.0,32.0,32.0,32.0,32.0,Вывих шейного позвонка,0.0,True,19
XIX,S20-S29,Травмы грудной клетки,S24,3,68.0,57.5,76.5,66.66666666666667,47.0,85.0,Повреждение спинного мозга грудного отдела,19.0,True,19
XIX,S20-S29,Травмы грудной клетки,S25,40,42.0,33.0,54.25,43.35,12.0,83.0,Травма грудного отдела аорты,21.25,False,19
XIX,S20-S29,Травмы грудной клетки,S26,77,41.0,33.0,51.0,43.077922077922075,23.0,83.0,Травма сердца с кровоизлиянием в сердечную сумку [гемоперикард],18.0,False,19
XIX,S20-S29,Травмы грудной клетки,S27,192,41.0,33.0,49.0,41.604166666666664,1.0,87.0,Травма неуточненного органа грудной полости,16.0,False,19
XIX,S20-S29,Травмы грудной клетки,S28,2,42.5,41.75,43.25,42.5,41.0,44.0,Травматическая ампутация части грудной клетки,1.5,True,19
XIX,S20-S29,Травмы грудной клетки,S29,37,48.0,40.0,57.0,48.24324324324324,15.0,83.0,Множественные травмы грудной клетки,17.0,False,19
XIX,S30-S39,"Травмы живота, нижней части спины, поясничного отдела позвоночника и таза",S30,2,54.5,49.75,59.25,54.5,45.0,64.0,Ушиб стенки живота,9.5,True,19
XIX,S30-S39,"Травмы живота, нижней части спины, поясничного отдела позвоночника и таза",S31,13,42.0,33.0,50.0,41.92307692307692,26.0,59.0,Открытая рана брюшной стенки,17.0,False,19
XIX,S30-S39,"Травмы живота, нижней части спины, поясничного отдела позвоночника и таза",S32,7,60.0,48.0,74.0,59.714285714285715,29.0,85.0,Множественные переломы пояснично-крестцового отдела позвоночника и костей таза,26.0,False,19
XIX,S30-S39,"Травмы живота, нижней части спины, поясничного отдела позвоночника и таза",S35,20,40.0,29.5,55.25,43.75,24.0,82.0,Травма чревной или брыжеечной артерии,25.75,False,19
XIX,S30-S39,"Травмы живота, нижней части спины, поясничного отдела позвоночника и таза",S36,106,43.5,33.0,54.75,43.924528301886795,15.0,80.0,Травма печени или желчного пузыря,21.75,False,19
XIX,S30-S39,"Травмы живота, нижней части спины, поясничного отдела позвоночника и таза",S37,16,50.0,41.75,53.25,49.0625,33.0,67.0,Травма мочевого пузыря,11.5,False,19
XIX,S30-S39,"Травмы живота, нижней части спины, поясничного отдела позвоночника и таза",S39,4,38.0,24.0,53.5,39.5,24.0,58.0,"Другие уточненные травмы живота, нижней части спины и таза",29.5,True,19
XIX,S40-S49,Травмы плечевого пояса и плеча,S41,1,48.0,48.0,48.0,48.0,48.0,48.0,Открытая рана плеча,0.0,True,19
XIX,S40-S49,Травмы плечевого пояса и плеча,S42,15,69.0,65.0,78.0,71.26666666666667,53.0,92.0,Перелом верхнего конца плечевой кости,13.0,False,19
XIX,S40-S49,Травмы плечевого пояса и плеча,S45,15,40.0,36.5,53.5,47.53333333333333,24.0,85.0,Травма плечевой артерии,17.0,False,19
XIX,S40-S49,Травмы плечевого пояса и плеча,S48,1,39.0,39.0,39.0,39.0,39.0,39.0,Травматическая ампутация плечевого пояса и плеча на неуточненном уровне,0.0,True,19
XIX,S50-S59,Травмы локтя и предплечья,S51,9,40.0,31.0,60.0,45.333333333333336,21.0,80.0,Открытая рана локтя,29.0,False,19
XIX,S50-S59,Травмы локтя и предплечья,S52,1,70.0,70.0,70.0,70.0,70.0,70.0,Сочетанный перелом нижних концов локтевой и лучевой костей,0.0,True,19
XIX,S50-S59,Травмы локтя и предплечья,S55,15,47.0,39.5,53.5,48.93333333333333,30.0,78.0,Травма нескольких кровеносных сосудов на уровне предплечья,14.0,False,19
XIX,S60-S69,Травмы запястья и кисти,S61,1,40.0,40.0,40.0,40.0,40.0,40.0,Открытая рана кисти,0.0,True,19
XIX,S70-S79,Травмы области тазобедренного сустава и бедра,S71,7,46.0,36.0,50.5,42.42857142857143,24.0,54.0,Открытая рана бедра,14.5,False,19
XIX,S70-S79,Травмы области тазобедренного сустава и бедра,S72,110,81.0,74.25,86.0,79.65454545454546,37.0,98.0,Перелом шейки бедра,11.75,False,19
XIX,S70-S79,Травмы области тазобедренного сустава и бедра,S75,30,42.0,36.0,46.0,42.1,25.0,73.0,Травма нескольких кровеносных сосудов на уровне тазобедренного сустава и бедра,10.0,False,19
XIX,S70-S79,Травмы области тазобедренного сустава и бедра,S76,1,39.0,39.0,39.0,39.0,39.0,39.0,Травма нескольких мышц и сухожилий на уровне тазобедренного сустава и бедра,0.0,True,19
XIX,S70-S79,Травмы области тазобедренного сустава и бедра,S77,1,41.0,41.0,41.0,41.0,41.0,41.0,Размозжение бедра,0.0,True,19
XIX,S70-S79,Травмы области тазобедренного сустава и бедра,S78,1,63.0,63.0,63.0,63.0,63.0,63.0,Травматическая ампутация бедра,0.0,True,19
XIX,S70-S79,Травмы области тазобедренного сустава и бедра,S79,2,55.5,39.25,71.75,55.5,23.0,88.0,Другие уточненные травмы области тазобедренного сустава и бедра,32.5,True,19
XIX,S80-S89,Травмы колена и голени,S81,2,48.0,40.5,55.5,48.0,33.0,63.0,Открытая рана голени,15.0,True,19
XIX,S80-S89,Травмы колена и голени,S82,12,53.5,45.5,66.5,57.0,43.0,86.0,Множественные переломы голени,21.0,False,19
XIX,S80-S89,Травмы колена и голени,S85,7,49.0,39.5,52.0,45.285714285714285,33.0,52.0,Травма большой подкожной вены на уровне голени,12.5,False,19
XIX,S80-S89,Травмы колена и голени,S86,1,28.0,28.0,28.0,28.0,28.0,28.0,Травма нескольких мышц и сухожилий на уровне голени,0.0,True,19
XIX,S80-S89,Травмы колена и голени,S87,1,36.0,36.0,36.0,36.0,36.0,36.0,Размозжение другой и неуточненной части голени,0.0,True,19
XIX,S90-S99,Травмы области голеностопного сустава и стопы,S92,1,53.0,53.0,53.0,53.0,53.0,53.0,Перелом пяточной кости,0.0,True,19
XIX,S90-S99,Травмы области голеностопного сустава и стопы,S95,2,44.0,44.0,44.0,44.0,44.0,44.0,Травма дорсальной артерии стопы,0.0,True,19
XIX,S90-S99,Травмы области голеностопного сустава и стопы,S99,2,26.0,22.0,30.0,26.0,18.0,34.0,Другие уточненные травмы голеностопного сустава и стопы,8.0,True,19
XIX,T00-T07,"Травмы, захватывающие несколько областей тела",T00,1,38.0,38.0,38.0,38.0,38.0,38.0,Поверхностные травмы нескольких областей,0.0,True,19
XIX,T00-T07,"Травмы, захватывающие несколько областей тела",T01,26,41.5,34.25,46.25,41.84615384615385,23.0,73.0,"Другие сочетания открытых ран, захватывающих несколько областей тела",12.0,False,19
XIX,T00-T07,"Травмы, захватывающие несколько областей тела",T02,48,44.0,35.75,57.25,48.125,20.0,91.0,"Другие сочетания переломов, захватывающих несколько областей тела",21.5,False,19
XIX,T00-T07,"Травмы, захватывающие несколько областей тела",T04,237,37.0,28.0,46.0,37.41772151898734,18.0,62.0,Другие сочетания размозжений нескольких областей тела,18.0,False,19
XIX,T00-T07,"Травмы, захватывающие несколько областей тела",T05,3,59.0,46.0,63.5,53.333333333333336,33.0,68.0,"Травматические ампутации, захватывающие другие области тела в разных комбинациях",17.5,True,19
XIX,T00-T07,"Травмы, захватывающие несколько областей тела",T06,1848,39.0,30.0,48.0,39.691017316017316,0.0,91.0,Другие уточненные травмы с вовлечением нескольких областей тела,18.0,False,19
XIX,T00-T07,"Травмы, захватывающие несколько областей тела",T07,67,39.0,27.0,51.5,40.343283582089555,4.0,85.0,Множественные травмы неуточненные,24.5,False,19
XIX,T08-T14,"Травмы неуточненной части туловища, конечности или области тела",T09,1,44.0,44.0,44.0,44.0,44.0,44.0,Травма спинного мозга на неуточненном уровне,0.0,True,19
XIX,T08-T14,"Травмы неуточненной части туловища, конечности или области тела",T11,1,32.0,32.0,32.0,32.0,32.0,32.0,Неуточненная травма верхней конечности на неуточненном уровне,0.0,True,19
XIX,T08-T14,"Травмы неуточненной части туловища, конечности или области тела",T13,29,39.0,28.0,47.0,38.172413793103445,19.0,61.0,Травма неуточненного кровеносного сосуда нижней конечности на неуточненном уровне,19.0,False,19
XIX,T15-T19,Последствия проникновения инородного тела через естественные отверстия,T17,335,60.0,45.0,69.0,57.364179104477614,0.0,92.0,Инородное тело в другом или нескольких отделах дыхательных путей,24.0,False,19
XIX,T15-T19,Последствия проникновения инородного тела через естественные отверстия,T18,1,56.0,56.0,56.0,56.0,56.0,56.0,Инородное тело в других отделах пищеварительного тракта,0.0,True,19
XIX,T20-T32,Термические и химические ожоги,T20,3,51.0,49.0,57.5,54.0,47.0,64.0,Термический ожог головы и шеи второй степени,8.5,True,19
XIX,T20-T32,Термические и химические ожоги,T21,9,65.0,56.0,70.0,62.22222222222222,34.0,79.0,Термический ожог туловища второй степени,14.0,False,19
XIX,T20-T32,Термические и химические ожоги,T25,1,67.0,67.0,67.0,67.0,67.0,67.0,Термический ожог третьей степени голеностопного сустава и стопы,0.0,True,19
XIX,T20-T32,Термические и химические ожоги,T27,6,68.0,64.0,69.75,68.33333333333333,63.0,78.0,"Термический ожог гортани, трахеи и легкого",5.75,False,19
XIX,T20-T32,Термические и химические ожоги,T29,71,52.0,39.5,64.5,51.71830985915493,15.0,90.0,Термические ожоги нескольких областей тела с указанием хотя бы на один ожог третьей степени,25.0,False,19
XIX,T20-T32,Термические и химические ожоги,T31,21,40.0,27.0,54.0,41.666666666666664,15.0,71.0,Термический ожог 90% поверхности тела или более,27.0,False,19
XIX,T33-T35,Отморожение,T34,14,65.5,49.0,70.5,60.142857142857146,30.0,76.0,Отморожение с некрозом тканей в области голеностопного сустава и стопы,21.5,False,19
XIX,T33-T35,Отморожение,T35,7,58.0,56.0,68.5,62.285714285714285,54.0,75.0,Обморожения с некрозом тканей затрагивающие грудную клетку живот таз и конечности,12.5,False,19
XIX,T36-T50,"Отравления лекарственными средствами, медикаментами и биологическими веществами",T36,1,42.0,42.0,42.0,42.0,42.0,42.0,Отравление ампициллином,0.0,True,19
XIX,T36-T50,"Отравления лекарственными средствами, медикаментами и биологическими веществами",T37,2,41.5,39.75,43.25,41.5,38.0,45.0,Отравление другими противомикробными средствами,3.5,True,19
XIX,T36-T50,"Отравления лекарственными средствами, медикаментами и биологическими веществами",T38,1,37.0,37.0,37.0,37.0,37.0,37.0,Отравление инсулином,0.0,True,19
XIX,T36-T50,"Отравления лекарственными средствами, медикаментами и биологическими веществами",T39,5,56.0,31.0,60.0,45.0,3.0,75.0,Отравление другими нестероидными противовоспалительными средствами [NSAID],29.0,False,19
XIX,T36-T50,"Отравления лекарственными средствами, медикаментами и биологическими веществами",T40,144,38.0,34.0,42.25,38.201388888888886,13.0,62.0,Отравление другими синтетическими наркотиками,8.25,False,19
XIX,T36-T50,"Отравления лекарственными средствами, медикаментами и биологическими веществами",T41,2,57.0,42.5,71.5,57.0,28.0,86.0,Отравление анестетиками,29.0,True,19
XIX,T36-T50,"Отравления лекарственными средствами, медикаментами и биологическими веществами",T42,31,44.0,34.5,50.5,46.096774193548384,18.0,89.0,Отравление барбитуратами,16.0,False,19
XIX,T36-T50,"Отравления лекарственными средствами, медикаментами и биологическими веществами",T43,21,45.0,27.0,48.0,41.80952380952381,16.0,85.0,"Отравление психостимулирующими средствами, характеризующимися возможностью пристрастия к ним",21.0,False,19
XIX,T36-T50,"Отравления лекарственными средствами, медикаментами и биологическими веществами",T44,8,47.5,19.5,62.75,43.75,13.0,77.0,Отравление ингибиторами МАО,43.25,False,19
XIX,T36-T50,"Отравления лекарственными средствами, медикаментами и биологическими веществами",T45,2,31.0,16.5,45.5,31.0,2.0,60.0,Отравление препаратами влияющими на метаболизм мочевой кислоты,29.0,True,19
XIX,T36-T50,"Отравления лекарственными средствами, медикаментами и биологическими веществами",T46,8,71.0,56.5,79.5,62.875,16.0,81.0,Отравление блокаторами кальциевых каналов,23.0,False,19
XIX,T36-T50,"Отравления лекарственными средствами, медикаментами и биологическими веществами",T48,3,50.0,39.0,52.0,44.0,28.0,54.0,Отравление миорелаксантами [блокаторами Н-холинорецепторов скелетных мышц],13.0,True,19
XIX,T36-T50,"Отравления лекарственными средствами, медикаментами и биологическими веществами",T50,4,45.0,39.75,49.5,44.25,33.0,54.0,Отравление неуточненными лекарствами,9.75,True,19
XIX,T51-T65,"Токсическое действие веществ, преимущественно немедицинского назначения",T51,905,50.0,42.0,60.0,50.4707182320442,17.0,85.0,Токсическое действие этанола,18.0,False,19
XIX,T51-T65,"Токсическое действие веществ, преимущественно немедицинского назначения",T52,40,51.5,42.75,59.5,50.6,27.0,74.0,Токсическое действие кетонов,16.75,False,19
XIX,T51-T65,"Токсическое действие веществ, преимущественно немедицинского назначения",T53,1,32.0,32.0,32.0,32.0,32.0,32.0,Токсическое действие четыреххлористого углерода,0.0,True,19
XIX,T51-T65,"Токсическое действие веществ, преимущественно немедицинского назначения",T54,42,65.5,56.25,77.75,66.83333333333333,34.0,91.0,Токсическое действие едких кислот и кислотоподобных веществ,21.5,False,19
XIX,T51-T65,"Токсическое действие веществ, преимущественно немедицинского назначения",T57,1,21.0,21.0,21.0,21.0,21.0,21.0,Токсическое действие других неорганических веществ,0.0,True,19
XIX,T51-T65,"Токсическое действие веществ, преимущественно немедицинского назначения",T58,285,50.0,40.0,60.0,49.319298245614036,2.0,89.0,Токсическое действие окиси углерода,20.0,False,19
XIX,T51-T65,"Токсическое действие веществ, преимущественно немедицинского назначения",T59,31,53.0,14.5,65.0,42.58064516129032,1.0,92.0,"Токсическое действие газов, дымов и паров неуточненных",50.5,False,19
XIX,T51-T65,"Токсическое действие веществ, преимущественно немедицинского назначения",T62,2,79.0,75.0,83.0,79.0,71.0,87.0,"Токсическое действие других ядовитых веществ, содержащихся в другом (их) съеденном (ых) растении (ях)",8.0,True,19
XIX,T51-T65,"Токсическое действие веществ, преимущественно немедицинского назначения",T63,1,63.0,63.0,63.0,63.0,63.0,63.0,Токсическое действие яда членистоногих,0.0,True,19
XIX,T51-T65,"Токсическое действие веществ, преимущественно немедицинского назначения",T65,336,46.0,37.0,58.0,46.74404761904762,14.0,84.0,Токсическое действие неуточненного вещества,21.0,False,19
XIX,T66-T78,Другие и неуточненные эффекты воздействия внешних причин,T67,4,39.5,24.25,58.5,43.25,19.0,75.0,Тепловой и солнечный удар,34.25,True,19
XIX,T66-T78,Другие и неуточненные эффекты воздействия внешних причин,T68,300,54.0,43.0,63.0,53.776666666666664,15.0,90.0,Гипотермия,20.0,False,19
XIX,T66-T78,Другие и неуточненные эффекты воздействия внешних причин,T69,23,57.0,53.5,63.5,57.391304347826086,38.0,80.0,Другие уточненные эффекты воздействия низкой температуры,10.0,False,19
XIX,T66-T78,Другие и неуточненные эффекты воздействия внешних причин,T70,3,32.0,30.5,34.0,32.333333333333336,29.0,36.0,Эффекты воздействия давления воздуха и воды,3.5,True,19
XIX,T66-T78,Другие и неуточненные эффекты воздействия внешних причин,T71,1205,41.0,33.0,54.0,43.7045643153527,0.0,97.0,Асфиксия,21.0,False,19
XIX,T66-T78,Другие и неуточненные эффекты воздействия внешних причин,T75,379,42.0,32.0,55.5,42.94195250659631,0.0,91.0,Утопление и несмертельное погружение в воду,23.5,False,19
XIX,T66-T78,Другие и неуточненные эффекты воздействия внешних причин,T78,7,59.0,49.5,67.0,57.857142857142854,42.0,71.0,Ангионевротический отек,17.5,False,19
XIX,T79-T79,Некоторые ранние осложнения травмы,T79,2,59.0,58.0,60.0,59.0,57.0,61.0,Травматическая ишемия мышц,2.0,True,19
XIX,T80-T88,"Осложнения хирургических и терапевтических вмешательств, не классифицированные в других рубриках",T80,3,57.0,46.5,65.0,55.333333333333336,36.0,73.0,"Инфекции, связанные с инфузией, трансфузией и лечебной инъекцией",18.5,True,19
XIX,T80-T88,"Осложнения хирургических и терапевтических вмешательств, не классифицированные в других рубриках",T81,26,61.5,53.25,72.5,62.88461538461539,35.0,88.0,"Случайный прокол или разрыв при выполнении процедуры, не классифицированный в других рубриках",19.25,False,19
XIX,T80-T88,"Осложнения хирургических и терапевтических вмешательств, не классифицированные в других рубриках",T82,3,61.0,53.5,61.5,56.333333333333336,46.0,62.0,Осложнения других сердечно-сосудистых устройств,8.0,True,19
XIX,T80-T88,"Осложнения хирургических и терапевтических вмешательств, не классифицированные в других рубриках",T84,1,85.0,85.0,85.0,85.0,85.0,85.0,Инфекция протеза сустава,0.0,True,19
XIX,T80-T88,"Осложнения хирургических и терапевтических вмешательств, не классифицированные в других рубриках",T85,3,3.0,2.5,40.5,27.666666666666668,2.0,78.0,Осложнение от имплантатов,38.0,True,19
XIX,T80-T88,"Осложнения хирургических и терапевтических вмешательств, не классифицированные в других рубриках",T86,1,33.0,33.0,33.0,33.0,33.0,33.0,Отторжение трансплантата почки,0.0,True,19
XIX,T80-T88,"Осложнения хирургических и терапевтических вмешательств, не классифицированные в других рубриках",T88,2,73.0,71.5,74.5,73.0,70.0,76.0,Другие осложнения анестезии,3.0,True,19
XIX,T90-T98,"Последствия травм, отравлений и других воздействий внешних причин",T90,44,63.0,48.75,75.25,61.40909090909091,26.0,90.0,Последствия внутричерепной травмы,26.5,False,19
XIX,T90-T98,"Последствия травм, отравлений и других воздействий внешних причин",T91,13,49.0,42.0,65.0,53.84615384615385,25.0,90.0,Последствия перелома позвоночника,23.0,False,19
XIX,T90-T98,"Последствия травм, отравлений и других воздействий внешних причин",T93,138,82.0,73.0,88.0,79.92028985507247,37.0,98.0,Последствия перелома бедра,15.0,False,19
XIX,T90-T98,"Последствия травм, отравлений и других воздействий внешних причин",T94,2,55.0,40.0,70.0,55.0,25.0,85.0,Последствия множественных травм,30.0,True,19
XIX,T90-T98,"Последствия травм, отравлений и других воздействий внешних причин",T98,2,56.0,41.0,71.0,56.0,26.0,86.0,Последствия травм других уточненных областей тела,30.0,True,19
XXII,U00-U49,Предварительное назначение новых заболеваний неопределенной этиологии или использования в чрезвычайных ситуациях,U07,803,72.0,65.0,81.0,71.8318804483188,16.0,99.0,"COVID-19, вирус идентифицирован",16.0,False,22
