year,municipality_source,icd_class,deaths
2016,Александровск-Сахалинский р-н,I,1
2016,Александровск-Сахалинский р-н,II,42
2016,Александровск-Сахалинский р-н,IV,7
2016,Александровск-Сахалинский р-н,IX,101
2016,Александровск-Сахалинский р-н,V,5
2016,Александровск-Сахалинский р-н,VI,6
2016,Александровск-Сахалинский р-н,X,15
2016,Александровск-Сахалинский р-н,XI,16
2016,Александровск-Сахалинский р-н,XIV,8
2016,Александровск-Сахалинский р-н,XIX,40
2016,Александровск-Сахалинский р-н,XVII,1
2016,Александровск-Сахалинский р-н,XVIII,4
2016,Анивский р-н,I,1
2016,Анивский р-н,II,36
2016,Анивский р-н,IV,5
2016,Анивский р-н,IX,74
2016,Анивский р-н,VI,1
2016,Анивский р-н,X,14
2016,Анивский р-н,XI,18
2016,Анивский р-н,XIII,1
2016,Анивский р-н,XIV,2
2016,Анивский р-н,XIX,29
2016,Анивский р-н,XVIII,1
2016,Долинский р-н,I,4
2016,Долинский р-н,II,74
2016,Долинский р-н,III,1
2016,Долинский р-н,IV,5
2016,Долинский р-н,IX,214
2016,Долинский р-н,V,1
2016,Долинский р-н,VI,9
2016,Долинский р-н,X,11
2016,Долинский р-н,XI,38
2016,Долинский р-н,XIV,10
2016,Долинский р-н,XIX,47
2016,Долинский р-н,XVII,2
2016,Долинский р-н,XVIII,15
2016,Корсаковский р-н,I,3
2016,Корсаковский р-н,II,87
2016,Корсаковский р-н,IV,4
2016,Корсаковский р-н,IX,238
2016,Корсаковский р-н,VI,1
2016,Корсаковский р-н,X,48
2016,Корсаковский р-н,XI,56
2016,Корсаковский р-н,XII,2
2016,Корсаковский р-н,XIV,4
2016,Корсаковский р-н,XIX,55
2016,Корсаковский р-н,XVI,1
2016,Корсаковский р-н,XVIII,25
2016,Курильский р-н,II,6
2016,Курильский р-н,IV,1
2016,Курильский р-н,IX,20
2016,Курильский р-н,V,1
2016,Курильский р-н,VI,1
2016,Курильский р-н,XI,4
2016,Курильский р-н,XIX,7
2016,Макаровский р-н,I,2
2016,Макаровский р-н,II,24
2016,Макаровский р-н,IV,1
2016,Макаровский р-н,IX,67
2016,Макаровский р-н,V,1
2016,Макаровский р-н,X,6
2016,Макаровский р-н,XI,22
2016,Макаровский р-н,XIII,1
2016,Макаровский р-н,XIX,16
2016,Макаровский р-н,XVIII,1
2016,Невельский р-н,I,3
2016,Невельский р-н,II,37
2016,Невельский р-н,IV,4
2016,Невельский р-н,IX,120
2016,Невельский р-н,VI,2
2016,Невельский р-н,X,13
2016,Невельский р-н,XI,23
2016,Невельский р-н,XIV,5
2016,Невельский р-н,XIX,23
2016,Невельский р-н,XVIII,15
2016,Ногликский р-н,I,3
2016,Ногликский р-н,II,25
2016,Ногликский р-н,IV,2
2016,Ногликский р-н,IX,67
2016,Ногликский р-н,VI,2
2016,Ногликский р-н,X,9
2016,Ногликский р-н,XI,6
2016,Ногликский р-н,XIV,5
2016,Ногликский р-н,XIX,29
2016,Ногликский р-н,XVI,1
2016,Ногликский р-н,XVIII,5
2016,Охинский р-н,I,4
2016,Охинский р-н,II,58
2016,Охинский р-н,IV,15
2016,Охинский р-н,IX,149
2016,Охинский р-н,VI,1
2016,Охинский р-н,X,17
2016,Охинский р-н,XI,29
2016,Охинский р-н,XIV,9
2016,Охинский р-н,XIX,31
2016,Охинский р-н,XVII,1
2016,Охинский р-н,XVIII,20
2016,Поронайский р-н,I,7
2016,Поронайский р-н,II,61
2016,Поронайский р-н,IV,4
2016,Поронайский р-н,IX,168
2016,Поронайский р-н,VI,4
2016,Поронайский р-н,X,23
2016,Поронайский р-н,XI,37
2016,Поронайский р-н,XII,1
2016,Поронайский р-н,XIII,3
2016,Поронайский р-н,XIV,3
2016,Поронайский р-н,XIX,52
2016,Поронайский р-н,XVI,1
2016,Поронайский р-н,XVIII,6
2016,Северо-Курильский р-н,II,3
2016,Северо-Курильский р-н,IV,2
2016,Северо-Курильский р-н,IX,12
2016,Северо-Курильский р-н,XIX,1
2016,Северо-Курильский р-н,XVIII,2
2016,Смирныховский р-н,II,24
2016,Смирныховский р-н,IV,1
2016,Смирныховский р-н,IX,87
2016,Смирныховский р-н,VI,1
2016,Смирныховский р-н,X,14
2016,Смирныховский р-н,XI,26
2016,Смирныховский р-н,XIX,26
2016,Смирныховский р-н,XV,1
2016,Смирныховский р-н,XVI,1
2016,Смирныховский р-н,XVII,1
2016,Смирныховский р-н,XVIII,2
2016,Томаринский р-н,I,2
2016,Томаринский р-н,II,28
2016,Томаринский р-н,IV,1
2016,Томаринский р-н,IX,83
2016,Томаринский р-н,V,5
2016,Томаринский р-н,VI,15
2016,Томаринский р-н,X,20
2016,Томаринский р-н,XI,16
2016,Томаринский р-н,XIV,3
2016,Томаринский р-н,XIX,25
2016,Томаринский р-н,XVII,1
2016,Томаринский р-н,XVIII,3
2016,Тымовский р-н,I,3
2016,Тымовский р-н,II,50
2016,Тымовский р-н,IX,138
2016,Тымовский р-н,VI,2
2016,Тымовский р-н,X,11
2016,Тымовский р-н,XI,24
2016,Тымовский р-н,XIV,3
2016,Тымовский р-н,XIX,25
2016,Тымовский р-н,XVI,2
2016,Тымовский р-н,XVII,3
2016,Тымовский р-н,XVIII,1
2016,Углегорский р-н,I,6
2016,Углегорский р-н,II,73
2016,Углегорский р-н,III,1
2016,Углегорский р-н,IX,178
2016,Углегорский р-н,VI,2
2016,Углегорский р-н,X,36
2016,Углегорский р-н,XI,38
2016,Углегорский р-н,XII,1
2016,Углегорский р-н,XIV,2
2016,Углегорский р-н,XIX,47
2016,Углегорский р-н,XVII,1
2016,Углегорский р-н,XVIII,6
2016,Холмский р-н,I,8
2016,Холмский р-н,II,137
2016,Холмский р-н,IV,19
2016,Холмский р-н,IX,294
2016,Холмский р-н,V,1
2016,Холмский р-н,VI,4
2016,Холмский р-н,X,36
2016,Холмский р-н,XI,50
2016,Холмский р-н,XIV,4
2016,Холмский р-н,XIX,79
2016,Холмский р-н,XV,1
2016,Холмский р-н,XVI,1
2016,Холмский р-н,XVII,1
2016,Холмский р-н,XVIII,16
2016,Южно-Курильский р-н,II,7
2016,Южно-Курильский р-н,IV,2
2016,Южно-Курильский р-н,IX,16
2016,Южно-Курильский р-н,XI,5
2016,Южно-Курильский р-н,XIV,2
2016,Южно-Курильский р-н,XIX,10
2016,Южно-Курильский р-н,XVIII,2
2016,Южно-Сахалинск г,I,24
2016,Южно-Сахалинск г,II,371
2016,Южно-Сахалинск г,IV,12
2016,Южно-Сахалинск г,IX,835
2016,Южно-Сахалинск г,V,1
2016,Южно-Сахалинск г,VI,13
2016,Южно-Сахалинск г,X,174
2016,Южно-Сахалинск г,XI,169
2016,Южно-Сахалинск г,XII,3
2016,Южно-Сахалинск г,XIII,5
2016,Южно-Сахалинск г,XIV,45
2016,Южно-Сахалинск г,XIX,237
2016,Южно-Сахалинск г,XVI,4
2016,Южно-Сахалинск г,XVII,7
2016,Южно-Сахалинск г,XVIII,55
2017,Александровск-Сахалинский р-н,I,5
2017,Александровск-Сахалинский р-н,II,40
2017,Александровск-Сахалинский р-н,III,1
2017,Александровск-Сахалинский р-н,IV,6
2017,Александровск-Сахалинский р-н,IX,54
2017,Александровск-Сахалинский р-н,V,9
2017,Александровск-Сахалинский р-н,VI,30
2017,Александровск-Сахалинский р-н,X,10
2017,Александровск-Сахалинский р-н,XI,19
2017,Александровск-Сахалинский р-н,XII,2
2017,Александровск-Сахалинский р-н,XIV,12
2017,Александровск-Сахалинский р-н,XIX,30
2017,Александровск-Сахалинский р-н,XVII,2
2017,Александровск-Сахалинский р-н,XVIII,4
2017,Анивский р-н,I,2
2017,Анивский р-н,II,38
2017,Анивский р-н,IV,12
2017,Анивский р-н,IX,32
2017,Анивский р-н,V,3
2017,Анивский р-н,VI,25
2017,Анивский р-н,X,10
2017,Анивский р-н,XI,11
2017,Анивский р-н,XIII,2
2017,Анивский р-н,XIV,3
2017,Анивский р-н,XIX,31
2017,Анивский р-н,XVIII,3
2017,Долинский р-н,I,9
2017,Долинский р-н,II,52
2017,Долинский р-н,III,1
2017,Долинский р-н,IV,14
2017,Долинский р-н,IX,104
2017,Долинский р-н,V,5
2017,Долинский р-н,VI,42
2017,Долинский р-н,X,16
2017,Долинский р-н,XI,32
2017,Долинский р-н,XIII,2
2017,Долинский р-н,XIV,15
2017,Долинский р-н,XIX,47
2017,Долинский р-н,XVI,2
2017,Долинский р-н,XVIII,9
2017,Корсаковский р-н,I,14
2017,Корсаковский р-н,II,105
2017,Корсаковский р-н,IV,35
2017,Корсаковский р-н,IX,131
2017,Корсаковский р-н,V,15
2017,Корсаковский р-н,VI,23
2017,Корсаковский р-н,X,39
2017,Корсаковский р-н,XI,104
2017,Корсаковский р-н,XIII,1
2017,Корсаковский р-н,XIV,11
2017,Корсаковский р-н,XIX,47
2017,Корсаковский р-н,XVI,1
2017,Корсаковский р-н,XVII,1
2017,Корсаковский р-н,XVIII,23
2017,Курильский р-н,II,4
2017,Курильский р-н,IV,2
2017,Курильский р-н,IX,16
2017,Курильский р-н,V,1
2017,Курильский р-н,VI,2
2017,Курильский р-н,X,2
2017,Курильский р-н,XI,5
2017,Курильский р-н,XIX,16
2017,Курильский р-н,XVIII,1
2017,Макаровский р-н,I,3
2017,Макаровский р-н,II,18
2017,Макаровский р-н,IV,1
2017,Макаровский р-н,IX,41
2017,Макаровский р-н,V,3
2017,Макаровский р-н,VI,2
2017,Макаровский р-н,X,3
2017,Макаровский р-н,XI,16
2017,Макаровский р-н,XIV,3
2017,Макаровский р-н,XIX,21
2017,Макаровский р-н,XVI,2
2017,Макаровский р-н,XVIII,10
2017,Невельский р-н,I,3
2017,Невельский р-н,II,43
2017,Невельский р-н,III,1
2017,Невельский р-н,IV,17
2017,Невельский р-н,IX,48
2017,Невельский р-н,V,20
2017,Невельский р-н,VI,21
2017,Невельский р-н,X,12
2017,Невельский р-н,XI,17
2017,Невельский р-н,XII,1
2017,Невельский р-н,XIV,14
2017,Невельский р-н,XIX,32
2017,Невельский р-н,XVI,1
2017,Невельский р-н,XVIII,8
2017,Ногликский р-н,II,26
2017,Ногликский р-н,IV,5
2017,Ногликский р-н,IX,27
2017,Ногликский р-н,V,5
2017,Ногликский р-н,VI,17
2017,Ногликский р-н,X,5
2017,Ногликский р-н,XI,8
2017,Ногликский р-н,XIII,1
2017,Ногликский р-н,XIV,1
2017,Ногликский р-н,XIX,12
2017,Ногликский р-н,XVIII,1
2017,Охинский р-н,I,5
2017,Охинский р-н,II,60
2017,Охинский р-н,IV,29
2017,Охинский р-н,IX,64
2017,Охинский р-н,V,11
2017,Охинский р-н,VI,34
2017,Охинский р-н,X,2
2017,Охинский р-н,XI,32
2017,Охинский р-н,XIII,1
2017,Охинский р-н,XIV,14
2017,Охинский р-н,XIX,35
2017,Охинский р-н,XVI,2
2017,Охинский р-н,XVII,2
2017,Охинский р-н,XVIII,22
2017,Поронайский р-н,I,4
2017,Поронайский р-н,II,77
2017,Поронайский р-н,IV,20
2017,Поронайский р-н,IX,119
2017,Поронайский р-н,V,5
2017,Поронайский р-н,VI,12
2017,Поронайский р-н,X,9
2017,Поронайский р-н,XI,38
2017,Поронайский р-н,XII,1
2017,Поронайский р-н,XIII,1
2017,Поронайский р-н,XIV,8
2017,Поронайский р-н,XIX,47
2017,Поронайский р-н,XVI,1
2017,Поронайский р-н,XVIII,15
2017,Северо-Курильский р-н,II,1
2017,Северо-Курильский р-н,IV,1
2017,Северо-Курильский р-н,IX,3
2017,Северо-Курильский р-н,VI,2
2017,Северо-Курильский р-н,XI,4
2017,Северо-Курильский р-н,XIX,3
2017,Северо-Курильский р-н,XVIII,1
2017,Смирныховский р-н,I,2
2017,Смирныховский р-н,II,22
2017,Смирныховский р-н,III,1
2017,Смирныховский р-н,IV,4
2017,Смирныховский р-н,IX,43
2017,Смирныховский р-н,V,6
2017,Смирныховский р-н,VI,8
2017,Смирныховский р-н,X,9
2017,Смирныховский р-н,XI,21
2017,Смирныховский р-н,XIV,2
2017,Смирныховский р-н,XIX,19
2017,Смирныховский р-н,XVI,1
2017,Смирныховский р-н,XVIII,3
2017,Томаринский р-н,I,1
2017,Томаринский р-н,II,28
2017,Томаринский р-н,IV,9
2017,Томаринский р-н,IX,29
2017,Томаринский р-н,V,7
2017,Томаринский р-н,VI,33
2017,Томаринский р-н,X,3
2017,Томаринский р-н,XI,11
2017,Томаринский р-н,XIV,8
2017,Томаринский р-н,XIX,18
2017,Томаринский р-н,XVIII,3
2017,Тымовский р-н,I,3
2017,Тымовский р-н,II,37
2017,Тымовский р-н,IV,4
2017,Тымовский р-н,IX,52
2017,Тымовский р-н,V,2
2017,Тымовский р-н,VI,30
2017,Тымовский р-н,X,2
2017,Тымовский р-н,XI,36
2017,Тымовский р-н,XII,1
2017,Тымовский р-н,XIX,28
2017,Тымовский р-н,XVIII,4
2017,Углегорский р-н,I,4
2017,Углегорский р-н,II,70
2017,Углегорский р-н,IV,10
2017,Углегорский р-н,IX,94
2017,Углегорский р-н,V,1
2017,Углегорский р-н,VI,56
2017,Углегорский р-н,X,14
2017,Углегорский р-н,XI,54
2017,Углегорский р-н,XII,1
2017,Углегорский р-н,XIII,3
2017,Углегорский р-н,XIV,12
2017,Углегорский р-н,XIX,39
2017,Углегорский р-н,XVIII,16
2017,Холмский р-н,I,14
2017,Холмский р-н,II,141
2017,Холмский р-н,IV,27
2017,Холмский р-н,IX,171
2017,Холмский р-н,V,17
2017,Холмский р-н,VI,41
2017,Холмский р-н,X,18
2017,Холмский р-н,XI,61
2017,Холмский р-н,XII,1
2017,Холмский р-н,XIII,2
2017,Холмский р-н,XIV,10
2017,Холмский р-н,XIX,78
2017,Холмский р-н,XVI,1
2017,Холмский р-н,XVII,1
2017,Холмский р-н,XVIII,15
2017,Южно-Курильский р-н,II,7
2017,Южно-Курильский р-н,IV,2
2017,Южно-Курильский р-н,IX,18
2017,Южно-Курильский р-н,VI,4
2017,Южно-Курильский р-н,X,1
2017,Южно-Курильский р-н,XI,5
2017,Южно-Курильский р-н,XIV,3
2017,Южно-Курильский р-н,XIX,12
2017,Южно-Курильский р-н,XVI,1
2017,Южно-Курильский р-н,XVII,1
2017,Южно-Курильский р-н,XVIII,3
2017,Южно-Сахалинск г,I,38
2017,Южно-Сахалинск г,II,379
2017,Южно-Сахалинск г,III,5
2017,Южно-Сахалинск г,IV,46
2017,Южно-Сахалинск г,IX,497
2017,Южно-Сахалинск г,V,42
2017,Южно-Сахалинск г,VI,213
2017,Южно-Сахалинск г,VIII,1
2017,Южно-Сахалинск г,X,76
2017,Южно-Сахалинск г,XI,163
2017,Южно-Сахалинск г,XII,7
2017,Южно-Сахалинск г,XIII,3
2017,Южно-Сахалинск г,XIV,61
2017,Южно-Сахалинск г,XIX,262
2017,Южно-Сахалинск г,XVI,4
2017,Южно-Сахалинск г,XVII,4
2017,Южно-Сахалинск г,XVIII,38
2018,Александровск-Сахалинский р-н,I,1
2018,Александровск-Сахалинский р-н,II,38
2018,Александровск-Сахалинский р-н,IV,8
2018,Александровск-Сахалинский р-н,IX,73
2018,Александровск-Сахалинский р-н,VI,37
2018,Александровск-Сахалинский р-н,X,5
2018,Александровск-Сахалинский р-н,XI,22
2018,Александровск-Сахалинский р-н,XII,2
2018,Александровск-Сахалинский р-н,XIII,2
2018,Александровск-Сахалинский р-н,XIV,12
2018,Александровск-Сахалинский р-н,XIX,34
2018,Александровск-Сахалинский р-н,XVIII,4
2018,Анивский р-н,I,1
2018,Анивский р-н,II,45
2018,Анивский р-н,IV,11
2018,Анивский р-н,IX,61
2018,Анивский р-н,V,2
2018,Анивский р-н,VI,32
2018,Анивский р-н,X,9
2018,Анивский р-н,XI,10
2018,Анивский р-н,XIII,2
2018,Анивский р-н,XIV,3
2018,Анивский р-н,XIX,17
2018,Анивский р-н,XVIII,2
2018,Долинский р-н,I,5
2018,Долинский р-н,II,61
2018,Долинский р-н,IV,17
2018,Долинский р-н,IX,89
2018,Долинский р-н,V,4
2018,Долинский р-н,VI,43
2018,Долинский р-н,X,15
2018,Долинский р-н,XI,36
2018,Долинский р-н,XIII,2
2018,Долинский р-н,XIV,14
2018,Долинский р-н,XIX,41
2018,Долинский р-н,XVI,1
2018,Долинский р-н,XVII,1
2018,Долинский р-н,XVIII,9
2018,Корсаковский р-н,I,4
2018,Корсаковский р-н,II,100
2018,Корсаковский р-н,IV,16
2018,Корсаковский р-н,IX,137
2018,Корсаковский р-н,V,3
2018,Корсаковский р-н,VI,41
2018,Корсаковский р-н,X,25
2018,Корсаковский р-н,XI,80
2018,Корсаковский р-н,XII,1
2018,Корсаковский р-н,XIII,2
2018,Корсаковский р-н,XIV,7
2018,Корсаковский р-н,XIX,66
2018,Корсаковский р-н,XV,1
2018,Корсаковский р-н,XVIII,20
2018,Курильский р-н,II,6
2018,Курильский р-н,IV,1
2018,Курильский р-н,IX,12
2018,Курильский р-н,VI,3
2018,Курильский р-н,X,1
2018,Курильский р-н,XI,8
2018,Курильский р-н,XIII,1
2018,Курильский р-н,XIX,7
2018,Курильский р-н,XVIII,1
2018,Макаровский р-н,I,3
2018,Макаровский р-н,II,29
2018,Макаровский р-н,IV,4
2018,Макаровский р-н,IX,43
2018,Макаровский р-н,V,1
2018,Макаровский р-н,VI,11
2018,Макаровский р-н,X,5
2018,Макаровский р-н,XI,14
2018,Макаровский р-н,XII,1
2018,Макаровский р-н,XIV,6
2018,Макаровский р-н,XIX,14
2018,Макаровский р-н,XVIII,6
2018,Невельский р-н,I,2
2018,Невельский р-н,II,48
2018,Невельский р-н,IV,16
2018,Невельский р-н,IX,66
2018,Невельский р-н,V,9
2018,Невельский р-н,VI,24
2018,Невельский р-н,X,7
2018,Невельский р-н,XI,24
2018,Невельский р-н,XIII,2
2018,Невельский р-н,XIV,8
2018,Невельский р-н,XIX,75
2018,Невельский р-н,XVI,1
2018,Невельский р-н,XVIII,16
2018,Ногликский р-н,I,2
2018,Ногликский р-н,II,34
2018,Ногликский р-н,IV,6
2018,Ногликский р-н,IX,35
2018,Ногликский р-н,V,3
2018,Ногликский р-н,VI,25
2018,Ногликский р-н,X,3
2018,Ногликский р-н,XI,17
2018,Ногликский р-н,XIII,2
2018,Ногликский р-н,XIV,8
2018,Ногликский р-н,XIX,26
2018,Ногликский р-н,XVI,1
2018,Ногликский р-н,XVIII,4
2018,Охинский р-н,I,11
2018,Охинский р-н,II,65
2018,Охинский р-н,III,1
2018,Охинский р-н,IV,27
2018,Охинский р-н,IX,90
2018,Охинский р-н,V,6
2018,Охинский р-н,VI,38
2018,Охинский р-н,X,12
2018,Охинский р-н,XI,28
2018,Охинский р-н,XIII,3
2018,Охинский р-н,XIV,17
2018,Охинский р-н,XIX,44
2018,Охинский р-н,XVI,1
2018,Охинский р-н,XVIII,13
2018,Поронайский р-н,I,4
2018,Поронайский р-н,II,64
2018,Поронайский р-н,IV,11
2018,Поронайский р-н,IX,130
2018,Поронайский р-н,V,1
2018,Поронайский р-н,VI,14
2018,Поронайский р-н,X,13
2018,Поронайский р-н,XI,22
2018,Поронайский р-н,XII,2
2018,Поронайский р-н,XIV,11
2018,Поронайский р-н,XIX,44
2018,Поронайский р-н,XVIII,8
2018,Северо-Курильский р-н,II,4
2018,Северо-Курильский р-н,IV,2
2018,Северо-Курильский р-н,IX,6
2018,Северо-Курильский р-н,V,2
2018,Северо-Курильский р-н,VI,1
2018,Северо-Курильский р-н,XI,2
2018,Северо-Курильский р-н,XIII,1
2018,Северо-Курильский р-н,XIX,3
2018,Северо-Курильский р-н,XVIII,2
2018,Смирныховский р-н,II,27
2018,Смирныховский р-н,IV,5
2018,Смирныховский р-н,IX,57
2018,Смирныховский р-н,V,3
2018,Смирныховский р-н,VI,13
2018,Смирныховский р-н,X,7
2018,Смирныховский р-н,XI,25
2018,Смирныховский р-н,XIV,3
2018,Смирныховский р-н,XIX,26
2018,Смирныховский р-н,XVII,1
2018,Смирныховский р-н,XVIII,3
2018,Томаринский р-н,I,2
2018,Томаринский р-н,II,29
2018,Томаринский р-н,IV,10
2018,Томаринский р-н,IX,35
2018,Томаринский р-н,V,4
2018,Томаринский р-н,VI,30
2018,Томаринский р-н,X,10
2018,Томаринский р-н,XI,22
2018,Томаринский р-н,XIII,1
2018,Томаринский р-н,XIV,11
2018,Томаринский р-н,XIX,25
2018,Томаринский р-н,XVIII,3
2018,Тымовский р-н,I,4
2018,Тымовский р-н,II,45
2018,Тымовский р-н,III,1
2018,Тымовский р-н,IV,1
2018,Тымовский р-н,IX,81
2018,Тымовский р-н,VI,35
2018,Тымовский р-н,X,9
2018,Тымовский р-н,XI,22
2018,Тымовский р-н,XIV,1
2018,Тымовский р-н,XIX,33
2018,Тымовский р-н,XVIII,5
2018,Углегорский р-н,I,3
2018,Углегорский р-н,II,80
2018,Углегорский р-н,III,1
2018,Углегорский р-н,IV,9
2018,Углегорский р-н,IX,113
2018,Углегорский р-н,V,3
2018,Углегорский р-н,VI,30
2018,Углегорский р-н,X,15
2018,Углегорский р-н,XI,55
2018,Углегорский р-н,XII,1
2018,Углегорский р-н,XIII,2
2018,Углегорский р-н,XIV,19
2018,Углегорский р-н,XIX,49
2018,Углегорский р-н,XV,1
2018,Углегорский р-н,XVI,1
2018,Углегорский р-н,XVII,1
2018,Углегорский р-н,XVIII,5
2018,Холмский р-н,I,11
2018,Холмский р-н,II,126
2018,Холмский р-н,III,1
2018,Холмский р-н,IV,36
2018,Холмский р-н,IX,160
2018,Холмский р-н,V,4
2018,Холмский р-н,VI,61
2018,Холмский р-н,X,30
2018,Холмский р-н,XI,53
2018,Холмский р-н,XII,3
2018,Холмский р-н,XIV,12
2018,Холмский р-н,XIX,69
2018,Холмский р-н,XVI,1
2018,Холмский р-н,XVII,1
2018,Холмский р-н,XVIII,23
2018,Южно-Курильский р-н,I,1
2018,Южно-Курильский р-н,II,8
2018,Южно-Курильский р-н,IV,3
2018,Южно-Курильский р-н,IX,19
2018,Южно-Курильский р-н,VI,3
2018,Южно-Курильский р-н,X,1
2018,Южно-Курильский р-н,XI,5
2018,Южно-Курильский р-н,XIV,2
2018,Южно-Курильский р-н,XIX,8
2018,Южно-Курильский р-н,XVIII,3
2018,Южно-Сахалинск г,I,21
2018,Южно-Сахалинск г,II,372
2018,Южно-Сахалинск г,III,2
2018,Южно-Сахалинск г,IV,51
2018,Южно-Сахалинск г,IX,611
2018,Южно-Сахалинск г,V,22
2018,Южно-Сахалинск г,VI,216
2018,Южно-Сахалинск г,VIII,1
2018,Южно-Сахалинск г,X,103
2018,Южно-Сахалинск г,XI,149
2018,Южно-Сахалинск г,XII,8
2018,Южно-Сахалинск г,XIII,13
2018,Южно-Сахалинск г,XIV,66
2018,Южно-Сахалинск г,XIX,246
2018,Южно-Сахалинск г,XVI,1
2018,Южно-Сахалинск г,XVII,2
2018,Южно-Сахалинск г,XVIII,42
2019,Александровск-Сахалинский р-н,I,4
2019,Александровск-Сахалинский р-н,II,33
2019,Александровск-Сахалинский р-н,IV,18
2019,Александровск-Сахалинский р-н,IX,58
2019,Александровск-Сахалинский р-н,V,2
2019,Александровск-Сахалинский р-н,VI,12
2019,Александровск-Сахалинский р-н,X,8
2019,Александровск-Сахалинский р-н,XI,22
2019,Александровск-Сахалинский р-н,XII,1
2019,Александровск-Сахалинский р-н,XIII,6
2019,Александровск-Сахалинский р-н,XIV,29
2019,Александровск-Сахалинский р-н,XIX,31
2019,Александровск-Сахалинский р-н,XVI,2
2019,Александровск-Сахалинский р-н,XVII,3
2019,Александровск-Сахалинский р-н,XVIII,8
2019,Анивский р-н,I,3
2019,Анивский р-н,II,64
2019,Анивский р-н,III,1
2019,Анивский р-н,IV,13
2019,Анивский р-н,IX,40
2019,Анивский р-н,V,2
2019,Анивский р-н,VI,13
2019,Анивский р-н,X,4
2019,Анивский р-н,XI,19
2019,Анивский р-н,XIII,2
2019,Анивский р-н,XIV,16
2019,Анивский р-н,XIX,33
2019,Анивский р-н,XVIII,4
2019,Долинский р-н,I,9
2019,Долинский р-н,II,61
2019,Долинский р-н,IV,29
2019,Долинский р-н,IX,79
2019,Долинский р-н,V,3
2019,Долинский р-н,VI,27
2019,Долинский р-н,X,8
2019,Долинский р-н,XI,40
2019,Долинский р-н,XII,2
2019,Долинский р-н,XIV,18
2019,Долинский р-н,XIX,45
2019,Долинский р-н,XVI,1
2019,Долинский р-н,XVIII,8
2019,Корсаковский р-н,I,6
2019,Корсаковский р-н,II,111
2019,Корсаковский р-н,III,2
2019,Корсаковский р-н,IV,28
2019,Корсаковский р-н,IX,138
2019,Корсаковский р-н,V,4
2019,Корсаковский р-н,VI,20
2019,Корсаковский р-н,X,25
2019,Корсаковский р-н,XI,57
2019,Корсаковский р-н,XII,2
2019,Корсаковский р-н,XIII,1
2019,Корсаковский р-н,XIV,32
2019,Корсаковский р-н,XIX,65
2019,Корсаковский р-н,XVI,2
2019,Корсаковский р-н,XVIII,21
2019,Курильский р-н,II,6
2019,Курильский р-н,IV,1
2019,Курильский р-н,IX,12
2019,Курильский р-н,VI,1
2019,Курильский р-н,X,1
2019,Курильский р-н,XI,7
2019,Курильский р-н,XIII,2
2019,Курильский р-н,XIV,1
2019,Курильский р-н,XIX,6
2019,Курильский р-н,XVIII,2
2019,Макаровский р-н,II,25
2019,Макаровский р-н,IV,6
2019,Макаровский р-н,IX,44
2019,Макаровский р-н,V,3
2019,Макаровский р-н,VI,9
2019,Макаровский р-н,X,2
2019,Макаровский р-н,XI,17
2019,Макаровский р-н,XIV,8
2019,Макаровский р-н,XIX,12
2019,Макаровский р-н,XVIII,3
2019,Невельский р-н,I,2
2019,Невельский р-н,II,51
2019,Невельский р-н,IV,14
2019,Невельский р-н,IX,58
2019,Невельский р-н,V,12
2019,Невельский р-н,VI,8
2019,Невельский р-н,X,8
2019,Невельский р-н,XI,25
2019,Невельский р-н,XII,1
2019,Невельский р-н,XIII,3
2019,Невельский р-н,XIV,13
2019,Невельский р-н,XIX,33
2019,Невельский р-н,XVIII,9
2019,Ногликский р-н,I,4
2019,Ногликский р-н,II,37
2019,Ногликский р-н,III,1
2019,Ногликский р-н,IV,9
2019,Ногликский р-н,IX,37
2019,Ногликский р-н,V,4
2019,Ногликский р-н,VI,11
2019,Ногликский р-н,X,1
2019,Ногликский р-н,XI,15
2019,Ногликский р-н,XIV,3
2019,Ногликский р-н,XIX,16
2019,Охинский р-н,I,10
2019,Охинский р-н,II,50
2019,Охинский р-н,III,1
2019,Охинский р-н,IV,40
2019,Охинский р-н,IX,90
2019,Охинский р-н,V,3
2019,Охинский р-н,VI,10
2019,Охинский р-н,X,7
2019,Охинский р-н,XI,29
2019,Охинский р-н,XII,1
2019,Охинский р-н,XIII,3
2019,Охинский р-н,XIV,16
2019,Охинский р-н,XIX,39
2019,Охинский р-н,XVI,1
2019,Охинский р-н,XVII,2
2019,Охинский р-н,XVIII,15
2019,Поронайский р-н,I,4
2019,Поронайский р-н,II,66
2019,Поронайский р-н,III,1
2019,Поронайский р-н,IV,14
2019,Поронайский р-н,IX,109
2019,Поронайский р-н,V,2
2019,Поронайский р-н,VI,22
2019,Поронайский р-н,X,16
2019,Поронайский р-н,XI,51
2019,Поронайский р-н,XIII,3
2019,Поронайский р-н,XIV,15
2019,Поронайский р-н,XIX,39
2019,Поронайский р-н,XVI,1
2019,Поронайский р-н,XVIII,8
2019,Северо-Курильский р-н,II,3
2019,Северо-Курильский р-н,IV,1
2019,Северо-Курильский р-н,IX,2
2019,Северо-Курильский р-н,VI,2
2019,Северо-Курильский р-н,XI,3
2019,Северо-Курильский р-н,XIX,4
2019,Смирныховский р-н,I,2
2019,Смирныховский р-н,II,28
2019,Смирныховский р-н,IV,1
2019,Смирныховский р-н,IX,37
2019,Смирныховский р-н,V,1
2019,Смирныховский р-н,VI,12
2019,Смирныховский р-н,X,6
2019,Смирныховский р-н,XI,31
2019,Смирныховский р-н,XIV,12
2019,Смирныховский р-н,XIX,18
2019,Смирныховский р-н,XVIII,2
2019,Томаринский р-н,II,24
2019,Томаринский р-н,IV,13
2019,Томаринский р-н,IX,28
2019,Томаринский р-н,V,1
2019,Томаринский р-н,VI,21
2019,Томаринский р-н,X,3
2019,Томаринский р-н,XI,13
2019,Томаринский р-н,XIII,1
2019,Томаринский р-н,XIV,18
2019,Томаринский р-н,XIX,26
2019,Томаринский р-н,XVIII,4
2019,Тымовский р-н,I,5
2019,Тымовский р-н,II,38
2019,Тымовский р-н,IV,12
2019,Тымовский р-н,IX,83
2019,Тымовский р-н,VI,5
2019,Тымовский р-н,X,10
2019,Тымовский р-н,XI,29
2019,Тымовский р-н,XIII,4
2019,Тымовский р-н,XIV,6
2019,Тымовский р-н,XIX,38
2019,Тымовский р-н,XV,1
2019,Тымовский р-н,XVI,1
2019,Тымовский р-н,XVII,1
2019,Тымовский р-н,XVIII,2
2019,Углегорский р-н,I,4
2019,Углегорский р-н,II,75
2019,Углегорский р-н,IV,20
2019,Углегорский р-н,IX,107
2019,Углегорский р-н,V,1
2019,Углегорский р-н,VI,37
2019,Углегорский р-н,X,24
2019,Углегорский р-н,XI,59
2019,Углегорский р-н,XIII,6
2019,Углегорский р-н,XIV,28
2019,Углегорский р-н,XIX,43
2019,Углегорский р-н,XVIII,13
2019,Холмский р-н,I,5
2019,Холмский р-н,II,126
2019,Холмский р-н,III,3
2019,Холмский р-н,IV,40
2019,Холмский р-н,IX,151
2019,Холмский р-н,V,15
2019,Холмский р-н,VI,34
2019,Холмский р-н,X,31
2019,Холмский р-н,XI,72
2019,Холмский р-н,XII,4
2019,Холмский р-н,XIII,2
2019,Холмский р-н,XIV,27
2019,Холмский р-н,XIX,80
2019,Холмский р-н,XVI,1
2019,Холмский р-н,XVII,2
2019,Холмский р-н,XVIII,20
2019,Южно-Курильский р-н,II,6
2019,Южно-Курильский р-н,IV,1
2019,Южно-Курильский р-н,IX,16
2019,Южно-Курильский р-н,V,1
2019,Южно-Курильский р-н,VI,3
2019,Южно-Курильский р-н,X,3
2019,Южно-Курильский р-н,XI,4
2019,Южно-Курильский р-н,XIV,1
2019,Южно-Курильский р-н,XIX,20
2019,Южно-Курильский р-н,XVIII,2
2019,Южно-Сахалинск г,I,33
2019,Южно-Сахалинск г,II,398
2019,Южно-Сахалинск г,III,3
2019,Южно-Сахалинск г,IV,82
2019,Южно-Сахалинск г,IX,522
2019,Южно-Сахалинск г,V,25
2019,Южно-Сахалинск г,VI,114
2019,Южно-Сахалинск г,X,80
2019,Южно-Сахалинск г,XI,179
2019,Южно-Сахалинск г,XII,13
2019,Южно-Сахалинск г,XIII,12
2019,Южно-Сахалинск г,XIV,131
2019,Южно-Сахалинск г,XIX,229
2019,Южно-Сахалинск г,XV,2
2019,Южно-Сахалинск г,XVI,6
2019,Южно-Сахалинск г,XVII,1
2019,Южно-Сахалинск г,XVIII,48
2020,Александровск-Сахалинский р-н,I,10
2020,Александровск-Сахалинский р-н,II,43
2020,Александровск-Сахалинский р-н,III,1
2020,Александровск-Сахалинский р-н,IV,28
2020,Александровск-Сахалинский р-н,IX,45
2020,Александровск-Сахалинский р-н,V,1
2020,Александровск-Сахалинский р-н,VI,17
2020,Александровск-Сахалинский р-н,X,16
2020,Александровск-Сахалинский р-н,XI,21
2020,Александровск-Сахалинский р-н,XIII,3
2020,Александровск-Сахалинский р-н,XIV,26
2020,Александровск-Сахалинский р-н,XIX,34
2020,Александровск-Сахалинский р-н,XVIII,7
2020,Анивский р-н,II,30
2020,Анивский р-н,III,1
2020,Анивский р-н,IV,14
2020,Анивский р-н,IX,48
2020,Анивский р-н,V,1
2020,Анивский р-н,VI,19
2020,Анивский р-н,X,17
2020,Анивский р-н,XI,21
2020,Анивский р-н,XIV,18
2020,Анивский р-н,XIX,24
2020,Анивский р-н,XVII,1
2020,Анивский р-н,XVIII,5
2020,Долинский р-н,I,8
2020,Долинский р-н,II,56
2020,Долинский р-н,IV,29
2020,Долинский р-н,IX,91
2020,Долинский р-н,V,1
2020,Долинский р-н,VI,37
2020,Долинский р-н,X,12
2020,Долинский р-н,XI,46
2020,Долинский р-н,XIII,3
2020,Долинский р-н,XIV,19
2020,Долинский р-н,XIX,40
2020,Долинский р-н,XVI,1
2020,Долинский р-н,XVII,1
2020,Долинский р-н,XVIII,8
2020,Корсаковский р-н,I,5
2020,Корсаковский р-н,II,104
2020,Корсаковский р-н,IV,38
2020,Корсаковский р-н,IX,116
2020,Корсаковский р-н,V,5
2020,Корсаковский р-н,VI,42
2020,Корсаковский р-н,VIII,1
2020,Корсаковский р-н,X,20
2020,Корсаковский р-н,XI,103
2020,Корсаковский р-н,XII,3
2020,Корсаковский р-н,XIII,3
2020,Корсаковский р-н,XIV,30
2020,Корсаковский р-н,XIX,64
2020,Корсаковский р-н,XVI,1
2020,Корсаковский р-н,XVII,1
2020,Корсаковский р-н,XVIII,21
2020,Курильский р-н,II,1
2020,Курильский р-н,IV,2
2020,Курильский р-н,IX,18
2020,Курильский р-н,VI,3
2020,Курильский р-н,X,3
2020,Курильский р-н,XI,4
2020,Курильский р-н,XII,1
2020,Курильский р-н,XIII,1
2020,Курильский р-н,XIV,1
2020,Курильский р-н,XIX,14
2020,Курильский р-н,XVII,1
2020,Макаровский р-н,II,23
2020,Макаровский р-н,III,1
2020,Макаровский р-н,IV,10
2020,Макаровский р-н,IX,34
2020,Макаровский р-н,VI,26
2020,Макаровский р-н,X,8
2020,Макаровский р-н,XI,18
2020,Макаровский р-н,XIV,16
2020,Макаровский р-н,XIX,22
2020,Макаровский р-н,XVIII,4
2020,Невельский р-н,I,3
2020,Невельский р-н,II,46
2020,Невельский р-н,III,1
2020,Невельский р-н,IV,22
2020,Невельский р-н,IX,64
2020,Невельский р-н,V,10
2020,Невельский р-н,VI,23
2020,Невельский р-н,X,13
2020,Невельский р-н,XI,32
2020,Невельский р-н,XIII,1
2020,Невельский р-н,XIV,19
2020,Невельский р-н,XIX,36
2020,Невельский р-н,XVII,1
2020,Невельский р-н,XVIII,12
2020,Ногликский р-н,II,20
2020,Ногликский р-н,IV,10
2020,Ногликский р-н,IX,32
2020,Ногликский р-н,V,3
2020,Ногликский р-н,VI,23
2020,Ногликский р-н,X,9
2020,Ногликский р-н,XI,15
2020,Ногликский р-н,XIV,5
2020,Ногликский р-н,XIX,24
2020,Ногликский р-н,XVII,2
2020,Ногликский р-н,XVIII,3
2020,Охинский р-н,I,8
2020,Охинский р-н,II,56
2020,Охинский р-н,III,1
2020,Охинский р-н,IV,37
2020,Охинский р-н,IX,99
2020,Охинский р-н,V,4
2020,Охинский р-н,VI,15
2020,Охинский р-н,VIII,1
2020,Охинский р-н,X,22
2020,Охинский р-н,XI,32
2020,Охинский р-н,XIII,1
2020,Охинский р-н,XIV,11
2020,Охинский р-н,XIX,47
2020,Охинский р-н,XVII,1
2020,Охинский р-н,XVIII,21
2020,Охинский р-н,XXII,1
2020,Поронайский р-н,I,8
2020,Поронайский р-н,II,81
2020,Поронайский р-н,III,1
2020,Поронайский р-н,IV,33
2020,Поронайский р-н,IX,86
2020,Поронайский р-н,VI,47
2020,Поронайский р-н,X,19
2020,Поронайский р-н,XI,42
2020,Поронайский р-н,XII,1
2020,Поронайский р-н,XIII,1
2020,Поронайский р-н,XIV,23
2020,Поронайский р-н,XIX,40
2020,Поронайский р-н,XVI,1
2020,Поронайский р-н,XVII,1
2020,Поронайский р-н,XVIII,12
2020,Поронайский р-н,XXII,3
2020,Северо-Курильский р-н,II,4
2020,Северо-Курильский р-н,IV,5
2020,Северо-Курильский р-н,IX,5
2020,Северо-Курильский р-н,V,3
2020,Северо-Курильский р-н,VI,1
2020,Северо-Курильский р-н,X,1
2020,Северо-Курильский р-н,XI,3
2020,Северо-Курильский р-н,XIV,2
2020,Северо-Курильский р-н,XIX,3
2020,Смирныховский р-н,I,1
2020,Смирныховский р-н,II,27
2020,Смирныховский р-н,IV,10
2020,Смирныховский р-н,IX,31
2020,Смирныховский р-н,VI,19
2020,Смирныховский р-н,X,6
2020,Смирныховский р-н,XI,36
2020,Смирныховский р-н,XIII,2
2020,Смирныховский р-н,XIV,7
2020,Смирныховский р-н,XIX,23
2020,Смирныховский р-н,XVIII,1
2020,Томаринский р-н,II,40
2020,Томаринский р-н,IV,10
2020,Томаринский р-н,IX,44
2020,Томаринский р-н,VI,16
2020,Томаринский р-н,X,6
2020,Томаринский р-н,XI,10
2020,Томаринский р-н,XIII,2
2020,Томаринский р-н,XIV,3
2020,Томаринский р-н,XIX,20
2020,Томаринский р-н,XVIII,5
2020,Тымовский р-н,I,5
2020,Тымовский р-н,II,49
2020,Тымовский р-н,III,3
2020,Тымовский р-н,IV,18
2020,Тымовский р-н,IX,61
2020,Тымовский р-н,V,1
2020,Тымовский р-н,VI,27
2020,Тымовский р-н,X,29
2020,Тымовский р-н,XI,29
2020,Тымовский р-н,XII,1
2020,Тымовский р-н,XIII,1
2020,Тымовский р-н,XIV,8
2020,Тымовский р-н,XIX,38
2020,Тымовский р-н,XVII,2
2020,Тымовский р-н,XVIII,3
2020,Углегорский р-н,I,3
2020,Углегорский р-н,II,57
2020,Углегорский р-н,III,1
2020,Углегорский р-н,IV,31
2020,Углегорский р-н,IX,104
2020,Углегорский р-н,V,6
2020,Углегорский р-н,VI,46
2020,Углегорский р-н,X,36
2020,Углегорский р-н,XI,54
2020,Углегорский р-н,XIII,4
2020,Углегорский р-н,XIV,26
2020,Углегорский р-н,XIX,37
2020,Углегорский р-н,XVIII,4
2020,Углегорский р-н,XXII,2
2020,Холмский р-н,I,7
2020,Холмский р-н,II,133
2020,Холмский р-н,III,4
2020,Холмский р-н,IV,36
2020,Холмский р-н,IX,170
2020,Холмский р-н,V,9
2020,Холмский р-н,VI,74
2020,Холмский р-н,X,46
2020,Холмский р-н,XI,109
2020,Холмский р-н,XIII,5
2020,Холмский р-н,XIV,31
2020,Холмский р-н,XIX,70
2020,Холмский р-н,XVI,1
2020,Холмский р-н,XVIII,23
2020,Холмский р-н,XXII,2
2020,Южно-Курильский р-н,I,2
2020,Южно-Курильский р-н,II,13
2020,Южно-Курильский р-н,IV,1
2020,Южно-Курильский р-н,IX,24
2020,Южно-Курильский р-н,VI,4
2020,Южно-Курильский р-н,X,4
2020,Южно-Курильский р-н,XI,8
2020,Южно-Курильский р-н,XIV,1
2020,Южно-Курильский р-н,XIX,9
2020,Южно-Курильский р-н,XVIII,3
2020,Южно-Сахалинск г,I,28
2020,Южно-Сахалинск г,II,373
2020,Южно-Сахалинск г,III,3
2020,Южно-Сахалинск г,IV,112
2020,Южно-Сахалинск г,IX,551
2020,Южно-Сахалинск г,V,36
2020,Южно-Сахалинск г,VI,184
2020,Южно-Сахалинск г,X,127
2020,Южно-Сахалинск г,XI,245
2020,Южно-Сахалинск г,XII,18
2020,Южно-Сахалинск г,XIII,16
2020,Южно-Сахалинск г,XIV,98
2020,Южно-Сахалинск г,XIX,244
2020,Южно-Сахалинск г,XVI,7
2020,Южно-Сахалинск г,XVII,3
2020,Южно-Сахалинск г,XVIII,61
2020,Южно-Сахалинск г,XXII,10
2021,Александровск-Сахалинский р-н,I,8
2021,Александровск-Сахалинский р-н,II,35
2021,Александровск-Сахалинский р-н,IV,19
2021,Александровск-Сахалинский р-н,IX,39
2021,Александровск-Сахалинский р-н,VI,14
2021,Александровск-Сахалинский р-н,X,19
2021,Александровск-Сахалинский р-н,XI,23
2021,Александровск-Сахалинский р-н,XII,2
2021,Александровск-Сахалинский р-н,XIII,4
2021,Александровск-Сахалинский р-н,XIV,24
2021,Александровск-Сахалинский р-н,XIX,29
2021,Александровск-Сахалинский р-н,XVII,1
2021,Александровск-Сахалинский р-н,XVIII,5
2021,Александровск-Сахалинский р-н,XXII,10
2021,Анивский р-н,I,1
2021,Анивский р-н,II,43
2021,Анивский р-н,IV,12
2021,Анивский р-н,IX,62
2021,Анивский р-н,VI,18
2021,Анивский р-н,X,19
2021,Анивский р-н,XI,29
2021,Анивский р-н,XII,1
2021,Анивский р-н,XIII,2
2021,Анивский р-н,XIV,16
2021,Анивский р-н,XIX,29
2021,Анивский р-н,XVI,2
2021,Анивский р-н,XVIII,7
2021,Анивский р-н,XXII,21
2021,Долинский р-н,I,1
2021,Долинский р-н,II,66
2021,Долинский р-н,IV,24
2021,Долинский р-н,IX,86
2021,Долинский р-н,VI,23
2021,Долинский р-н,X,52
2021,Долинский р-н,XI,48
2021,Долинский р-н,XII,1
2021,Долинский р-н,XIII,4
2021,Долинский р-н,XIV,12
2021,Долинский р-н,XIX,32
2021,Долинский р-н,XVIII,11
2021,Долинский р-н,XXII,23
2021,Корсаковский р-н,I,4
2021,Корсаковский р-н,II,92
2021,Корсаковский р-н,IV,36
2021,Корсаковский р-н,IX,128
2021,Корсаковский р-н,V,1
2021,Корсаковский р-н,VI,31
2021,Корсаковский р-н,VIII,1
2021,Корсаковский р-н,X,63
2021,Корсаковский р-н,XI,101
2021,Корсаковский р-н,XII,2
2021,Корсаковский р-н,XIII,3
2021,Корсаковский р-н,XIV,37
2021,Корсаковский р-н,XIX,58
2021,Корсаковский р-н,XVII,1
2021,Корсаковский р-н,XVIII,23
2021,Корсаковский р-н,XXII,29
2021,Курильский р-н,II,4
2021,Курильский р-н,IV,5
2021,Курильский р-н,IX,10
2021,Курильский р-н,VI,2
2021,Курильский р-н,X,10
2021,Курильский р-н,XI,5
2021,Курильский р-н,XIV,1
2021,Курильский р-н,XIX,8
2021,Курильский р-н,XVII,1
2021,Макаровский р-н,I,2
2021,Макаровский р-н,II,21
2021,Макаровский р-н,IV,10
2021,Макаровский р-н,IX,36
2021,Макаровский р-н,VI,17
2021,Макаровский р-н,X,6
2021,Макаровский р-н,XI,10
2021,Макаровский р-н,XII,1
2021,Макаровский р-н,XIII,1
2021,Макаровский р-н,XIV,13
2021,Макаровский р-н,XIX,15
2021,Макаровский р-н,XVIII,4
2021,Макаровский р-н,XXII,6
2021,Невельский р-н,II,51
2021,Невельский р-н,IV,20
2021,Невельский р-н,IX,73
2021,Невельский р-н,VI,30
2021,Невельский р-н,X,33
2021,Невельский р-н,XI,28
2021,Невельский р-н,XIII,4
2021,Невельский р-н,XIV,10
2021,Невельский р-н,XIX,32
2021,Невельский р-н,XVI,1
2021,Невельский р-н,XVII,1
2021,Невельский р-н,XVIII,9
2021,Невельский р-н,XXII,26
2021,Ногликский р-н,I,1
2021,Ногликский р-н,II,23
2021,Ногликский р-н,IV,6
2021,Ногликский р-н,IX,32
2021,Ногликский р-н,VI,22
2021,Ногликский р-н,X,28
2021,Ногликский р-н,XI,32
2021,Ногликский р-н,XIII,1
2021,Ногликский р-н,XIV,7
2021,Ногликский р-н,XIX,31
2021,Ногликский р-н,XVI,1
2021,Ногликский р-н,XVIII,4
2021,Ногликский р-н,XXII,8
2021,Охинский р-н,I,10
2021,Охинский р-н,II,66
2021,Охинский р-н,IV,32
2021,Охинский р-н,IX,94
2021,Охинский р-н,VI,30
2021,Охинский р-н,X,45
2021,Охинский р-н,XI,22
2021,Охинский р-н,XIV,15
2021,Охинский р-н,XIX,50
2021,Охинский р-н,XVI,1
2021,Охинский р-н,XVIII,19
2021,Охинский р-н,XXII,40
2021,Поронайский р-н,I,2
2021,Поронайский р-н,II,70
2021,Поронайский р-н,IV,28
2021,Поронайский р-н,IX,73
2021,Поронайский р-н,VI,52
2021,Поронайский р-н,X,51
2021,Поронайский р-н,XI,42
2021,Поронайский р-н,XIII,1
2021,Поронайский р-н,XIV,32
2021,Поронайский р-н,XIX,46
2021,Поронайский р-н,XVII,1
2021,Поронайский р-н,XVIII,15
2021,Поронайский р-н,XXII,26
2021,Северо-Курильский р-н,II,4
2021,Северо-Курильский р-н,IV,2
2021,Северо-Курильский р-н,IX,9
2021,Северо-Курильский р-н,VI,1
2021,Северо-Курильский р-н,XI,3
2021,Северо-Курильский р-н,XIV,1
2021,Северо-Курильский р-н,XIX,6
2021,Северо-Курильский р-н,XVIII,2
2021,Смирныховский р-н,I,3
2021,Смирныховский р-н,II,18
2021,Смирныховский р-н,IV,5
2021,Смирныховский р-н,IX,33
2021,Смирныховский р-н,VI,18
2021,Смирныховский р-н,X,23
2021,Смирныховский р-н,XI,42
2021,Смирныховский р-н,XIII,2
2021,Смирныховский р-н,XIV,19
2021,Смирныховский р-н,XIX,20
2021,Смирныховский р-н,XVI,1
2021,Смирныховский р-н,XVIII,3
2021,Смирныховский р-н,XXII,11
2021,Томаринский р-н,I,1
2021,Томаринский р-н,II,25
2021,Томаринский р-н,IV,21
2021,Томаринский р-н,IX,34
2021,Томаринский р-н,VI,36
2021,Томаринский р-н,X,24
2021,Томаринский р-н,XI,15
2021,Томаринский р-н,XIV,11
2021,Томаринский р-н,XIX,14
2021,Томаринский р-н,XVI,1
2021,Томаринский р-н,XVIII,4
2021,Томаринский р-н,XXII,9
2021,Тымовский р-н,I,2
2021,Тымовский р-н,II,47
2021,Тымовский р-н,IV,21
2021,Тымовский р-н,IX,61
2021,Тымовский р-н,VI,16
2021,Тымовский р-н,X,37
2021,Тымовский р-н,XI,38
2021,Тымовский р-н,XIII,1
2021,Тымовский р-н,XIV,12
2021,Тымовский р-н,XIX,27
2021,Тымовский р-н,XVIII,5
2021,Тымовский р-н,XXII,14
2021,Углегорский р-н,I,6
2021,Углегорский р-н,II,59
2021,Углегорский р-н,IV,26
2021,Углегорский р-н,IX,82
2021,Углегорский р-н,VI,74
2021,Углегорский р-н,X,55
2021,Углегорский р-н,XI,46
2021,Углегорский р-н,XII,2
2021,Углегорский р-н,XIII,3
2021,Углегорский р-н,XIV,26
2021,Углегорский р-н,XIX,44
2021,Углегорский р-н,XVII,3
2021,Углегорский р-н,XVIII,3
2021,Углегорский р-н,XXII,41
2021,Холмский р-н,I,6
2021,Холмский р-н,II,111
2021,Холмский р-н,III,3
2021,Холмский р-н,IV,28
2021,Холмский р-н,IX,122
2021,Холмский р-н,V,1
2021,Холмский р-н,VI,69
2021,Холмский р-н,X,93
2021,Холмский р-н,XI,102
2021,Холмский р-н,XII,4
2021,Холмский р-н,XIII,1
2021,Холмский р-н,XIV,24
2021,Холмский р-н,XIX,73
2021,Холмский р-н,XVII,1
2021,Холмский р-н,XVIII,20
2021,Холмский р-н,XXII,28
2021,Южно-Курильский р-н,II,10
2021,Южно-Курильский р-н,IV,2
2021,Южно-Курильский р-н,IX,17
2021,Южно-Курильский р-н,VI,2
2021,Южно-Курильский р-н,X,8
2021,Южно-Курильский р-н,XI,6
2021,Южно-Курильский р-н,XIX,13
2021,Южно-Курильский р-н,XVIII,3
2021,Южно-Курильский р-н,XXII,4
2021,Южно-Сахалинск г,I,28
2021,Южно-Сахалинск г,II,348
2021,Южно-Сахалинск г,III,1
2021,Южно-Сахалинск г,IV,111
2021,Южно-Сахалинск г,IX,517
2021,Южно-Сахалинск г,V,7
2021,Южно-Сахалинск г,VI,219
2021,Южно-Сахалинск г,X,318
2021,Южно-Сахалинск г,XI,248
2021,Южно-Сахалинск г,XII,6
2021,Южно-Сахалинск г,XIII,18
2021,Южно-Сахалинск г,XIV,115
2021,Южно-Сахалинск г,XIX,266
2021,Южно-Сахалинск г,XVI,3
2021,Южно-Сахалинск г,XVII,2
2021,Южно-Сахалинск г,XVIII,52
2021,Южно-Сахалинск г,XXII,187
2022,Александровск-Сахалинский р-н,II,32
2022,Александровск-Сахалинский р-н,IV,19
2022,Александровск-Сахалинский р-н,IX,47
2022,Александровск-Сахалинский р-н,VI,11
2022,Александровск-Сахалинский р-н,X,13
2022,Александровск-Сахалинский р-н,XI,19
2022,Александровск-Сахалинский р-н,XIV,27
2022,Александровск-Сахалинский р-н,XIX,20
2022,Александровск-Сахалинский р-н,XVIII,6
2022,Александровск-Сахалинский р-н,XXII,6
2022,Анивский р-н,II,27
2022,Анивский р-н,IV,12
2022,Анивский р-н,IX,47
2022,Анивский р-н,VI,16
2022,Анивский р-н,X,25
2022,Анивский р-н,XI,25
2022,Анивский р-н,XIV,8
2022,Анивский р-н,XIX,24
2022,Анивский р-н,XVI,1
2022,Анивский р-н,XVIII,4
2022,Анивский р-н,XXII,8
2022,Долинский р-н,I,2
2022,Долинский р-н,II,44
2022,Долинский р-н,III,2
2022,Долинский р-н,IV,14
2022,Долинский р-н,IX,107
2022,Долинский р-н,VI,26
2022,Долинский р-н,X,26
2022,Долинский р-н,XI,37
2022,Долинский р-н,XII,1
2022,Долинский р-н,XIV,14
2022,Долинский р-н,XIX,44
2022,Долинский р-н,XVI,1
2022,Долинский р-н,XVIII,3
2022,Долинский р-н,XXII,28
2022,Корсаковский р-н,I,1
2022,Корсаковский р-н,II,90
2022,Корсаковский р-н,IV,39
2022,Корсаковский р-н,IX,112
2022,Корсаковский р-н,VI,27
2022,Корсаковский р-н,X,46
2022,Корсаковский р-н,XI,62
2022,Корсаковский р-н,XIV,33
2022,Корсаковский р-н,XIX,50
2022,Корсаковский р-н,XVIII,19
2022,Корсаковский р-н,XXII,12
2022,Курильский р-н,II,5
2022,Курильский р-н,IV,1
2022,Курильский р-н,IX,8
2022,Курильский р-н,V,1
2022,Курильский р-н,VI,1
2022,Курильский р-н,X,2
2022,Курильский р-н,XI,2
2022,Курильский р-н,XIV,1
2022,Курильский р-н,XIX,5
2022,Курильский р-н,XVIII,3
2022,Курильский р-н,XXII,2
2022,Макаровский р-н,II,17
2022,Макаровский р-н,IV,7
2022,Макаровский р-н,IX,34
2022,Макаровский р-н,VI,30
2022,Макаровский р-н,X,10
2022,Макаровский р-н,XI,15
2022,Макаровский р-н,XII,1
2022,Макаровский р-н,XIV,17
2022,Макаровский р-н,XIX,11
2022,Макаровский р-н,XVIII,4
2022,Макаровский р-н,XXII,9
2022,Невельский р-н,I,3
2022,Невельский р-н,II,44
2022,Невельский р-н,IV,15
2022,Невельский р-н,IX,60
2022,Невельский р-н,VI,19
2022,Невельский р-н,X,26
2022,Невельский р-н,XI,20
2022,Невельский р-н,XIV,5
2022,Невельский р-н,XIX,32
2022,Невельский р-н,XVI,1
2022,Невельский р-н,XVIII,7
2022,Невельский р-н,XXII,9
2022,Ногликский р-н,I,1
2022,Ногликский р-н,II,21
2022,Ногликский р-н,IV,8
2022,Ногликский р-н,IX,40
2022,Ногликский р-н,VI,19
2022,Ногликский р-н,X,5
2022,Ногликский р-н,XI,10
2022,Ногликский р-н,XIV,2
2022,Ногликский р-н,XIX,19
2022,Ногликский р-н,XVIII,2
2022,Ногликский р-н,XXII,4
2022,Охинский р-н,I,4
2022,Охинский р-н,II,66
2022,Охинский р-н,IV,36
2022,Охинский р-н,IX,68
2022,Охинский р-н,VI,30
2022,Охинский р-н,X,8
2022,Охинский р-н,XI,34
2022,Охинский р-н,XIII,1
2022,Охинский р-н,XIV,24
2022,Охинский р-н,XIX,35
2022,Охинский р-н,XVI,1
2022,Охинский р-н,XVII,1
2022,Охинский р-н,XVIII,10
2022,Охинский р-н,XXII,13
2022,Поронайский р-н,I,8
2022,Поронайский р-н,II,54
2022,Поронайский р-н,III,1
2022,Поронайский р-н,IV,31
2022,Поронайский р-н,IX,59
2022,Поронайский р-н,VI,39
2022,Поронайский р-н,X,19
2022,Поронайский р-н,XI,35
2022,Поронайский р-н,XII,1
2022,Поронайский р-н,XIV,31
2022,Поронайский р-н,XIX,41
2022,Поронайский р-н,XVI,2
2022,Поронайский р-н,XVII,1
2022,Поронайский р-н,XVIII,10
2022,Поронайский р-н,XXII,15
2022,Северо-Курильский р-н,I,1
2022,Северо-Курильский р-н,II,4
2022,Северо-Курильский р-н,III,1
2022,Северо-Курильский р-н,IV,1
2022,Северо-Курильский р-н,IX,3
2022,Северо-Курильский р-н,VI,1
2022,Северо-Курильский р-н,XI,2
2022,Северо-Курильский р-н,XIX,1
2022,Северо-Курильский р-н,XVIII,1
2022,Смирныховский р-н,I,1
2022,Смирныховский р-н,II,22
2022,Смирныховский р-н,IV,3
2022,Смирныховский р-н,IX,34
2022,Смирныховский р-н,VI,23
2022,Смирныховский р-н,X,22
2022,Смирныховский р-н,XI,23
2022,Смирныховский р-н,XIV,12
2022,Смирныховский р-н,XIX,23
2022,Смирныховский р-н,XVI,1
2022,Смирныховский р-н,XVIII,3
2022,Смирныховский р-н,XXII,10
2022,Томаринский р-н,II,22
2022,Томаринский р-н,IV,20
2022,Томаринский р-н,IX,37
2022,Томаринский р-н,VI,24
2022,Томаринский р-н,X,13
2022,Томаринский р-н,XI,14
2022,Томаринский р-н,XIII,1
2022,Томаринский р-н,XIV,9
2022,Томаринский р-н,XIX,15
2022,Томаринский р-н,XVIII,3
2022,Томаринский р-н,XXII,19
2022,Тымовский р-н,I,1
2022,Тымовский р-н,II,35
2022,Тымовский р-н,IV,13
2022,Тымовский р-н,IX,58
2022,Тымовский р-н,VI,15
2022,Тымовский р-н,X,16
2022,Тымовский р-н,XI,28
2022,Тымовский р-н,XIII,1
2022,Тымовский р-н,XIV,7
2022,Тымовский р-н,XIX,41
2022,Тымовский р-н,XVII,1
2022,Тымовский р-н,XVIII,5
2022,Тымовский р-н,XXII,7
2022,Углегорский р-н,I,4
2022,Углегорский р-н,II,65
2022,Углегорский р-н,IV,29
2022,Углегорский р-н,IX,96
2022,Углегорский р-н,VI,68
2022,Углегорский р-н,X,46
2022,Углегорский р-н,XI,44
2022,Углегорский р-н,XII,1
2022,Углегорский р-н,XIII,2
2022,Углегорский р-н,XIV,10
2022,Углегорский р-н,XIX,28
2022,Углегорский р-н,XVIII,7
2022,Углегорский р-н,XXII,25
2022,Холмский р-н,I,3
2022,Холмский р-н,II,109
2022,Холмский р-н,IV,32
2022,Холмский р-н,IX,88
2022,Холмский р-н,VI,103
2022,Холмский р-н,X,50
2022,Холмский р-н,XI,76
2022,Холмский р-н,XII,2
2022,Холмский р-н,XIII,1
2022,Холмский р-н,XIV,20
2022,Холмский р-н,XIX,47
2022,Холмский р-н,XVI,2
2022,Холмский р-н,XVIII,14
2022,Холмский р-н,XXII,25
2022,Южно-Курильский р-н,I,1
2022,Южно-Курильский р-н,II,12
2022,Южно-Курильский р-н,IV,1
2022,Южно-Курильский р-н,IX,18
2022,Южно-Курильский р-н,VI,3
2022,Южно-Курильский р-н,X,3
2022,Южно-Курильский р-н,XI,5
2022,Южно-Курильский р-н,XIII,1
2022,Южно-Курильский р-н,XIV,1
2022,Южно-Курильский р-н,XIX,9
2022,Южно-Курильский р-н,XVII,1
2022,Южно-Курильский р-н,XVIII,3
2022,Южно-Курильский р-н,XXII,2
2022,Южно-Сахалинск г,I,17
2022,Южно-Сахалинск г,II,356
2022,Южно-Сахалинск г,IV,85
2022,Южно-Сахалинск г,IX,557
2022,Южно-Сахалинск г,VI,176
2022,Южно-Сахалинск г,X,164
2022,Южно-Сахалинск г,XI,200
2022,Южно-Сахалинск г,XII,2
2022,Южно-Сахалинск г,XIII,17
2022,Южно-Сахалинск г,XIV,106
2022,Южно-Сахалинск г,XIX,257
2022,Южно-Сахалинск г,XVI,7
2022,Южно-Сахалинск г,XVII,3
2022,Южно-Сахалинск г,XVIII,69
2022,Южно-Сахалинск г,XXII,98
2023,Александровск-Сахалинский р-н,I,5
2023,Александровск-Сахалинский р-н,II,38
2023,Александровск-Сахалинский р-н,IV,15
2023,Александровск-Сахалинский р-н,IX,42
2023,Александровск-Сахалинский р-н,VI,9
2023,Александровск-Сахалинский р-н,X,19
2023,Александровск-Сахалинский р-н,XI,13
2023,Александровск-Сахалинский р-н,XIII,1
2023,Александровск-Сахалинский р-н,XIV,17
2023,Александровск-Сахалинский р-н,XIX,18
2023,Александровск-Сахалинский р-н,XVIII,7
2023,Анивский р-н,I,2
2023,Анивский р-н,II,38
2023,Анивский р-н,IV,7
2023,Анивский р-н,IX,45
2023,Анивский р-н,VI,18
2023,Анивский р-н,X,12
2023,Анивский р-н,XI,21
2023,Анивский р-н,XIII,1
2023,Анивский р-н,XIV,17
2023,Анивский р-н,XIX,52
2023,Анивский р-н,XVII,2
2023,Анивский р-н,XVIII,3
2023,Долинский р-н,I,1
2023,Долинский р-н,II,57
2023,Долинский р-н,IV,12
2023,Долинский р-н,IX,118
2023,Долинский р-н,VI,19
2023,Долинский р-н,X,34
2023,Долинский р-н,XI,44
2023,Долинский р-н,XII,1
2023,Долинский р-н,XIV,23
2023,Долинский р-н,XIX,68
2023,Долинский р-н,XVIII,8
2023,Корсаковский р-н,I,4
2023,Корсаковский р-н,II,111
2023,Корсаковский р-н,III,1
2023,Корсаковский р-н,IV,27
2023,Корсаковский р-н,IX,132
2023,Корсаковский р-н,VI,13
2023,Корсаковский р-н,X,30
2023,Корсаковский р-н,XI,66
2023,Корсаковский р-н,XII,1
2023,Корсаковский р-н,XIV,34
2023,Корсаковский р-н,XIX,70
2023,Корсаковский р-н,XVI,3
2023,Корсаковский р-н,XVIII,16
2023,Корсаковский р-н,XXII,1
2023,Курильский р-н,II,4
2023,Курильский р-н,IV,3
2023,Курильский р-н,IX,18
2023,Курильский р-н,V,1
2023,Курильский р-н,XI,1
2023,Курильский р-н,XIII,1
2023,Курильский р-н,XIX,3
2023,Курильский р-н,XVI,1
2023,Макаровский р-н,I,2
2023,Макаровский р-н,II,19
2023,Макаровский р-н,III,1
2023,Макаровский р-н,IV,8
2023,Макаровский р-н,IX,31
2023,Макаровский р-н,VI,14
2023,Макаровский р-н,X,7
2023,Макаровский р-н,XI,12
2023,Макаровский р-н,XIV,9
2023,Макаровский р-н,XIX,19
2023,Макаровский р-н,XVIII,4
2023,Невельский р-н,I,1
2023,Невельский р-н,II,54
2023,Невельский р-н,IV,7
2023,Невельский р-н,IX,59
2023,Невельский р-н,VI,19
2023,Невельский р-н,X,24
2023,Невельский р-н,XI,21
2023,Невельский р-н,XII,1
2023,Невельский р-н,XIII,1
2023,Невельский р-н,XIV,9
2023,Невельский р-н,XIX,29
2023,Невельский р-н,XVIII,4
2023,Ногликский р-н,I,1
2023,Ногликский р-н,II,17
2023,Ногликский р-н,IV,13
2023,Ногликский р-н,IX,42
2023,Ногликский р-н,VI,4
2023,Ногликский р-н,VIII,1
2023,Ногликский р-н,X,6
2023,Ногликский р-н,XI,15
2023,Ногликский р-н,XII,1
2023,Ногликский р-н,XIV,4
2023,Ногликский р-н,XIX,24
2023,Ногликский р-н,XVI,1
2023,Ногликский р-н,XVIII,2
2023,Охинский р-н,I,5
2023,Охинский р-н,II,64
2023,Охинский р-н,IV,29
2023,Охинский р-н,IX,71
2023,Охинский р-н,VI,14
2023,Охинский р-н,X,22
2023,Охинский р-н,XI,44
2023,Охинский р-н,XIII,1
2023,Охинский р-н,XIV,20
2023,Охинский р-н,XIX,55
2023,Охинский р-н,XVII,1
2023,Охинский р-н,XVIII,9
2023,Поронайский р-н,I,2
2023,Поронайский р-н,II,46
2023,Поронайский р-н,IV,25
2023,Поронайский р-н,IX,50
2023,Поронайский р-н,VI,37
2023,Поронайский р-н,VIII,1
2023,Поронайский р-н,X,9
2023,Поронайский р-н,XI,37
2023,Поронайский р-н,XII,1
2023,Поронайский р-н,XIV,36
2023,Поронайский р-н,XIX,42
2023,Поронайский р-н,XVIII,10
2023,Северо-Курильский р-н,II,2
2023,Северо-Курильский р-н,IV,1
2023,Северо-Курильский р-н,IX,4
2023,Северо-Курильский р-н,XI,2
2023,Северо-Курильский р-н,XIX,2
2023,Смирныховский р-н,II,21
2023,Смирныховский р-н,IV,6
2023,Смирныховский р-н,IX,33
2023,Смирныховский р-н,VI,17
2023,Смирныховский р-н,X,17
2023,Смирныховский р-н,XI,28
2023,Смирныховский р-н,XIV,9
2023,Смирныховский р-н,XIX,29
2023,Смирныховский р-н,XVIII,4
2023,Томаринский р-н,II,29
2023,Томаринский р-н,III,2
2023,Томаринский р-н,IV,21
2023,Томаринский р-н,IX,35
2023,Томаринский р-н,VI,27
2023,Томаринский р-н,X,6
2023,Томаринский р-н,XI,16
2023,Томаринский р-н,XIII,3
2023,Томаринский р-н,XIV,6
2023,Томаринский р-н,XIX,34
2023,Томаринский р-н,XVIII,5
2023,Тымовский р-н,I,1
2023,Тымовский р-н,II,31
2023,Тымовский р-н,IV,19
2023,Тымовский р-н,IX,52
2023,Тымовский р-н,VI,21
2023,Тымовский р-н,X,15
2023,Тымовский р-н,XI,19
2023,Тымовский р-н,XIII,1
2023,Тымовский р-н,XIV,16
2023,Тымовский р-н,XIX,35
2023,Тымовский р-н,XVII,1
2023,Тымовский р-н,XVIII,9
2023,Углегорский р-н,I,4
2023,Углегорский р-н,II,75
2023,Углегорский р-н,IV,27
2023,Углегорский р-н,IX,64
2023,Углегорский р-н,VI,63
2023,Углегорский р-н,X,23
2023,Углегорский р-н,XI,44
2023,Углегорский р-н,XII,1
2023,Углегорский р-н,XIV,11
2023,Углегорский р-н,XIX,39
2023,Углегорский р-н,XVIII,5
2023,Холмский р-н,I,10
2023,Холмский р-н,II,122
2023,Холмский р-н,III,1
2023,Холмский р-н,IV,23
2023,Холмский р-н,IX,113
2023,Холмский р-н,VI,73
2023,Холмский р-н,X,42
2023,Холмский р-н,XI,72
2023,Холмский р-н,XIII,4
2023,Холмский р-н,XIV,27
2023,Холмский р-н,XIX,96
2023,Холмский р-н,XVI,1
2023,Холмский р-н,XVII,1
2023,Холмский р-н,XVIII,21
2023,Южно-Курильский р-н,II,9
2023,Южно-Курильский р-н,IV,2
2023,Южно-Курильский р-н,IX,15
2023,Южно-Курильский р-н,VI,1
2023,Южно-Курильский р-н,X,3
2023,Южно-Курильский р-н,XI,7
2023,Южно-Курильский р-н,XIV,3
2023,Южно-Курильский р-н,XIX,11
2023,Южно-Курильский р-н,XVII,1
2023,Южно-Курильский р-н,XVIII,5
2023,Южно-Сахалинск г,I,21
2023,Южно-Сахалинск г,II,383
2023,Южно-Сахалинск г,III,3
2023,Южно-Сахалинск г,IV,61
2023,Южно-Сахалинск г,IX,610
2023,Южно-Сахалинск г,VI,104
2023,Южно-Сахалинск г,X,135
2023,Южно-Сахалинск г,XI,199
2023,Южно-Сахалинск г,XII,3
2023,Южно-Сахалинск г,XIII,9
2023,Южно-Сахалинск г,XIV,121
2023,Южно-Сахалинск г,XIX,322
2023,Южно-Сахалинск г,XVI,5
2023,Южно-Сахалинск г,XVII,4
2023,Южно-Сахалинск г,XVIII,50
2023,Южно-Сахалинск г,XXII,1
2024,Александровск-Сахалинский р-н,I,2
2024,Александровск-Сахалинский р-н,II,26
2024,Александровск-Сахалинский р-н,III,1
2024,Александровск-Сахалинский р-н,IV,32
2024,Александровск-Сахалинский р-н,IX,41
2024,Александровск-Сахалинский р-н,VI,16
2024,Александровск-Сахалинский р-н,X,28
2024,Александровск-Сахалинский р-н,XI,20
2024,Александровск-Сахалинский р-н,XIV,32
2024,Александровск-Сахалинский р-н,XIX,43
2024,Александровск-Сахалинский р-н,XVIII,5
2024,Анивский р-н,II,46
2024,Анивский р-н,IV,10
2024,Анивский р-н,IX,52
2024,Анивский р-н,VI,8
2024,Анивский р-н,X,12
2024,Анивский р-н,XI,16
2024,Анивский р-н,XIV,13
2024,Анивский р-н,XIX,44
2024,Анивский р-н,XVI,1
2024,Анивский р-н,XVII,1
2024,Анивский р-н,XVIII,12
2024,Долинский р-н,I,3
2024,Долинский р-н,II,67
2024,Долинский р-н,IV,14
2024,Долинский р-н,IX,108
2024,Долинский р-н,VI,31
2024,Долинский р-н,X,30
2024,Долинский р-н,XI,38
2024,Долинский р-н,XII,1
2024,Долинский р-н,XIII,1
2024,Долинский р-н,XIV,16
2024,Долинский р-н,XIX,82
2024,Долинский р-н,XVIII,10
2024,Корсаковский р-н,II,100
2024,Корсаковский р-н,IV,33
2024,Корсаковский р-н,IX,121
2024,Корсаковский р-н,VI,18
2024,Корсаковский р-н,X,27
2024,Корсаковский р-н,XI,70
2024,Корсаковский р-н,XII,1
2024,Корсаковский р-н,XIV,52
2024,Корсаковский р-н,XIX,102
2024,Корсаковский р-н,XVI,2
2024,Корсаковский р-н,XVIII,21
2024,Корсаковский р-н,XXII,1
2024,Курильский р-н,II,7
2024,Курильский р-н,IV,8
2024,Курильский р-н,IX,6
2024,Курильский р-н,VI,1
2024,Курильский р-н,X,2
2024,Курильский р-н,XI,7
2024,Курильский р-н,XIX,7
2024,Курильский р-н,XVIII,1
2024,Макаровский р-н,I,3
2024,Макаровский р-н,II,21
2024,Макаровский р-н,IV,5
2024,Макаровский р-н,IX,27
2024,Макаровский р-н,VI,8
2024,Макаровский р-н,X,7
2024,Макаровский р-н,XI,5
2024,Макаровский р-н,XIV,11
2024,Макаровский р-н,XIX,34
2024,Макаровский р-н,XV,1
2024,Макаровский р-н,XVI,1
2024,Макаровский р-н,XVIII,2
2024,Невельский р-н,I,3
2024,Невельский р-н,II,52
2024,Невельский р-н,III,1
2024,Невельский р-н,IV,13
2024,Невельский р-н,IX,71
2024,Невельский р-н,VI,1
2024,Невельский р-н,X,32
2024,Невельский р-н,XI,27
2024,Невельский р-н,XII,1
2024,Невельский р-н,XIV,6
2024,Невельский р-н,XIX,38
2024,Невельский р-н,XVI,1
2024,Невельский р-н,XVIII,7
2024,Ногликский р-н,I,1
2024,Ногликский р-н,II,11
2024,Ногликский р-н,IV,14
2024,Ногликский р-н,IX,43
2024,Ногликский р-н,VI,10
2024,Ногликский р-н,X,2
2024,Ногликский р-н,XI,16
2024,Ногликский р-н,XIV,7
2024,Ногликский р-н,XIX,24
2024,Ногликский р-н,XVIII,3
2024,Охинский р-н,I,2
2024,Охинский р-н,II,50
2024,Охинский р-н,IV,26
2024,Охинский р-н,IX,73
2024,Охинский р-н,VI,19
2024,Охинский р-н,VIII,1
2024,Охинский р-н,X,23
2024,Охинский р-н,XI,49
2024,Охинский р-н,XII,1
2024,Охинский р-н,XIII,1
2024,Охинский р-н,XIV,23
2024,Охинский р-н,XIX,49
2024,Охинский р-н,XVI,1
2024,Охинский р-н,XVIII,10
2024,Поронайский р-н,I,2
2024,Поронайский р-н,II,57
2024,Поронайский р-н,IV,35
2024,Поронайский р-н,IX,69
2024,Поронайский р-н,VI,40
2024,Поронайский р-н,X,7
2024,Поронайский р-н,XI,44
2024,Поронайский р-н,XIV,26
2024,Поронайский р-н,XIX,68
2024,Поронайский р-н,XVI,1
2024,Поронайский р-н,XVIII,12
2024,Поронайский р-н,XXII,1
2024,Северо-Курильский р-н,II,1
2024,Северо-Курильский р-н,IV,3
2024,Северо-Курильский р-н,IX,4
2024,Северо-Курильский р-н,XI,3
2024,Северо-Курильский р-н,XIX,2
2024,Северо-Курильский р-н,XVIII,1
2024,Смирныховский р-н,I,1
2024,Смирныховский р-н,II,26
2024,Смирныховский р-н,IV,11
2024,Смирныховский р-н,IX,38
2024,Смирныховский р-н,VI,19
2024,Смирныховский р-н,X,11
2024,Смирныховский р-н,XI,28
2024,Смирныховский р-н,XIV,14
2024,Смирныховский р-н,XIX,31
2024,Смирныховский р-н,XVIII,6
2024,Томаринский р-н,I,1
2024,Томаринский р-н,II,32
2024,Томаринский р-н,IV,14
2024,Томаринский р-н,IX,23
2024,Томаринский р-н,VI,20
2024,Томаринский р-н,X,10
2024,Томаринский р-н,XI,17
2024,Томаринский р-н,XII,1
2024,Томаринский р-н,XIV,12
2024,Томаринский р-н,XIX,31
2024,Томаринский р-н,XVI,1
2024,Томаринский р-н,XVIII,8
2024,Тымовский р-н,II,27
2024,Тымовский р-н,IV,27
2024,Тымовский р-н,IX,43
2024,Тымовский р-н,VI,23
2024,Тымовский р-н,X,12
2024,Тымовский р-н,XI,32
2024,Тымовский р-н,XIII,1
2024,Тымовский р-н,XIV,25
2024,Тымовский р-н,XIX,46
2024,Тымовский р-н,XVI,3
2024,Тымовский р-н,XVII,1
2024,Тымовский р-н,XVIII,3
2024,Углегорский р-н,I,7
2024,Углегорский р-н,II,68
2024,Углегорский р-н,IV,31
2024,Углегорский р-н,IX,86
2024,Углегорский р-н,VI,50
2024,Углегорский р-н,X,18
2024,Углегорский р-н,XI,39
2024,Углегорский р-н,XII,1
2024,Углегорский р-н,XIII,2
2024,Углегорский р-н,XIV,9
2024,Углегорский р-н,XIX,63
2024,Углегорский р-н,XV,1
2024,Углегорский р-н,XVIII,8
2024,Холмский р-н,I,2
2024,Холмский р-н,II,108
2024,Холмский р-н,III,2
2024,Холмский р-н,IV,43
2024,Холмский р-н,IX,99
2024,Холмский р-н,VI,70
2024,Холмский р-н,X,62
2024,Холмский р-н,XI,79
2024,Холмский р-н,XII,4
2024,Холмский р-н,XIII,2
2024,Холмский р-н,XIV,42
2024,Холмский р-н,XIX,96
2024,Холмский р-н,XVI,1
2024,Холмский р-н,XVII,2
2024,Холмский р-н,XVIII,25
2024,Южно-Курильский р-н,I,1
2024,Южно-Курильский р-н,II,11
2024,Южно-Курильский р-н,IV,3
2024,Южно-Курильский р-н,IX,17
2024,Южно-Курильский р-н,VI,5
2024,Южно-Курильский р-н,X,5
2024,Южно-Курильский р-н,XI,1
2024,Южно-Курильский р-н,XIX,6
2024,Южно-Курильский р-н,XVIII,2
2024,Южно-Сахалинск г,I,26
2024,Южно-Сахалинск г,II,381
2024,Южно-Сахалинск г,III,4
2024,Южно-Сахалинск г,IV,78
2024,Южно-Сахалинск г,IX,589
2024,Южно-Сахалинск г,VI,154
2024,Южно-Сахалинск г,X,138
2024,Южно-Сахалинск г,XI,193
2024,Южно-Сахалинск г,XII,3
2024,Южно-Сахалинск г,XIII,7
2024,Южно-Сахалинск г,XIV,93
2024,Южно-Сахалинск г,XIX,389
2024,Южно-Сахалинск г,XV,1
2024,Южно-Сахалинск г,XVI,7
2024,Южно-Сахалинск г,XVII,1
2024,Южно-Сахалинск г,XVIII,63
2024,Южно-Сахалинск г,XXII,3
2025,Александровск-Сахалинский р-н,I,2
2025,Александровск-Сахалинский р-н,II,24
2025,Александровск-Сахалинский р-н,IV,23
2025,Александровск-Сахалинский р-н,IX,25
2025,Александровск-Сахалинский р-н,VI,17
2025,Александровск-Сахалинский р-н,X,34
2025,Александровск-Сахалинский р-н,XI,17
2025,Александровск-Сахалинский р-н,XII,1
2025,Александровск-Сахалинский р-н,XIII,1
2025,Александровск-Сахалинский р-н,XIV,36
2025,Александровск-Сахалинский р-н,XIX,29
2025,Александровск-Сахалинский р-н,XVII,1
2025,Александровск-Сахалинский р-н,XVIII,6
2025,Анивский р-н,I,1
2025,Анивский р-н,II,41
2025,Анивский р-н,IV,4
2025,Анивский р-н,IX,57
2025,Анивский р-н,VI,13
2025,Анивский р-н,X,10
2025,Анивский р-н,XI,15
2025,Анивский р-н,XIV,14
2025,Анивский р-н,XIX,44
2025,Анивский р-н,XVIII,6
2025,Долинский р-н,I,2
2025,Долинский р-н,II,50
2025,Долинский р-н,IV,14
2025,Долинский р-н,IX,107
2025,Долинский р-н,VI,40
2025,Долинский р-н,X,37
2025,Долинский р-н,XI,30
2025,Долинский р-н,XII,2
2025,Долинский р-н,XIV,11
2025,Долинский р-н,XIX,72
2025,Долинский р-н,XVI,1
2025,Долинский р-н,XVIII,2
2025,Корсаковский р-н,I,4
2025,Корсаковский р-н,II,82
2025,Корсаковский р-н,IV,34
2025,Корсаковский р-н,IX,146
2025,Корсаковский р-н,VI,12
2025,Корсаковский р-н,X,24
2025,Корсаковский р-н,XI,50
2025,Корсаковский р-н,XII,1
2025,Корсаковский р-н,XIII,1
2025,Корсаковский р-н,XIV,53
2025,Корсаковский р-н,XIX,78
2025,Корсаковский р-н,XVIII,12
2025,Курильский р-н,II,8
2025,Курильский р-н,IV,1
2025,Курильский р-н,IX,6
2025,Курильский р-н,VI,1
2025,Курильский р-н,X,1
2025,Курильский р-н,XI,5
2025,Курильский р-н,XIX,10
2025,Макаровский р-н,II,24
2025,Макаровский р-н,IV,7
2025,Макаровский р-н,IX,34
2025,Макаровский р-н,VI,11
2025,Макаровский р-н,X,6
2025,Макаровский р-н,XI,9
2025,Макаровский р-н,XIV,6
2025,Макаровский р-н,XIX,13
2025,Макаровский р-н,XVIII,2
2025,Невельский р-н,I,2
2025,Невельский р-н,II,50
2025,Невельский р-н,IV,14
2025,Невельский р-н,IX,73
2025,Невельский р-н,VI,5
2025,Невельский р-н,VIII,1
2025,Невельский р-н,X,16
2025,Невельский р-н,XI,29
2025,Невельский р-н,XIII,1
2025,Невельский р-н,XIV,3
2025,Невельский р-н,XIX,55
2025,Невельский р-н,XVIII,9
2025,Ногликский р-н,II,21
2025,Ногликский р-н,IV,10
2025,Ногликский р-н,IX,36
2025,Ногликский р-н,VI,7
2025,Ногликский р-н,X,4
2025,Ногликский р-н,XI,20
2025,Ногликский р-н,XIII,2
2025,Ногликский р-н,XIV,8
2025,Ногликский р-н,XIX,17
2025,Ногликский р-н,XVIII,4
2025,Охинский р-н,I,2
2025,Охинский р-н,II,63
2025,Охинский р-н,IV,30
2025,Охинский р-н,IX,64
2025,Охинский р-н,VI,25
2025,Охинский р-н,X,17
2025,Охинский р-н,XI,47
2025,Охинский р-н,XIII,2
2025,Охинский р-н,XIV,23
2025,Охинский р-н,XIX,57
2025,Охинский р-н,XVI,1
2025,Охинский р-н,XVIII,16
2025,Поронайский р-н,I,3
2025,Поронайский р-н,II,44
2025,Поронайский р-н,IV,30
2025,Поронайский р-н,IX,75
2025,Поронайский р-н,VI,50
2025,Поронайский р-н,X,11
2025,Поронайский р-н,XI,39
2025,Поронайский р-н,XII,4
2025,Поронайский р-н,XIII,1
2025,Поронайский р-н,XIV,17
2025,Поронайский р-н,XIX,62
2025,Поронайский р-н,XVI,4
2025,Поронайский р-н,XVII,1
2025,Поронайский р-н,XVIII,7
2025,Северо-Курильский р-н,II,2
2025,Северо-Курильский р-н,IV,2
2025,Северо-Курильский р-н,IX,6
2025,Северо-Курильский р-н,VI,1
2025,Северо-Курильский р-н,X,1
2025,Северо-Курильский р-н,XI,5
2025,Северо-Курильский р-н,XIV,1
2025,Смирныховский р-н,II,25
2025,Смирныховский р-н,IV,13
2025,Смирныховский р-н,IX,49
2025,Смирныховский р-н,VI,15
2025,Смирныховский р-н,X,13
2025,Смирныховский р-н,XI,21
2025,Смирныховский р-н,XIV,3
2025,Смирныховский р-н,XIX,39
2025,Смирныховский р-н,XVI,1
2025,Смирныховский р-н,XVII,1
2025,Смирныховский р-н,XVIII,4
2025,Томаринский р-н,I,1
2025,Томаринский р-н,II,25
2025,Томаринский р-н,IV,13
2025,Томаринский р-н,IX,26
2025,Томаринский р-н,VI,20
2025,Томаринский р-н,X,11
2025,Томаринский р-н,XI,24
2025,Томаринский р-н,XIV,16
2025,Томаринский р-н,XIX,18
2025,Томаринский р-н,XVIII,3
2025,Тымовский р-н,I,1
2025,Тымовский р-н,II,31
2025,Тымовский р-н,IV,26
2025,Тымовский р-н,IX,26
2025,Тымовский р-н,VI,23
2025,Тымовский р-н,X,11
2025,Тымовский р-н,XI,22
2025,Тымовский р-н,XII,1
2025,Тымовский р-н,XIV,27
2025,Тымовский р-н,XIX,52
2025,Тымовский р-н,XVII,1
2025,Углегорский р-н,I,7
2025,Углегорский р-н,II,54
2025,Углегорский р-н,III,1
2025,Углегорский р-н,IV,17
2025,Углегорский р-н,IX,58
2025,Углегорский р-н,VI,56
2025,Углегорский р-н,X,22
2025,Углегорский р-н,XI,44
2025,Углегорский р-н,XII,1
2025,Углегорский р-н,XIV,13
2025,Углегорский р-н,XIX,52
2025,Углегорский р-н,XVI,1
2025,Углегорский р-н,XVIII,5
2025,Холмский р-н,I,3
2025,Холмский р-н,II,119
2025,Холмский р-н,IV,34
2025,Холмский р-н,IX,105
2025,Холмский р-н,VI,48
2025,Холмский р-н,X,47
2025,Холмский р-н,XI,83
2025,Холмский р-н,XII,1
2025,Холмский р-н,XIII,6
2025,Холмский р-н,XIV,40
2025,Холмский р-н,XIX,93
2025,Холмский р-н,XVI,1
2025,Холмский р-н,XVIII,24
2025,Южно-Курильский р-н,II,9
2025,Южно-Курильский р-н,IV,2
2025,Южно-Курильский р-н,IX,16
2025,Южно-Курильский р-н,VI,5
2025,Южно-Курильский р-н,X,1
2025,Южно-Курильский р-н,XI,10
2025,Южно-Курильский р-н,XIII,1
2025,Южно-Курильский р-н,XIV,2
2025,Южно-Курильский р-н,XIX,10
2025,Южно-Курильский р-н,XVIII,6
2025,Южно-Сахалинск г,I,16
2025,Южно-Сахалинск г,II,413
2025,Южно-Сахалинск г,IV,61
2025,Южно-Сахалинск г,IX,635
2025,Южно-Сахалинск г,VI,163
2025,Южно-Сахалинск г,VIII,1
2025,Южно-Сахалинск г,X,112
2025,Южно-Сахалинск г,XI,185
2025,Южно-Сахалинск г,XII,6
2025,Южно-Сахалинск г,XIII,8
2025,Южно-Сахалинск г,XIV,116
2025,Южно-Сахалинск г,XIX,481
2025,Южно-Сахалинск г,XV,1
2025,Южно-Сахалинск г,XVI,2
2025,Южно-Сахалинск г,XVIII,77
2025,Южно-Сахалинск г,XXII,2
