id,parent,type,code,label,short,group,order,range
root,,root,МКБ-10,Все причины смерти,Все причины,all,0,
c|I,root,class,I,Некоторые инфекционные и паразитарные болезни,Инфекционные болезни,cmnn,1,A00-B99
c|II,root,class,II,Новообразования,Новообразования,ncd,2,C00-D48
c|III,root,class,III,Болезни крови и иммунного механизма,Кровь и иммунитет,ncd,3,D50-D89
c|IV,root,class,IV,"Болезни эндокринной системы, расстройства питания и обмена веществ",Эндокринные и обмен,ncd,4,E00-E90
c|V,root,class,V,Психические расстройства и расстройства поведения,Психические расстройства,ncd,5,F00-F99
c|VI,root,class,VI,Болезни нервной системы,Нервная система,ncd,6,G00-G99
c|VII,root,class,VII,Болезни глаза и его придаточного аппарата,Глаз,ncd,7,H00-H59
c|VIII,root,class,VIII,Болезни уха и сосцевидного отростка,Ухо,ncd,8,H60-H95
c|IX,root,class,IX,Болезни системы кровообращения,Кровообращение,ncd,9,I00-I99
c|X,root,class,X,Болезни органов дыхания,Дыхание,ncd,10,J00-J99
c|XI,root,class,XI,Болезни органов пищеварения,Пищеварение,ncd,11,K00-K93
c|XII,root,class,XII,Болезни кожи и подкожной клетчатки,Кожа,ncd,12,L00-L99
c|XIII,root,class,XIII,Болезни костно-мышечной системы и соединительной ткани,Костно-мышечные,ncd,13,M00-M99
c|XIV,root,class,XIV,Болезни мочеполовой системы,Мочеполовая система,ncd,14,N00-N99
c|XV,root,class,XV,"Беременность, роды и послеродовой период",Беременность и роды,cmnn,15,O00-O99
c|XVI,root,class,XVI,"Отдельные состояния, возникающие в перинатальном периоде",Перинатальные состояния,cmnn,16,P00-P96
c|XVII,root,class,XVII,"Врожденные аномалии, деформации и хромосомные нарушения",Врожденные аномалии,ncd,17,Q00-Q99
c|XVIII,root,class,XVIII,"Симптомы, признаки и отклонения от нормы, не классифицированные в других рубриках",Симптомы и неточные причины,ncd,18,R00-R99
c|XIX,root,class,XIX,"Травмы, отравления и некоторые другие последствия воздействия внешних причин",Травмы и отравления,injury,19,S00-T98
c|XX,root,class,XX,Внешние причины заболеваемости и смертности,Внешние причины,injury,20,V01-Y98
c|XXI,root,class,XXI,"Факторы, влияющие на состояние здоровья и обращения в учреждения",Факторы обращения,ncd,21,Z00-Z99
c|XXII,root,class,XXII,Коды для специальных целей,Специальные коды,ncd,22,U00-U85
b|I|A00-A09,c|I,block,A00-A09,Кишечные инфекции,Кишечные инфекции,cmnn,1,
b|I|A15-A19,c|I,block,A15-A19,Туберкулез,Туберкулез,cmnn,2,
b|I|A30-A49,c|I,block,A30-A49,Другие бактериальные болезни,Другие бактериальные болезни,cmnn,3,
b|I|A50-A64,c|I,block,A50-A64,"Инфекции, передающиеся преимущественно половым путем","Инфекции, передающиеся преимущественно половым путем",cmnn,4,
b|I|A80-A89,c|I,block,A80-A89,Вирусные инфекции центральной нервной системы,Вирусные инфекции центральной нервной системы,cmnn,5,
b|I|B00-B09,c|I,block,B00-B09,"Вирусные инфекции, характеризующиеся поражениями кожи и слизистых оболочек","Вирусные инфекции, характеризующиеся поражениями кожи и слизистых оболочек",cmnn,6,
b|I|B15-B19,c|I,block,B15-B19,Вирусный гепатит,Вирусный гепатит,cmnn,7,
b|I|B20-B24,c|I,block,B20-B24,"Болезнь, вызванная вирусом иммунодефицита человека [ВИЧ]","Болезнь, вызванная вирусом иммунодефицита человека [ВИЧ]",cmnn,8,
b|I|B25-B34,c|I,block,B25-B34,Другие вирусные болезни,Другие вирусные болезни,cmnn,9,
b|I|B35-B49,c|I,block,B35-B49,Микозы,Микозы,cmnn,10,
b|I|B65-B83,c|I,block,B65-B83,Гельминтозы,Гельминтозы,cmnn,11,
b|I|B90-B94,c|I,block,B90-B94,Последствия инфестационных и паразитарных болезней,Последствия инфестационных и паразитарных болезней,cmnn,12,
b|II|C00-C14,c|II,block,C00-C14,"Губы, полости рта и глотки","Губы, полости рта и глотки",ncd,13,
b|II|C15-C26,c|II,block,C15-C26,Органов пищеварения,Органов пищеварения,ncd,14,
b|II|C30-C39,c|II,block,C30-C39,Органов дыхания и грудной клетки,Органов дыхания и грудной клетки,ncd,15,
b|II|C40-C41,c|II,block,C40-C41,Костей и суставных хрящей,Костей и суставных хрящей,ncd,16,
b|II|C43-C44,c|II,block,C43-C44,Кожи,Кожи,ncd,17,
b|II|C45-C49,c|II,block,C45-C49,Мезотелиальной и мягких тканей,Мезотелиальной и мягких тканей,ncd,18,
b|II|C50-C50,c|II,block,C50-C50,Молочной железы,Молочной железы,ncd,19,
b|II|C51-C58,c|II,block,C51-C58,Женских половых органов,Женских половых органов,ncd,20,
b|II|C60-C63,c|II,block,C60-C63,Мужских половых органов,Мужских половых органов,ncd,21,
b|II|C64-C68,c|II,block,C64-C68,Мочевых путей,Мочевых путей,ncd,22,
b|II|C69-C72,c|II,block,C69-C72,"Глаза, головного мозга и других отделов центральной нервной системы","Глаза, головного мозга и других отделов центральной нервной системы",ncd,23,
b|II|C73-C75,c|II,block,C73-C75,Щитовидной и других эндокринных желез,Щитовидной и других эндокринных желез,ncd,24,
b|II|C76-C80,c|II,block,C76-C80,"Злокачественные новообразования других, неточно обозначенных и вторичных локализаций","Злокачественные новообразования других, неточно обозначенных и вторичных локализаций",ncd,25,
b|II|C81-C96,c|II,block,C81-C96,"Злокачественные новообразования лимфоидной, кроветворной и родственных им тканей, которые обозначены как первичные или предположительно первичные","Злокачественные новообразования лимфоидной, кроветворной и родственных им тканей, которые обозначены как первичные или предположительно первичные",ncd,26,
b|II|C97-C97,c|II,block,C97-C97,"Злокачественные новообразования лимфоидной, кроветворной и родственных им тканей, которые обозначены как первичные или предположительно первичные","Злокачественные новообразования лимфоидной, кроветворной и родственных им тканей, которые обозначены как первичные или предположительно первичные",ncd,27,
b|II|D10-D36,c|II,block,D10-D36,Доброкачественные новообразования,Доброкачественные новообразования,ncd,28,
b|II|D37-D48,c|II,block,D37-D48,Новообразования неопределенного или неизвестного характера,Новообразования неопределенного или неизвестного характера,ncd,29,
b|III|D50-D53,c|III,block,D50-D53,"Анемии, связанные с питанием","Анемии, связанные с питанием",ncd,30,
b|III|D55-D59,c|III,block,D55-D59,Гемолитические анемии,Гемолитические анемии,ncd,31,
b|III|D60-D64,c|III,block,D60-D64,Апластические и другие анемии,Апластические и другие анемии,ncd,32,
b|III|D65-D69,c|III,block,D65-D69,Нарушения свёртывания крови,Нарушения свёртывания крови,ncd,33,
b|III|D70-D77,c|III,block,D70-D77,Другие болезни крови и кроветворных органов,Другие болезни крови и кроветворных органов,ncd,34,
b|III|D80-D89,c|III,block,D80-D89,Нарушения иммунного механизма,Нарушения иммунного механизма,ncd,35,
b|IV|E00-E07,c|IV,block,E00-E07,Болезни щитовидной железы,Болезни щитовидной железы,ncd,36,
b|IV|E10-E14,c|IV,block,E10-E14,Сахарный диабет,Сахарный диабет,ncd,37,
b|IV|E20-E35,c|IV,block,E20-E35,Нарушения других эндокринных желез,Нарушения других эндокринных желез,ncd,38,
b|IV|E40-E46,c|IV,block,E40-E46,Недостаточность питания,Недостаточность питания,ncd,39,
b|IV|E50-E64,c|IV,block,E50-E64,Другие виды недостаточности питания,Другие виды недостаточности питания,ncd,40,
b|IV|E65-E68,c|IV,block,E65-E68,Ожирение и другие виды избыточности питания,Ожирение и другие виды избыточности питания,ncd,41,
b|IV|E70-E90,c|IV,block,E70-E90,Нарушения обмена веществ,Нарушения обмена веществ,ncd,42,
b|IX|I05-I09,c|IX,block,I05-I09,Хронические ревматические болезни сердца,Хронические ревматические болезни сердца,ncd,43,
b|IX|I10-I15,c|IX,block,I10-I15,"Болезни, характеризующиеся повышенным кровяным давлением","Болезни, характеризующиеся повышенным кровяным давлением",ncd,44,
b|IX|I20-I25,c|IX,block,I20-I25,Ишемическая болезнь сердца,Ишемическая болезнь сердца,ncd,45,
b|IX|I26-I28,c|IX,block,I26-I28,Легочное сердце и нарушения легочного кровообращения,Легочное сердце и нарушения легочного кровообращения,ncd,46,
b|IX|I30-I52,c|IX,block,I30-I52,Другие болезни сердца,Другие болезни сердца,ncd,47,
b|IX|I60-I69,c|IX,block,I60-I69,Цереброваскулярные болезни,Цереброваскулярные болезни,ncd,48,
b|IX|I70-I79,c|IX,block,I70-I79,"Болезни артерий, артериол и капилляров","Болезни артерий, артериол и капилляров",ncd,49,
b|IX|I80-I89,c|IX,block,I80-I89,"Болезни вен, лимфатических сосудов и лимфатических узлов, не классифицированные в других рубриках","Болезни вен, лимфатических сосудов и лимфатических узлов, не классифицированные в других рубриках",ncd,50,
b|V|F00-F09,c|V,block,F00-F09,"Органические, включая симптоматические, психические расстройства","Органические, включая симптоматические, психические расстройства",ncd,51,
b|V|F10-F19,c|V,block,F10-F19,"Психические расстройства и расстройства поведения, связанные с употреблением психоактивных веществ","Психические расстройства и расстройства поведения, связанные с употреблением психоактивных веществ",ncd,52,
b|V|F20-F29,c|V,block,F20-F29,"Шизофрения, шизотипические и бредовые расстройства","Шизофрения, шизотипические и бредовые расстройства",ncd,53,
b|V|F70-F79,c|V,block,F70-F79,Умственная отсталость,Умственная отсталость,ncd,54,
b|VI|G00-G09,c|VI,block,G00-G09,Воспалительные болезни центральной нервной ситемы,Воспалительные болезни центральной нервной ситемы,ncd,55,
b|VI|G10-G14,c|VI,block,G10-G14,"Системные атрофии, поражающие преимущественно центральную нервную систему","Системные атрофии, поражающие преимущественно центральную нервную систему",ncd,56,
b|VI|G20-G26,c|VI,block,G20-G26,Экстрапирамидные и другие двигательные нарушения,Экстрапирамидные и другие двигательные нарушения,ncd,57,
b|VI|G30-G32,c|VI,block,G30-G32,Другие дегенеративные болезни центральной нервной системы,Другие дегенеративные болезни центральной нервной системы,ncd,58,
b|VI|G35-G37,c|VI,block,G35-G37,Демиелинизирующие болезни центральной нервной системы,Демиелинизирующие болезни центральной нервной системы,ncd,59,
b|VI|G40-G47,c|VI,block,G40-G47,Эпизодические и пароксизмальные расстройства,Эпизодические и пароксизмальные расстройства,ncd,60,
b|VI|G60-G64,c|VI,block,G60-G64,Полиневропатии и другие поражения периферической нервной системы,Полиневропатии и другие поражения периферической нервной системы,ncd,61,
b|VI|G70-G73,c|VI,block,G70-G73,Болезни нервно-мышечного синапса и мышц,Болезни нервно-мышечного синапса и мышц,ncd,62,
b|VI|G80-G83,c|VI,block,G80-G83,Церебральный паралич и другие паралитические синдромы,Церебральный паралич и другие паралитические синдромы,ncd,63,
b|VI|G90-G99,c|VI,block,G90-G99,Другие нарушения нервной системы,Другие нарушения нервной системы,ncd,64,
b|VIII|H60-H62,c|VIII,block,H60-H62,Болезни наружного уха,Болезни наружного уха,ncd,65,
b|VIII|H65-H75,c|VIII,block,H65-H75,Болезни среднего уха и сосцевидного отростка,Болезни среднего уха и сосцевидного отростка,ncd,66,
b|X|J00-J06,c|X,block,J00-J06,Острые респираторные инфекции верхних дыхательных путей,Острые респираторные инфекции верхних дыхательных путей,ncd,67,
b|X|J09-J18,c|X,block,J09-J18,Грипп и пневмония,Грипп и пневмония,ncd,68,
b|X|J30-J39,c|X,block,J30-J39,Другие болезни верхних дыхательных путей,Другие болезни верхних дыхательных путей,ncd,69,
b|X|J40-J47,c|X,block,J40-J47,Хронические болезни нижних дыхательных путей,Хронические болезни нижних дыхательных путей,ncd,70,
b|X|J60-J70,c|X,block,J60-J70,"Болезни легкого, вызванные внешними агентами","Болезни легкого, вызванные внешними агентами",ncd,71,
b|X|J80-J84,c|X,block,J80-J84,"Другие респираторные болезни, поражающие главным образом интерстициальную ткань","Другие респираторные болезни, поражающие главным образом интерстициальную ткань",ncd,72,
b|X|J85-J86,c|X,block,J85-J86,Гнойные и некротические состояния нижних дыхательных путей,Гнойные и некротические состояния нижних дыхательных путей,ncd,73,
b|X|J90-J94,c|X,block,J90-J94,Другие болезни плевры,Другие болезни плевры,ncd,74,
b|X|J95-J99,c|X,block,J95-J99,Другие болезни органов дыхания,Другие болезни органов дыхания,ncd,75,
b|XI|K00-K14,c|XI,block,K00-K14,"Болезни полости рта, слюнных желез и челюстей","Болезни полости рта, слюнных желез и челюстей",ncd,76,
b|XI|K20-K31,c|XI,block,K20-K31,"Болезни пищевода, желудка и двенадцатиперстной кишки","Болезни пищевода, желудка и двенадцатиперстной кишки",ncd,77,
b|XI|K35-K38,c|XI,block,K35-K38,Болезни аппендикса [червеобразного отростка],Болезни аппендикса [червеобразного отростка],ncd,78,
b|XI|K40-K46,c|XI,block,K40-K46,Грыжи,Грыжи,ncd,79,
b|XI|K50-K52,c|XI,block,K50-K52,Неинфекционные энтериты и колиты,Неинфекционные энтериты и колиты,ncd,80,
b|XI|K55-K64,c|XI,block,K55-K64,Другие болезни кишечника,Другие болезни кишечника,ncd,81,
b|XI|K65-K67,c|XI,block,K65-K67,Болезни брюшины,Болезни брюшины,ncd,82,
b|XI|K70-K77,c|XI,block,K70-K77,Болезни печени,Болезни печени,ncd,83,
b|XI|K80-K87,c|XI,block,K80-K87,"Болезни желчного пузыря, желчевыводящих путей и поджелудочной железы","Болезни желчного пузыря, желчевыводящих путей и поджелудочной железы",ncd,84,
b|XI|K90-K93,c|XI,block,K90-K93,Другие болезни органов пищеварения,Другие болезни органов пищеварения,ncd,85,
b|XII|L00-L08,c|XII,block,L00-L08,Инфекции кожи и подкожной клетчатки,Инфекции кожи и подкожной клетчатки,ncd,86,
b|XII|L40-L45,c|XII,block,L40-L45,Папулосквамозные нарушения,Папулосквамозные нарушения,ncd,87,
b|XII|L50-L54,c|XII,block,L50-L54,Крапивница и эритема,Крапивница и эритема,ncd,88,
b|XII|L60-L75,c|XII,block,L60-L75,Болезни придатков кожи,Болезни придатков кожи,ncd,89,
b|XII|L80-L99,c|XII,block,L80-L99,Другие болезни кожи и подкожной клетчатки,Другие болезни кожи и подкожной клетчатки,ncd,90,
b|XIII|M00-M25,c|XIII,block,M00-M25,Артропатии,Артропатии,ncd,91,
b|XIII|M30-M36,c|XIII,block,M30-M36,Системные поражения соединительной ткани,Системные поражения соединительной ткани,ncd,92,
b|XIII|M40-M54,c|XIII,block,M40-M54,Дорсопатии,Дорсопатии,ncd,93,
b|XIII|M60-M79,c|XIII,block,M60-M79,Болезни мягких тканей,Болезни мягких тканей,ncd,94,
b|XIII|M80-M94,c|XIII,block,M80-M94,Остеопатии и хондропатии,Остеопатии и хондропатии,ncd,95,
b|XIII|M95-M99,c|XIII,block,M95-M99,Другие нарушения костно-мышечной системы и соединительной ткани,Другие нарушения костно-мышечной системы и соединительной ткани,ncd,96,
b|XIV|N00-N08,c|XIV,block,N00-N08,Гломерулярные болезни,Гломерулярные болезни,ncd,97,
b|XIV|N10-N16,c|XIV,block,N10-N16,Тубулоинтерстициальные болезни почек,Тубулоинтерстициальные болезни почек,ncd,98,
b|XIV|N17-N19,c|XIV,block,N17-N19,Почечная недостаточность,Почечная недостаточность,ncd,99,
b|XIV|N20-N23,c|XIV,block,N20-N23,Мочекаменная болезнь,Мочекаменная болезнь,ncd,100,
b|XIV|N25-N29,c|XIV,block,N25-N29,Другие болезни почки и мочеточника,Другие болезни почки и мочеточника,ncd,101,
b|XIV|N30-N39,c|XIV,block,N30-N39,Другие болезни мочевыделительной системы,Другие болезни мочевыделительной системы,ncd,102,
b|XIV|N40-N51,c|XIV,block,N40-N51,Болезни мужских половых органов,Болезни мужских половых органов,ncd,103,
b|XIV|N60-N64,c|XIV,block,N60-N64,Болезни молочной железы,Болезни молочной железы,ncd,104,
b|XIV|N70-N77,c|XIV,block,N70-N77,Воспалительные болезни женских тазовых органов,Воспалительные болезни женских тазовых органов,ncd,105,
b|XIV|N80-N98,c|XIV,block,N80-N98,Невоспалительные болезни женских половых органов,Невоспалительные болезни женских половых органов,ncd,106,
b|XIX|S00-S09,c|XIX,block,S00-S09,Травмы головы,Травмы головы,injury,107,
b|XIX|S10-S19,c|XIX,block,S10-S19,Травмы шеи,Травмы шеи,injury,108,
b|XIX|S20-S29,c|XIX,block,S20-S29,Травмы грудной клетки,Травмы грудной клетки,injury,109,
b|XIX|S30-S39,c|XIX,block,S30-S39,"Травмы живота, нижней части спины, поясничного отдела позвоночника и таза","Травмы живота, нижней части спины, поясничного отдела позвоночника и таза",injury,110,
b|XIX|S40-S49,c|XIX,block,S40-S49,Травмы плечевого пояса и плеча,Травмы плечевого пояса и плеча,injury,111,
b|XIX|S50-S59,c|XIX,block,S50-S59,Травмы локтя и предплечья,Травмы локтя и предплечья,injury,112,
b|XIX|S60-S69,c|XIX,block,S60-S69,Травмы запястья и кисти,Травмы запястья и кисти,injury,113,
b|XIX|S70-S79,c|XIX,block,S70-S79,Травмы области тазобедренного сустава и бедра,Травмы области тазобедренного сустава и бедра,injury,114,
b|XIX|S80-S89,c|XIX,block,S80-S89,Травмы колена и голени,Травмы колена и голени,injury,115,
b|XIX|S90-S99,c|XIX,block,S90-S99,Травмы области голеностопного сустава и стопы,Травмы области голеностопного сустава и стопы,injury,116,
b|XIX|T00-T07,c|XIX,block,T00-T07,"Травмы, захватывающие несколько областей тела","Травмы, захватывающие несколько областей тела",injury,117,
b|XIX|T08-T14,c|XIX,block,T08-T14,"Травмы неуточненной части туловища, конечности или области тела","Травмы неуточненной части туловища, конечности или области тела",injury,118,
b|XIX|T15-T19,c|XIX,block,T15-T19,Последствия проникновения инородного тела через естественные отверстия,Последствия проникновения инородного тела через естественные отверстия,injury,119,
b|XIX|T20-T32,c|XIX,block,T20-T32,Термические и химические ожоги,Термические и химические ожоги,injury,120,
b|XIX|T33-T35,c|XIX,block,T33-T35,Отморожение,Отморожение,injury,121,
b|XIX|T36-T50,c|XIX,block,T36-T50,"Отравления лекарственными средствами, медикаментами и биологическими веществами","Отравления лекарственными средствами, медикаментами и биологическими веществами",injury,122,
b|XIX|T51-T65,c|XIX,block,T51-T65,"Токсическое действие веществ, преимущественно немедицинского назначения","Токсическое действие веществ, преимущественно немедицинского назначения",injury,123,
b|XIX|T66-T78,c|XIX,block,T66-T78,Другие и неуточненные эффекты воздействия внешних причин,Другие и неуточненные эффекты воздействия внешних причин,injury,124,
b|XIX|T79-T79,c|XIX,block,T79-T79,Некоторые ранние осложнения травмы,Некоторые ранние осложнения травмы,injury,125,
b|XIX|T80-T88,c|XIX,block,T80-T88,"Осложнения хирургических и терапевтических вмешательств, не классифицированные в других рубриках","Осложнения хирургических и терапевтических вмешательств, не классифицированные в других рубриках",injury,126,
b|XIX|T90-T98,c|XIX,block,T90-T98,"Последствия травм, отравлений и других воздействий внешних причин","Последствия травм, отравлений и других воздействий внешних причин",injury,127,
b|XV|O00-O08,c|XV,block,O00-O08,Беременность с абортивным исходом,Беременность с абортивным исходом,cmnn,128,
b|XV|O30-O48,c|XV,block,O30-O48,Медицинская помощь матери в связи с состоянием плода,Медицинская помощь матери в связи с состоянием плода,cmnn,129,
b|XV|O60-O75,c|XV,block,O60-O75,Осложнения родов и родоразрешения,Осложнения родов и родоразрешения,cmnn,130,
b|XV|O85-O92,c|XV,block,O85-O92,Осложнения послеродового периода,Осложнения послеродового периода,cmnn,131,
b|XV|O94-O99,c|XV,block,O94-O99,Другие акушерские состояния,Другие акушерские состояния,cmnn,132,
b|XVI|P00-P04,c|XVI,block,P00-P04,"Поражение плода и новорожденного, обусловленные состояниями матери, осложнениями беременности, родов и родоразрешения","Поражение плода и новорожденного, обусловленные состояниями матери, осложнениями беременности, родов и родоразрешения",cmnn,133,
b|XVI|P05-P08,c|XVI,block,P05-P08,"Расстройства, связанные с продолжительностью беременности и ростом плод","Расстройства, связанные с продолжительностью беременности и ростом плод",cmnn,134,
b|XVI|P10-P15,c|XVI,block,P10-P15,Родовая травма,Родовая травма,cmnn,135,
b|XVI|P20-P29,c|XVI,block,P20-P29,"Дыхательные и сердечно-сосудистые нарушения, характерные для перинатального периода","Дыхательные и сердечно-сосудистые нарушения, характерные для перинатального периода",cmnn,136,
b|XVI|P35-P39,c|XVI,block,P35-P39,"Инфекционные болезни, специфичные для перинатального периода","Инфекционные болезни, специфичные для перинатального периода",cmnn,137,
b|XVI|P50-P61,c|XVI,block,P50-P61,Геморрагические и гематологические нарушения у плода и новорожденного,Геморрагические и гематологические нарушения у плода и новорожденного,cmnn,138,
b|XVI|P75-P78,c|XVI,block,P75-P78,Расстройства системы пищеварения у плода и новорожденного,Расстройства системы пищеварения у плода и новорожденного,cmnn,139,
b|XVI|P80-P83,c|XVI,block,P80-P83,"Состояния, затрагивающие кожные покровы и терморегуляцию у плода и новорожденного","Состояния, затрагивающие кожные покровы и терморегуляцию у плода и новорожденного",cmnn,140,
b|XVI|P90-P96,c|XVI,block,P90-P96,"Другие нарушения, возникающие в перинатальном периоде","Другие нарушения, возникающие в перинатальном периоде",cmnn,141,
b|XVII|Q00-Q07,c|XVII,block,Q00-Q07,Врожденные аномалии развития нервной системы,Врожденные аномалии развития нервной системы,ncd,142,
b|XVII|Q20-Q28,c|XVII,block,Q20-Q28,Врожденные аномалии системы кровообращения,Врожденные аномалии системы кровообращения,ncd,143,
b|XVII|Q30-Q34,c|XVII,block,Q30-Q34,Врожденные аномалии органов дыхания,Врожденные аномалии органов дыхания,ncd,144,
b|XVII|Q38-Q45,c|XVII,block,Q38-Q45,Другие врожденные аномалии органов пищеварения,Другие врожденные аномалии органов пищеварения,ncd,145,
b|XVII|Q60-Q64,c|XVII,block,Q60-Q64,Врожденные аномалии мочевыделительной системы,Врожденные аномалии мочевыделительной системы,ncd,146,
b|XVII|Q65-Q79,c|XVII,block,Q65-Q79,Врожденные аномалии и деформации костно-мышечной системы,Врожденные аномалии и деформации костно-мышечной системы,ncd,147,
b|XVII|Q80-Q89,c|XVII,block,Q80-Q89,Другие врожденные аномалии,Другие врожденные аномалии,ncd,148,
b|XVIII|R50-R69,c|XVIII,block,R50-R69,Общие симптомы и признаки,Общие симптомы и признаки,ncd,149,
b|XVIII|R95-R99,c|XVIII,block,R95-R99,Неточно обозначенные и неизвестные причины смерти,Неточно обозначенные и неизвестные причины смерти,ncd,150,
b|XXII|U00-U49,c|XXII,block,U00-U49,Предварительное назначение новых заболеваний неопределенной этиологии или использования в чрезвычайных ситуациях,Предварительное назначение новых заболеваний неопределенной этиологии или использования в чрезвычайных ситуациях,ncd,151,
d|A02,b|I|A00-A09,code,A02,Сальмонеллезный энтерит,Сальмонеллезный энтерит,cmnn,1,
d|A04,b|I|A00-A09,code,A04,"Энтероколит, вызванный Clostridium difficile","Энтероколит, вызванный Clostridium difficile",cmnn,2,
d|A05,b|I|A00-A09,code,A05,Бактериальное пищевое отравление неуточненное,Бактериальное пищевое отравление неуточненное,cmnn,3,
d|A08,b|I|A00-A09,code,A08,Ротавирусный энтерит,Ротавирусный энтерит,cmnn,4,
d|A09,b|I|A00-A09,code,A09,Другой и неуточненный гастроэнтерит и колит инфекционного происхождения,Другой и неуточненный гастроэнтерит и колит инфекционного происхождения,cmnn,5,
d|A15,b|I|A15-A19,code,A15,"Туберкулез легких, подтвержденный гистологически","Туберкулез легких, подтвержденный гистологически",cmnn,6,
d|A16,b|I|A15-A19,code,A16,Туберкулез легких без упоминания о бактериологическом или гистологическом подтверждении,Туберкулез легких без упоминания о бактериологическом или гистологическом подтверждении,cmnn,7,
d|A18,b|I|A15-A19,code,A18,Туберкулез других органов,Туберкулез других органов,cmnn,8,
d|A19,b|I|A15-A19,code,A19,Острый милиарный туберкулез одной уточненной локализации,Острый милиарный туберкулез одной уточненной локализации,cmnn,9,
d|A31,b|I|A30-A49,code,A31,Инфекция вызванная Mycobacterium,Инфекция вызванная Mycobacterium,cmnn,10,
d|A32,b|I|A30-A49,code,A32,Листериозный менингит и менингоэнцефалит,Листериозный менингит и менингоэнцефалит,cmnn,11,
d|A39,b|I|A30-A49,code,A39,Острая менингококковая эндокардит,Острая менингококковая эндокардит,cmnn,12,
d|A46,b|I|A30-A49,code,A46,Рожа,Рожа,cmnn,13,
d|A48,b|I|A30-A49,code,A48,Газовая гангрена,Газовая гангрена,cmnn,14,
d|A49,b|I|A30-A49,code,A49,Бактериальная инфекция неуточненная,Бактериальная инфекция неуточненная,cmnn,15,
d|A52,b|I|A50-A64,code,A52,Нейросифилис с симптомами,Нейросифилис с симптомами,cmnn,16,
d|A84,b|I|A80-A89,code,A84,Энцефалит вызванный клещом,Энцефалит вызванный клещом,cmnn,17,
d|A86,b|I|A80-A89,code,A86,Вирусный энцефалит неуточненный,Вирусный энцефалит неуточненный,cmnn,18,
d|B00,b|I|B00-B09,code,B00,Герпетическая энцефалит,Герпетическая энцефалит,cmnn,19,
d|B18,b|I|B15-B19,code,B18,Хронический вирусный гепатит C,Хронический вирусный гепатит C,cmnn,20,
d|B20,b|I|B20-B24,code,B20,"Болезнь, вызванная ВИЧ, с проявлениями множественных инфекций","Болезнь, вызванная ВИЧ, с проявлениями множественных инфекций",cmnn,21,
d|B21,b|I|B20-B24,code,B21,"Болезнь, вызванная ВИЧ, с проявлениями других злокачественных новообразований","Болезнь, вызванная ВИЧ, с проявлениями других злокачественных новообразований",cmnn,22,
d|B22,b|I|B20-B24,code,B22,"Болезнь, вызванная ВИЧ, с проявлениями изнуряющего синдрома","Болезнь, вызванная ВИЧ, с проявлениями изнуряющего синдрома",cmnn,23,
d|B23,b|I|B20-B24,code,B23,"Болезнь, вызванная ВИЧ, с проявлениями (персистентной) генерализованной лимфаденопатии","Болезнь, вызванная ВИЧ, с проявлениями (персистентной) генерализованной лимфаденопатии",cmnn,24,
d|B24,b|I|B20-B24,code,B24,"Болезнь, вызванная вирусом иммунодефицита человека [ВИЧ], неуточненная","Болезнь, вызванная вирусом иммунодефицита человека [ВИЧ], неуточненная",cmnn,25,
d|B27,b|I|B25-B34,code,B27,Гамма-герпесвирусный мононуклеоз,Гамма-герпесвирусный мононуклеоз,cmnn,26,
d|B34,b|I|B25-B34,code,B34,Другие вирусные инфекции,Другие вирусные инфекции,cmnn,27,
d|B44,b|I|B35-B49,code,B44,Инвазивный аспергиллез,Инвазивный аспергиллез,cmnn,28,
d|B83,b|I|B65-B83,code,B83,Гельминтоз неуточненный,Гельминтоз неуточненный,cmnn,29,
d|B90,b|I|B90-B94,code,B90,Отдаленные последствия туберкулеза органов дыхания и неуточненного туберкулеза,Отдаленные последствия туберкулеза органов дыхания и неуточненного туберкулеза,cmnn,30,
d|B91,b|I|B90-B94,code,B91,Последствия полиомиелита,Последствия полиомиелита,cmnn,31,
d|B94,b|I|B90-B94,code,B94,Последствия вирусного энцефалита,Последствия вирусного энцефалита,cmnn,32,
d|C00,b|II|C00-C14,code,C00,"Злокачественное новообразование губы, выходящее за пределы одной и более вышеуказанных локализаций","Злокачественное новообразование губы, выходящее за пределы одной и более вышеуказанных локализаций",ncd,33,
d|C01,b|II|C00-C14,code,C01,Злокачественные новообразования основания языка,Злокачественные новообразования основания языка,ncd,34,
d|C02,b|II|C00-C14,code,C02,"Злокачественное новообразование языка, выходящее за пределы одной и более вышеуказанных локализаций","Злокачественное новообразование языка, выходящее за пределы одной и более вышеуказанных локализаций",ncd,35,
d|C03,b|II|C00-C14,code,C03,Злокачественное новообразование десны нижней челюсти,Злокачественное новообразование десны нижней челюсти,ncd,36,
d|C04,b|II|C00-C14,code,C04,"Злокачественное новообразование дна полости рта, выходящее за пределы одной и более вышеуказанных локализаций","Злокачественное новообразование дна полости рта, выходящее за пределы одной и более вышеуказанных локализаций",ncd,37,
d|C05,b|II|C00-C14,code,C05,Злокачественное новообразование мягкого неба,Злокачественное новообразование мягкого неба,ncd,38,
d|C06,b|II|C00-C14,code,C06,Злокачественное новообразование слизистой оболочки щеки,Злокачественное новообразование слизистой оболочки щеки,ncd,39,
d|C07,b|II|C00-C14,code,C07,Злокачественное новообразование околоушной слюнной железы,Злокачественное новообразование околоушной слюнной железы,ncd,40,
d|C08,b|II|C00-C14,code,C08,"Злокачественное новообразование больших слюнных желез, выходящее за пределы одной и более вышеуказанных локализаций","Злокачественное новообразование больших слюнных желез, выходящее за пределы одной и более вышеуказанных локализаций",ncd,41,
d|C09,b|II|C00-C14,code,C09,"Злокачественное новообразование миндалины, выходящее за пределы одной и более вышеуказанных локализаций","Злокачественное новообразование миндалины, выходящее за пределы одной и более вышеуказанных локализаций",ncd,42,
d|C10,b|II|C00-C14,code,C10,"Злокачественное новообразование ротоглотки, выходящее за пределы одной и более вышеуказанных локализаций","Злокачественное новообразование ротоглотки, выходящее за пределы одной и более вышеуказанных локализаций",ncd,43,
d|C11,b|II|C00-C14,code,C11,"Злокачественное новообразование носоглотки, выходящее за пределы одной и более вышеуказанных локализаций","Злокачественное новообразование носоглотки, выходящее за пределы одной и более вышеуказанных локализаций",ncd,44,
d|C12,b|II|C00-C14,code,C12,Злокачественное новообразование грушевидного синуса,Злокачественное новообразование грушевидного синуса,ncd,45,
d|C13,b|II|C00-C14,code,C13,"Злокачественное новообразование нижней части глотки, выходящее за пределы одной и более вышеуказанных локализаций","Злокачественное новообразование нижней части глотки, выходящее за пределы одной и более вышеуказанных локализаций",ncd,46,
d|C14,b|II|C00-C14,code,C14,"Злокачественное новообразование губы, полости рта и глотки, выходящее за пределы одной и более вышеуказанных локализаций","Злокачественное новообразование губы, полости рта и глотки, выходящее за пределы одной и более вышеуказанных локализаций",ncd,47,
d|C15,b|II|C15-C26,code,C15,"Злокачественное новообразование пищевода, выходящее за пределы одной и более вышеуказанных локализаций","Злокачественное новообразование пищевода, выходящее за пределы одной и более вышеуказанных локализаций",ncd,48,
d|C16,b|II|C15-C26,code,C16,"Злокачественное новообразование желудка, выходящее за пределы одной и более вышеуказанных локализаций","Злокачественное новообразование желудка, выходящее за пределы одной и более вышеуказанных локализаций",ncd,49,
d|C17,b|II|C15-C26,code,C17,Злокачественное новообразование двенадцатиперстной кишки,Злокачественное новообразование двенадцатиперстной кишки,ncd,50,
d|C18,b|II|C15-C26,code,C18,Злокачественное новообразование сигмовидной кишки,Злокачественное новообразование сигмовидной кишки,ncd,51,
d|C19,b|II|C15-C26,code,C19,Злокачественное новообразование ректосигмоидного соединения,Злокачественное новообразование ректосигмоидного соединения,ncd,52,
d|C20,b|II|C15-C26,code,C20,Злокачественное новообразование прямой кишки,Злокачественное новообразование прямой кишки,ncd,53,
d|C21,b|II|C15-C26,code,C21,"Злокачественное новообразование прямой кишки, заднего прохода [ануса] и анального канала, выходящее за пределы вышеуказанных локализаций","Злокачественное новообразование прямой кишки, заднего прохода [ануса] и анального канала, выходящее за пределы вышеуказанных локализаций",ncd,54,
d|C22,b|II|C15-C26,code,C22,Печеночноклеточный рак,Печеночноклеточный рак,ncd,55,
d|C23,b|II|C15-C26,code,C23,Злокачественное новообразование желчного пузыря,Злокачественное новообразование желчного пузыря,ncd,56,
d|C24,b|II|C15-C26,code,C24,Злокачественное новообразование внепеченочного желчного протока,Злокачественное новообразование внепеченочного желчного протока,ncd,57,
d|C25,b|II|C15-C26,code,C25,Злокачественное новообразование головки поджелудочной железы,Злокачественное новообразование головки поджелудочной железы,ncd,58,
d|C26,b|II|C15-C26,code,C26,Злокачественное новообразование других органов пищеварения,Злокачественное новообразование других органов пищеварения,ncd,59,
d|C30,b|II|C30-C39,code,C30,Злокачественное новообразование полости носа,Злокачественное новообразование полости носа,ncd,60,
d|C31,b|II|C30-C39,code,C31,"Злокачественное новообразование придаточных пазух, выходящее за пределы одной и более вышеуказанных локализаций","Злокачественное новообразование придаточных пазух, выходящее за пределы одной и более вышеуказанных локализаций",ncd,61,
d|C32,b|II|C30-C39,code,C32,"Злокачественное новообразование гортани, выходящее за пределы одной и более вышеуказанных локализаций","Злокачественное новообразование гортани, выходящее за пределы одной и более вышеуказанных локализаций",ncd,62,
d|C33,b|II|C30-C39,code,C33,Злокачественное новообразование трахеи,Злокачественное новообразование трахеи,ncd,63,
d|C34,b|II|C30-C39,code,C34,"Злокачественное новообразование бронхов или легкого, выходящее за пределы одной и более вышеуказанных локализаций","Злокачественное новообразование бронхов или легкого, выходящее за пределы одной и более вышеуказанных локализаций",ncd,64,
d|C37,b|II|C30-C39,code,C37,Злокачественное новообразование тимуса,Злокачественное новообразование тимуса,ncd,65,
d|C38,b|II|C30-C39,code,C38,Злокачественное новообразование плевры,Злокачественное новообразование плевры,ncd,66,
d|C39,b|II|C30-C39,code,C39,Злокачественное новообразование органов дыхания,Злокачественное новообразование органов дыхания,ncd,67,
d|C40,b|II|C40-C41,code,C40,Злокачественное новообразование длинных костей нижней конечности,Злокачественное новообразование длинных костей нижней конечности,ncd,68,
d|C41,b|II|C40-C41,code,C41,"Злокачественное новообразование костей таза, крестца и копчика","Злокачественное новообразование костей таза, крестца и копчика",ncd,69,
d|C43,b|II|C43-C44,code,C43,Злокачественная меланома туловища,Злокачественная меланома туловища,ncd,70,
d|C44,b|II|C43-C44,code,C44,Другие злокачественные новообразования кожи других и неуточненных частей лица,Другие злокачественные новообразования кожи других и неуточненных частей лица,ncd,71,
d|C45,b|II|C45-C49,code,C45,Мезотелиома плевры,Мезотелиома плевры,ncd,72,
d|C47,b|II|C45-C49,code,C47,"Злокачественное новообразование периферических нервов верхней конечности, включая область плечевого пояса","Злокачественное новообразование периферических нервов верхней конечности, включая область плечевого пояса",ncd,73,
d|C48,b|II|C45-C49,code,C48,Злокачественное новообразование забрюшинного пространства,Злокачественное новообразование забрюшинного пространства,ncd,74,
d|C49,b|II|C45-C49,code,C49,"Злокачественное новообразование соединительной и мягких тканей нижней конечности, включая тазобедренную область","Злокачественное новообразование соединительной и мягких тканей нижней конечности, включая тазобедренную область",ncd,75,
d|C50,b|II|C50-C50,code,C50,"Злокачественное новообразование молочной железы, выходящее за пределы одной и более вышеуказанных локализаций","Злокачественное новообразование молочной железы, выходящее за пределы одной и более вышеуказанных локализаций",ncd,76,
d|C51,b|II|C51-C58,code,C51,"Злокачественное новообразование вульвы, выходящее за пределы одной и более вышеуказанных локализаций","Злокачественное новообразование вульвы, выходящее за пределы одной и более вышеуказанных локализаций",ncd,77,
d|C52,b|II|C51-C58,code,C52,Злокачественное новообразование влагалища,Злокачественное новообразование влагалища,ncd,78,
d|C53,b|II|C51-C58,code,C53,"Злокачественное новообразование шейки матки, выходящее за пределы одной и более вышеуказанных локализаций","Злокачественное новообразование шейки матки, выходящее за пределы одной и более вышеуказанных локализаций",ncd,79,
d|C54,b|II|C51-C58,code,C54,"Злокачественное новообразование тела матки, выходящее за пределы одной и более вышеуказанных локализаций","Злокачественное новообразование тела матки, выходящее за пределы одной и более вышеуказанных локализаций",ncd,80,
d|C55,b|II|C51-C58,code,C55,Злокачественное новообразование матки,Злокачественное новообразование матки,ncd,81,
d|C56,b|II|C51-C58,code,C56,Злокачественное новообразование яичника,Злокачественное новообразование яичника,ncd,82,
d|C57,b|II|C51-C58,code,C57,Злокачественное новообразование женских половых органов,Злокачественное новообразование женских половых органов,ncd,83,
d|C60,b|II|C60-C63,code,C60,Злокачественное новообразование крайней плоти,Злокачественное новообразование крайней плоти,ncd,84,
d|C61,b|II|C60-C63,code,C61,Злокачественное новообразование предстательной железы,Злокачественное новообразование предстательной железы,ncd,85,
d|C62,b|II|C60-C63,code,C62,Злокачественное новообразование опущенного яичка,Злокачественное новообразование опущенного яичка,ncd,86,
d|C63,b|II|C60-C63,code,C63,Злокачественное новообразование мужских половых органов,Злокачественное новообразование мужских половых органов,ncd,87,
d|C64,b|II|C64-C68,code,C64,"Злокачественное новообразование почки, кроме почечной лоханки","Злокачественное новообразование почки, кроме почечной лоханки",ncd,88,
d|C65,b|II|C64-C68,code,C65,Злокачественное новообразование почечных лоханок,Злокачественное новообразование почечных лоханок,ncd,89,
d|C66,b|II|C64-C68,code,C66,Злокачественное новообразование мочеточника,Злокачественное новообразование мочеточника,ncd,90,
d|C67,b|II|C64-C68,code,C67,"Злокачественное новообразование мочевого пузыря, выходящее за пределы одной и более вышеуказанных локализаций","Злокачественное новообразование мочевого пузыря, выходящее за пределы одной и более вышеуказанных локализаций",ncd,91,
d|C68,b|II|C64-C68,code,C68,"Злокачественное новообразование мочевых органов, выходящее за пределы одной и более вышеуказанных локализаций","Злокачественное новообразование мочевых органов, выходящее за пределы одной и более вышеуказанных локализаций",ncd,92,
d|C69,b|II|C69-C72,code,C69,Злокачественное новообразование сосудистой оболочки,Злокачественное новообразование сосудистой оболочки,ncd,93,
d|C70,b|II|C69-C72,code,C70,Злокачественное новообразование оболочек головного мозга,Злокачественное новообразование оболочек головного мозга,ncd,94,
d|C71,b|II|C69-C72,code,C71,"Злокачественное новообразование головного мозга, выходящее за пределы одной и более вышеуказанных локализаций","Злокачественное новообразование головного мозга, выходящее за пределы одной и более вышеуказанных локализаций",ncd,95,
d|C72,b|II|C69-C72,code,C72,Злокачественное новообразование спинного мозга,Злокачественное новообразование спинного мозга,ncd,96,
d|C73,b|II|C73-C75,code,C73,Злокачественное новообразование щитовидной железы,Злокачественное новообразование щитовидной железы,ncd,97,
d|C74,b|II|C73-C75,code,C74,Злокачественное новообразование коры надпочечника,Злокачественное новообразование коры надпочечника,ncd,98,
d|C75,b|II|C73-C75,code,C75,Злокачественное новообразование гипофиза,Злокачественное новообразование гипофиза,ncd,99,
d|C76,b|II|C76-C80,code,C76,"Злокачественное новообразование других и неточно обозначенных локализаций, выходящее за пределы одной и более вышеуказанных локализаций","Злокачественное новообразование других и неточно обозначенных локализаций, выходящее за пределы одной и более вышеуказанных локализаций",ncd,100,
d|C77,b|II|C76-C80,code,C77,Вторичное злокачественное новообразование лимфатических узлов головы и шеи,Вторичное злокачественное новообразование лимфатических узлов головы и шеи,ncd,101,
d|C78,b|II|C76-C80,code,C78,Вторичное злокачественное новообразование брюшины,Вторичное злокачественное новообразование брюшины,ncd,102,
d|C79,b|II|C76-C80,code,C79,Вторичное злокачественное новообразование других уточненных локализаций,Вторичное злокачественное новообразование других уточненных локализаций,ncd,103,
d|C80,b|II|C76-C80,code,C80,Злокачественное новообразование неуточненное,Злокачественное новообразование неуточненное,ncd,104,
d|C81,b|II|C81-C96,code,C81,(Классическая) лимфома Ходжкина [Hodgkin] с нодулярным склерозом,(Классическая) лимфома Ходжкина [Hodgkin] с нодулярным склерозом,ncd,105,
d|C82,b|II|C81-C96,code,C82,Фолликулярная лимфома,Фолликулярная лимфома,ncd,106,
d|C83,b|II|C81-C96,code,C83,Диффузная В-крупноклеточная лимфома,Диффузная В-крупноклеточная лимфома,ncd,107,
d|C84,b|II|C81-C96,code,C84,"Периферическая Т-клеточная лимфома, не классифицированная в других рубриках","Периферическая Т-клеточная лимфома, не классифицированная в других рубриках",ncd,108,
d|C85,b|II|C81-C96,code,C85,B-клеточная лимфома неуточненная,B-клеточная лимфома неуточненная,ncd,109,
d|C88,b|II|C81-C96,code,C88,Макроглобулинемия Вальденстрема,Макроглобулинемия Вальденстрема,ncd,110,
d|C90,b|II|C81-C96,code,C90,Множественная миелома,Множественная миелома,ncd,111,
d|C91,b|II|C81-C96,code,C91,В-клеточный хронический лимфоцитарный лейкоз,В-клеточный хронический лимфоцитарный лейкоз,ncd,112,
d|C92,b|II|C81-C96,code,C92,Острый миелобластный лейкоз [ОМЛ],Острый миелобластный лейкоз [ОМЛ],ncd,113,
d|C93,b|II|C81-C96,code,C93,Острый монобластный/моноцитарный лейкоз,Острый монобластный/моноцитарный лейкоз,ncd,114,
d|C94,b|II|C81-C96,code,C94,Острый моноцитарный лейкоз,Острый моноцитарный лейкоз,ncd,115,
d|C95,b|II|C81-C96,code,C95,Острый лейкоз неуточненного клеточного типа,Острый лейкоз неуточненного клеточного типа,ncd,116,
d|C96,b|II|C81-C96,code,C96,Злокачественное новообразование лимфоидной ткани,Злокачественное новообразование лимфоидной ткани,ncd,117,
d|C97,b|II|C97-C97,code,C97,Злокачественное новообразование самостоятельных (первичных) множественных локализаций,Злокачественное новообразование самостоятельных (первичных) множественных локализаций,ncd,118,
d|D10,b|II|D10-D36,code,D10,Доброкачественное новообразование гортаноглотки,Доброкачественное новообразование гортаноглотки,ncd,119,
d|D12,b|II|D10-D36,code,D12,Доброкачественное новообразование нисходящей ободочной кишки,Доброкачественное новообразование нисходящей ободочной кишки,ncd,120,
d|D13,b|II|D10-D36,code,D13,Доброкачественное новообразование двенадцатиперстной кишки,Доброкачественное новообразование двенадцатиперстной кишки,ncd,121,
d|D15,b|II|D10-D36,code,D15,Доброкачественное новообразование сердца,Доброкачественное новообразование сердца,ncd,122,
d|D16,b|II|D10-D36,code,D16,Доброкачественное новообразование костей черепа,Доброкачественное новообразование костей черепа,ncd,123,
d|D17,b|II|D10-D36,code,D17,Доброкачественное новообразование жировой ткани органов грудной клетки,Доброкачественное новообразование жировой ткани органов грудной клетки,ncd,124,
d|D18,b|II|D10-D36,code,D18,Гемангиома любой локализации,Гемангиома любой локализации,ncd,125,
d|D25,b|II|D10-D36,code,D25,Интрамуральная лейомиома матки,Интрамуральная лейомиома матки,ncd,126,
d|D27,b|II|D10-D36,code,D27,Доброкачественное новообразование яичника,Доброкачественное новообразование яичника,ncd,127,
d|D29,b|II|D10-D36,code,D29,Доброкачественное новообразование предстательной железы,Доброкачественное новообразование предстательной железы,ncd,128,
d|D30,b|II|D10-D36,code,D30,Доброкачественное новообразование мочевого пузыря,Доброкачественное новообразование мочевого пузыря,ncd,129,
d|D32,b|II|D10-D36,code,D32,Доброкачественное новообразование оболочек головного мозга,Доброкачественное новообразование оболочек головного мозга,ncd,130,
d|D33,b|II|D10-D36,code,D33,Доброкачественное новообразование головного мозга,Доброкачественное новообразование головного мозга,ncd,131,
d|D35,b|II|D10-D36,code,D35,Доброкачественное новообразование гипофиза,Доброкачественное новообразование гипофиза,ncd,132,
d|D36,b|II|D10-D36,code,D36,Доброкачественное новообразование периферических нервов,Доброкачественное новообразование периферических нервов,ncd,133,
d|D37,b|II|D37-D48,code,D37,Новообразование неопределенного поведения поджелудочной железы,Новообразование неопределенного поведения поджелудочной железы,ncd,134,
d|D38,b|II|D37-D48,code,D38,Новообразование неопределенного поведения трахеи,Новообразование неопределенного поведения трахеи,ncd,135,
d|D39,b|II|D37-D48,code,D39,Новообразование неопределенного поведения яичника,Новообразование неопределенного поведения яичника,ncd,136,
d|D40,b|II|D37-D48,code,D40,Новообразование неопределенного поведения предстательной железы,Новообразование неопределенного поведения предстательной железы,ncd,137,
d|D41,b|II|D37-D48,code,D41,Новообразование неопределенного или неизвестного характера почки,Новообразование неопределенного или неизвестного характера почки,ncd,138,
d|D42,b|II|D37-D48,code,D42,Новообразование неопределенного поведения мозговых оболочек,Новообразование неопределенного поведения мозговых оболочек,ncd,139,
d|D43,b|II|D37-D48,code,D43,Новообразование неопределенного или неизвестного характера головного мозга над мозговым наметом,Новообразование неопределенного или неизвестного характера головного мозга над мозговым наметом,ncd,140,
d|D44,b|II|D37-D48,code,D44,Новообразование неопределенного поведения гипофиза,Новообразование неопределенного поведения гипофиза,ncd,141,
d|D45,b|II|D37-D48,code,D45,Полицитемия истинная,Полицитемия истинная,ncd,142,
d|D46,b|II|D37-D48,code,D46,Другие миелодиспластические синдромы,Другие миелодиспластические синдромы,ncd,143,
d|D47,b|II|D37-D48,code,D47,Хроническая миелопролиферативная болезнь,Хроническая миелопролиферативная болезнь,ncd,144,
d|D48,b|II|D37-D48,code,D48,Новообразование неопределенного поведения брюшины,Новообразование неопределенного поведения брюшины,ncd,145,
d|D50,b|III|D50-D53,code,D50,Другие железодефицитные анемии,Другие железодефицитные анемии,ncd,146,
d|D52,b|III|D50-D53,code,D52,Фолиеводефицитная анемия неуточненная,Фолиеводефицитная анемия неуточненная,ncd,147,
d|D59,b|III|D55-D59,code,D59,Другие гемолитические анемии,Другие гемолитические анемии,ncd,148,
d|D60,b|III|D60-D64,code,D60,Хроническая приобретенная чистая красноклеточная аплазия,Хроническая приобретенная чистая красноклеточная аплазия,ncd,149,
d|D61,b|III|D60-D64,code,D61,Идиопатическая апластическая анемия,Идиопатическая апластическая анемия,ncd,150,
d|D65,b|III|D65-D69,code,D65,Диссеминированное внутрисосудистое свертывание [ДВС-синдром],Диссеминированное внутрисосудистое свертывание [ДВС-синдром],ncd,151,
d|D68,b|III|D65-D69,code,D68,"Геморрагические нарушения, обусловленные циркулирующими в крови антикоагулянтами","Геморрагические нарушения, обусловленные циркулирующими в крови антикоагулянтами",ncd,152,
d|D69,b|III|D65-D69,code,D69,Идиопатическая тромбоцитопеническая пурпура,Идиопатическая тромбоцитопеническая пурпура,ncd,153,
d|D70,b|III|D70-D77,code,D70,Агранулоцитоз,Агранулоцитоз,ncd,154,
d|D73,b|III|D70-D77,code,D73,Абсцесс селезенки,Абсцесс селезенки,ncd,155,
d|D86,b|III|D80-D89,code,D86,Саркоидоз других уточненных и комбинированных локализаций,Саркоидоз других уточненных и комбинированных локализаций,ncd,156,
d|E04,b|IV|E00-E07,code,E04,Нетоксический многоузловой зоб,Нетоксический многоузловой зоб,ncd,157,
d|E05,b|IV|E00-E07,code,E05,Тиреотоксикоз с диффузным зобом,Тиреотоксикоз с диффузным зобом,ncd,158,
d|E06,b|IV|E00-E07,code,E06,Аутоиммунный тиреоидит,Аутоиммунный тиреоидит,ncd,159,
d|E10,b|IV|E10-E14,code,E10,Инсулинзависимый сахарный диабет с множественными осложнениями,Инсулинзависимый сахарный диабет с множественными осложнениями,ncd,160,
d|E11,b|IV|E10-E14,code,E11,Инсулиннезависимый сахарный диабет с множественными осложнениями,Инсулиннезависимый сахарный диабет с множественными осложнениями,ncd,161,
d|E13,b|IV|E10-E14,code,E13,Другой уточненный сахарный диабет с множественными осложнениями,Другой уточненный сахарный диабет с множественными осложнениями,ncd,162,
d|E14,b|IV|E10-E14,code,E14,Сахарный диабет неуточненный с поражением почек,Сахарный диабет неуточненный с поражением почек,ncd,163,
d|E23,b|IV|E20-E35,code,E23,Гипопитуитаризм,Гипопитуитаризм,ncd,164,
d|E26,b|IV|E20-E35,code,E26,Первичный гиперальдостеронизм,Первичный гиперальдостеронизм,ncd,165,
d|E43,b|IV|E40-E46,code,E43,Выраженная белково-энергетическая недостаточность,Выраженная белково-энергетическая недостаточность,ncd,166,
d|E44,b|IV|E40-E46,code,E44,Умеренная белково-энергетическая недостаточность,Умеренная белково-энергетическая недостаточность,ncd,167,
d|E51,b|IV|E50-E64,code,E51,Болезнь Вернике,Болезнь Вернике,ncd,168,
d|E66,b|IV|E65-E68,code,E66,"Крайняя степень ожирения, сопровождаемая альвеолярной гиповентиляцией","Крайняя степень ожирения, сопровождаемая альвеолярной гиповентиляцией",ncd,169,
d|E68,b|IV|E65-E68,code,E68,Последствия гиперфагии,Последствия гиперфагии,ncd,170,
d|E71,b|IV|E70-E90,code,E71,Другие виды нарушений обмена аминокислот с разветвленной цепью,Другие виды нарушений обмена аминокислот с разветвленной цепью,ncd,171,
d|E72,b|IV|E70-E90,code,E72,Нарушения транспорта аминокислот,Нарушения транспорта аминокислот,ncd,172,
d|E74,b|IV|E70-E90,code,E74,Другие нарушения углеводного обмена,Другие нарушения углеводного обмена,ncd,173,
d|E75,b|IV|E70-E90,code,E75,Другие ганглиозидозы,Другие ганглиозидозы,ncd,174,
d|E76,b|IV|E70-E90,code,E76,Муковисцидоз,Муковисцидоз,ncd,175,
d|E78,b|IV|E70-E90,code,E78,Чистая гиперхолестеринемия,Чистая гиперхолестеринемия,ncd,176,
d|E83,b|IV|E70-E90,code,E83,Нарушения обмена меди,Нарушения обмена меди,ncd,177,
d|E84,b|IV|E70-E90,code,E84,Кистозный фиброз с другими проявлениями,Кистозный фиброз с другими проявлениями,ncd,178,
d|E85,b|IV|E70-E90,code,E85,Амилоидоз неуточненный,Амилоидоз неуточненный,ncd,179,
d|F01,b|V|F00-F09,code,F01,Смешанная корковая и подкорковая сосудистая деменция,Смешанная корковая и подкорковая сосудистая деменция,ncd,180,
d|F03,b|V|F00-F09,code,F03,Деменция неуточненная,Деменция неуточненная,ncd,181,
d|F07,b|V|F00-F09,code,F07,"Органическое расстройство личности и поведения, обусловленное болезнью, повреждением или дисфункцией головного мозга, неуточненное","Органическое расстройство личности и поведения, обусловленное болезнью, повреждением или дисфункцией головного мозга, неуточненное",ncd,182,
d|F10,b|V|F10-F19,code,F10,Алкогольная зависимость,Алкогольная зависимость,ncd,183,
d|F11,b|V|F10-F19,code,F11,Зависимость от опиоидов,Зависимость от опиоидов,ncd,184,
d|F20,b|V|F20-F29,code,F20,Параноидная шизофрения,Параноидная шизофрения,ncd,185,
d|F79,b|V|F70-F79,code,F79,Умственная отсталость неуточненная,Умственная отсталость неуточненная,ncd,186,
d|G00,b|VI|G00-G09,code,G00,Бактериальный менингит неуточненный,Бактериальный менингит неуточненный,ncd,187,
d|G03,b|VI|G00-G09,code,G03,"Менингит, вызванный другими уточненными возбудителями","Менингит, вызванный другими уточненными возбудителями",ncd,188,
d|G04,b|VI|G00-G09,code,G04,"Бактериальный менингоэнцефалит и менингомиелит, не классифицированный в других рубриках","Бактериальный менингоэнцефалит и менингомиелит, не классифицированный в других рубриках",ncd,189,
d|G06,b|VI|G00-G09,code,G06,Внутричерепной абсцесс и гранулема,Внутричерепной абсцесс и гранулема,ncd,190,
d|G08,b|VI|G00-G09,code,G08,Внутричерепной флебит,Внутричерепной флебит,ncd,191,
d|G09,b|VI|G00-G09,code,G09,Последствия воспалительных болезней центральной нервной системы,Последствия воспалительных болезней центральной нервной системы,ncd,192,
d|G10,b|VI|G10-G14,code,G10,Болезнь Гентингтона,Болезнь Гентингтона,ncd,193,
d|G11,b|VI|G10-G14,code,G11,Поздняя мозжечковая атаксия,Поздняя мозжечковая атаксия,ncd,194,
d|G12,b|VI|G10-G14,code,G12,Болезнь двигательного неврона,Болезнь двигательного неврона,ncd,195,
d|G20,b|VI|G20-G26,code,G20,Болезнь Паркинсона,Болезнь Паркинсона,ncd,196,
d|G21,b|VI|G20-G26,code,G21,Сосудистый паркинсонизм,Сосудистый паркинсонизм,ncd,197,
d|G23,b|VI|G20-G26,code,G23,Другие болезни базальных ганглиев,Другие болезни базальных ганглиев,ncd,198,
d|G25,b|VI|G20-G26,code,G25,Другие экстрапирамидные нарушения,Другие экстрапирамидные нарушения,ncd,199,
d|G30,b|VI|G30-G32,code,G30,Поздняя болезнь Альцгеймера,Поздняя болезнь Альцгеймера,ncd,200,
d|G31,b|VI|G30-G32,code,G31,Ограниченная атрофия головного мозга,Ограниченная атрофия головного мозга,ncd,201,
d|G35,b|VI|G35-G37,code,G35,Рассеянный склероз,Рассеянный склероз,ncd,202,
d|G36,b|VI|G35-G37,code,G36,Другая уточненная форма острой диссеминированной демиелинизации,Другая уточненная форма острой диссеминированной демиелинизации,ncd,203,
d|G37,b|VI|G35-G37,code,G37,Центральный понтинный миелинолиз,Центральный понтинный миелинолиз,ncd,204,
d|G40,b|VI|G40-G47,code,G40,Генерализованная идиопатическая эпилепсия и эпилептические синдромы,Генерализованная идиопатическая эпилепсия и эпилептические синдромы,ncd,205,
d|G41,b|VI|G40-G47,code,G41,Другой эпилептический статус,Другой эпилептический статус,ncd,206,
d|G61,b|VI|G60-G64,code,G61,Синдром Гийена-Барре,Синдром Гийена-Барре,ncd,207,
d|G62,b|VI|G60-G64,code,G62,Алкогольная полинейропатия,Алкогольная полинейропатия,ncd,208,
d|G70,b|VI|G70-G73,code,G70,Myasthenia gravis,Myasthenia gravis,ncd,209,
d|G71,b|VI|G70-G73,code,G71,Мышечная дистрофия,Мышечная дистрофия,ncd,210,
d|G72,b|VI|G70-G73,code,G72,Другие уточненные миопатии,Другие уточненные миопатии,ncd,211,
d|G80,b|VI|G80-G83,code,G80,Церебральный паралич со спастической тетраплегией,Церебральный паралич со спастической тетраплегией,ncd,212,
d|G91,b|VI|G90-G99,code,G91,Другие виды гидроцефалии,Другие виды гидроцефалии,ncd,213,
d|G92,b|VI|G90-G99,code,G92,Токсическая энцефалопатия,Токсическая энцефалопатия,ncd,214,
d|G93,b|VI|G90-G99,code,G93,Церебральная киста,Церебральная киста,ncd,215,
d|G95,b|VI|G90-G99,code,G95,Сосудистые миелопатии,Сосудистые миелопатии,ncd,216,
d|G96,b|VI|G90-G99,code,G96,Другие уточненные поражения центральной нервной системы,Другие уточненные поражения центральной нервной системы,ncd,217,
d|H60,b|VIII|H60-H62,code,H60,Злокачественный наружный отит,Злокачественный наружный отит,ncd,218,
d|H66,b|VIII|H65-H75,code,H66,Острый гнойный средний отит,Острый гнойный средний отит,ncd,219,
d|H70,b|VIII|H65-H75,code,H70,Мастоидит,Мастоидит,ncd,220,
d|I05,b|IX|I05-I09,code,I05,Митральный стеноз с недостаточностью,Митральный стеноз с недостаточностью,ncd,221,
d|I06,b|IX|I05-I09,code,I06,Ревматический аортальный стеноз с недостаточностью,Ревматический аортальный стеноз с недостаточностью,ncd,222,
d|I08,b|IX|I05-I09,code,I08,Комбинированное поражение митрального и аортального клапанов,Комбинированное поражение митрального и аортального клапанов,ncd,223,
d|I09,b|IX|I05-I09,code,I09,Другие уточненные ревматические болезни сердца,Другие уточненные ревматические болезни сердца,ncd,224,
d|I10,b|IX|I10-I15,code,I10,Эссенциальная (первичная) гипертензия,Эссенциальная (первичная) гипертензия,ncd,225,
d|I11,b|IX|I10-I15,code,I11,Гипертензивная [гипертоническая] болезнь с преимущественным поражением сердца с (застойной) сердечной недостаточностью,Гипертензивная [гипертоническая] болезнь с преимущественным поражением сердца с (застойной) сердечной недостаточностью,ncd,226,
d|I12,b|IX|I10-I15,code,I12,Гипертензивная болезнь с почечной недостаточностью,Гипертензивная болезнь с почечной недостаточностью,ncd,227,
d|I13,b|IX|I10-I15,code,I13,Гипертензивная болезнь с поражением почек и сердечной недостаточностью,Гипертензивная болезнь с поражением почек и сердечной недостаточностью,ncd,228,
d|I20,b|IX|I20-I25,code,I20,Нестабильная стенокардия,Нестабильная стенокардия,ncd,229,
d|I21,b|IX|I20-I25,code,I21,Острый трансмуральный инфаркт передней стенки миокарда,Острый трансмуральный инфаркт передней стенки миокарда,ncd,230,
d|I22,b|IX|I20-I25,code,I22,Повторный инфаркт передней стенки миокарда,Повторный инфаркт передней стенки миокарда,ncd,231,
d|I24,b|IX|I20-I25,code,I24,Другие формы острой ишемической болезни сердца,Другие формы острой ишемической болезни сердца,ncd,232,
d|I25,b|IX|I20-I25,code,I25,Другие формы хронической ишемической болезни сердца,Другие формы хронической ишемической болезни сердца,ncd,233,
d|I26,b|IX|I26-I28,code,I26,Тромбоэмболия легочной артерии без острого легочным сердцем,Тромбоэмболия легочной артерии без острого легочным сердцем,ncd,234,
d|I27,b|IX|I26-I28,code,I27,Первичная легочная гипертензия,Первичная легочная гипертензия,ncd,235,
d|I28,b|IX|I26-I28,code,I28,Другие уточненные болезни легочных сосудов,Другие уточненные болезни легочных сосудов,ncd,236,
d|I30,b|IX|I30-I52,code,I30,Острый неспецифический идиопатический перикардит,Острый неспецифический идиопатический перикардит,ncd,237,
d|I31,b|IX|I30-I52,code,I31,Хронический перикардит,Хронический перикардит,ncd,238,
d|I33,b|IX|I30-I52,code,I33,Острый и подострый инфекционный эндокардит,Острый и подострый инфекционный эндокардит,ncd,239,
d|I34,b|IX|I30-I52,code,I34,Митральная (клапанная) недостаточность,Митральная (клапанная) недостаточность,ncd,240,
d|I35,b|IX|I30-I52,code,I35,Аортальный (клапанный) стеноз,Аортальный (клапанный) стеноз,ncd,241,
d|I36,b|IX|I30-I52,code,I36,Неревматическая недостаточность трехстворчатого клапана,Неревматическая недостаточность трехстворчатого клапана,ncd,242,
d|I37,b|IX|I30-I52,code,I37,Стеноз клапана легочной артерии,Стеноз клапана легочной артерии,ncd,243,
d|I38,b|IX|I30-I52,code,I38,Эндокардит неуточненный,Эндокардит неуточненный,ncd,244,
d|I40,b|IX|I30-I52,code,I40,Инфекционный миокардит,Инфекционный миокардит,ncd,245,
d|I42,b|IX|I30-I52,code,I42,Дилатационная кардиомиопатия,Дилатационная кардиомиопатия,ncd,246,
d|I44,b|IX|I30-I52,code,I44,Атриовентрикулярная блокада III степени,Атриовентрикулярная блокада III степени,ncd,247,
d|I45,b|IX|I30-I52,code,I45,Синдром преждевременного возбуждения,Синдром преждевременного возбуждения,ncd,248,
d|I46,b|IX|I30-I52,code,I46,"Внезапная сердечная смерть, так описанная","Внезапная сердечная смерть, так описанная",ncd,249,
d|I48,b|IX|I30-I52,code,I48,Фибрилляция и трепетание предсердий,Фибрилляция и трепетание предсердий,ncd,250,
d|I49,b|IX|I30-I52,code,I49,Другие сердечные аритмии,Другие сердечные аритмии,ncd,251,
d|I50,b|IX|I30-I52,code,I50,Сердечная недостаточность неуточненная,Сердечная недостаточность неуточненная,ncd,252,
d|I51,b|IX|I30-I52,code,I51,"Внутрисердечный тромбоз, не классифицированный в других рубриках","Внутрисердечный тромбоз, не классифицированный в других рубриках",ncd,253,
d|I60,b|IX|I60-I69,code,I60,Субарахноидальное кровоизлияние из средней мозговой артерии,Субарахноидальное кровоизлияние из средней мозговой артерии,ncd,254,
d|I61,b|IX|I60-I69,code,I61,Внутримозговое кровоизлияние в полушарие субкортикальное,Внутримозговое кровоизлияние в полушарие субкортикальное,ncd,255,
d|I62,b|IX|I60-I69,code,I62,Нетравматическое субдуральное кровоизлияние,Нетравматическое субдуральное кровоизлияние,ncd,256,
d|I63,b|IX|I60-I69,code,I63,"Инфаркт мозга, вызванный тромбозом мозговых артерий","Инфаркт мозга, вызванный тромбозом мозговых артерий",ncd,257,
d|I64,b|IX|I60-I69,code,I64,Инсульт неуточненный как геморрагический или ишемический,Инсульт неуточненный как геморрагический или ишемический,ncd,258,
d|I66,b|IX|I60-I69,code,I66,Закупорка мозговой артерии средней,Закупорка мозговой артерии средней,ncd,259,
d|I67,b|IX|I60-I69,code,I67,Другие уточненные поражения сосудов мозга,Другие уточненные поражения сосудов мозга,ncd,260,
d|I69,b|IX|I60-I69,code,I69,Последствия инфаркта мозга,Последствия инфаркта мозга,ncd,261,
d|I70,b|IX|I70-I79,code,I70,Атеросклероз артерий конечностей,Атеросклероз артерий конечностей,ncd,262,
d|I71,b|IX|I70-I79,code,I71,Аневризма грудной части аорты разорванная,Аневризма грудной части аорты разорванная,ncd,263,
d|I72,b|IX|I70-I79,code,I72,Аневризма и расслоение подвздошной артерии,Аневризма и расслоение подвздошной артерии,ncd,264,
d|I73,b|IX|I70-I79,code,I73,Облитерирующий тромбангиит [болезнь Бюргера],Облитерирующий тромбангиит [болезнь Бюргера],ncd,265,
d|I74,b|IX|I70-I79,code,I74,Эмболия и тромбоз артерий нижних конечностей,Эмболия и тромбоз артерий нижних конечностей,ncd,266,
d|I77,b|IX|I70-I79,code,I77,Другие болезни артерий,Другие болезни артерий,ncd,267,
d|I80,b|IX|I80-I89,code,I80,Флебит и тромбофлебит других глубоких сосудов нижних конечностей,Флебит и тромбофлебит других глубоких сосудов нижних конечностей,ncd,268,
d|I82,b|IX|I80-I89,code,I82,Эмболия и тромбоз других уточненных вен,Эмболия и тромбоз других уточненных вен,ncd,269,
d|I83,b|IX|I80-I89,code,I83,Варикозное расширение вен нижних конечностей без язвы или воспаления,Варикозное расширение вен нижних конечностей без язвы или воспаления,ncd,270,
d|I85,b|IX|I80-I89,code,I85,Варикозное расширение вен пищевода с кровотечением,Варикозное расширение вен пищевода с кровотечением,ncd,271,
d|I87,b|IX|I80-I89,code,I87,Посттромботический синдром,Посттромботический синдром,ncd,272,
d|I89,b|IX|I80-I89,code,I89,Другие болезни лимфатических узлов,Другие болезни лимфатических узлов,ncd,273,
d|J01,b|X|J00-J06,code,J01,Острый верхнечелюстной синусит,Острый верхнечелюстной синусит,ncd,274,
d|J03,b|X|J00-J06,code,J03,Острый тонзиллит неуточненный,Острый тонзиллит неуточненный,ncd,275,
d|J05,b|X|J00-J06,code,J05,Острый эпиглоттит,Острый эпиглоттит,ncd,276,
d|J09,b|X|J09-J18,code,J09,Грипп вызванный идентифицированным вирусом птичьего гриппа,Грипп вызванный идентифицированным вирусом птичьего гриппа,ncd,277,
d|J10,b|X|J09-J18,code,J10,"Грипп с пневмонией, сезонный вирус гриппа идентифицирован","Грипп с пневмонией, сезонный вирус гриппа идентифицирован",ncd,278,
d|J11,b|X|J09-J18,code,J11,Грипп с неуточненным вирусом,Грипп с неуточненным вирусом,ncd,279,
d|J12,b|X|J09-J18,code,J12,Другая вирусная пневмония,Другая вирусная пневмония,ncd,280,
d|J13,b|X|J09-J18,code,J13,"Пневмония, вызванная Streptococcus pneumoniae","Пневмония, вызванная Streptococcus pneumoniae",ncd,281,
d|J15,b|X|J09-J18,code,J15,Другие бактериальные пневмонии,Другие бактериальные пневмонии,ncd,282,
d|J16,b|X|J09-J18,code,J16,"Пневмония, вызванная другими уточненными инфекционными агентами","Пневмония, вызванная другими уточненными инфекционными агентами",ncd,283,
d|J18,b|X|J09-J18,code,J18,"Другая пневмония, возбудитель не уточнен","Другая пневмония, возбудитель не уточнен",ncd,284,
d|J32,b|X|J30-J39,code,J32,Хронический пансинусит,Хронический пансинусит,ncd,285,
d|J34,b|X|J30-J39,code,J34,Абсцесс носа,Абсцесс носа,ncd,286,
d|J36,b|X|J30-J39,code,J36,Перитонзиллярный абсцесс,Перитонзиллярный абсцесс,ncd,287,
d|J38,b|X|J30-J39,code,J38,Отек гортани,Отек гортани,ncd,288,
d|J39,b|X|J30-J39,code,J39,Другие уточненные болезни верхних дыхательных путей,Другие уточненные болезни верхних дыхательных путей,ncd,289,
d|J41,b|X|J40-J47,code,J41,Хронический бронхит,Хронический бронхит,ncd,290,
d|J43,b|X|J40-J47,code,J43,Эмфизема неуточненная,Эмфизема неуточненная,ncd,291,
d|J44,b|X|J40-J47,code,J44,Другая уточненная хроническая обструктивная легочная болезнь,Другая уточненная хроническая обструктивная легочная болезнь,ncd,292,
d|J45,b|X|J40-J47,code,J45,Смешанная астма,Смешанная астма,ncd,293,
d|J47,b|X|J40-J47,code,J47,Бронхоэктатическая болезнь,Бронхоэктатическая болезнь,ncd,294,
d|J69,b|X|J60-J70,code,J69,Пневмония вследствие пищи и рвотных масс,Пневмония вследствие пищи и рвотных масс,ncd,295,
d|J84,b|X|J80-J84,code,J84,Другие интерстициальные легочные болезни с упоминанием о фиброзе,Другие интерстициальные легочные болезни с упоминанием о фиброзе,ncd,296,
d|J85,b|X|J85-J86,code,J85,Абсцесс легкого с пневмонией,Абсцесс легкого с пневмонией,ncd,297,
d|J86,b|X|J85-J86,code,J86,Пиоторакс без фистулы,Пиоторакс без фистулы,ncd,298,
d|J93,b|X|J90-J94,code,J93,Спонтанный пневмоторакс,Спонтанный пневмоторакс,ncd,299,
d|J94,b|X|J90-J94,code,J94,Фиброторакс,Фиброторакс,ncd,300,
d|J96,b|X|J95-J99,code,J96,Дыхательная недостаточность,Дыхательная недостаточность,ncd,301,
d|J98,b|X|J95-J99,code,J98,Болезни средостения неуточненные,Болезни средостения неуточненные,ncd,302,
d|K10,b|XI|K00-K14,code,K10,Воспалительные заболевания челюстей,Воспалительные заболевания челюстей,ncd,303,
d|K11,b|XI|K00-K14,code,K11,Абсцесс слюнной железы,Абсцесс слюнной железы,ncd,304,
d|K12,b|XI|K00-K14,code,K12,Флегмона и абсцесс области рта,Флегмона и абсцесс области рта,ncd,305,
d|K13,b|XI|K00-K14,code,K13,Лейкоплакия слизистой оболочки полости рта,Лейкоплакия слизистой оболочки полости рта,ncd,306,
d|K20,b|XI|K20-K31,code,K20,Эзофагит,Эзофагит,ncd,307,
d|K21,b|XI|K20-K31,code,K21,Гастроэзофагеальный рефлюкс с эзофагитом,Гастроэзофагеальный рефлюкс с эзофагитом,ncd,308,
d|K22,b|XI|K20-K31,code,K22,Желудочно-пищеводный разрывно-геморрагический синдром,Желудочно-пищеводный разрывно-геморрагический синдром,ncd,309,
d|K25,b|XI|K20-K31,code,K25,Язва желудка хроническая или неуточненная с кровотечением,Язва желудка хроническая или неуточненная с кровотечением,ncd,310,
d|K26,b|XI|K20-K31,code,K26,Язва двенадцатиперстной кишки хроническая или неуточненная с кровотечением,Язва двенадцатиперстной кишки хроническая или неуточненная с кровотечением,ncd,311,
d|K28,b|XI|K20-K31,code,K28,Гастроеюнальная язва хроническая или неуточненная с прободением,Гастроеюнальная язва хроническая или неуточненная с прободением,ncd,312,
d|K29,b|XI|K20-K31,code,K29,Острый геморрагический гастрит,Острый геморрагический гастрит,ncd,313,
d|K31,b|XI|K20-K31,code,K31,Другие уточненные болезни желудка и двенадцатиперстной кишки,Другие уточненные болезни желудка и двенадцатиперстной кишки,ncd,314,
d|K35,b|XI|K35-K38,code,K35,Острый аппендицит с генерализованным перитонитом,Острый аппендицит с генерализованным перитонитом,ncd,315,
d|K40,b|XI|K40-K46,code,K40,Односторонняя или неуточненная паховая грыжа с гангреной,Односторонняя или неуточненная паховая грыжа с гангреной,ncd,316,
d|K41,b|XI|K40-K46,code,K41,Односторонняя или неуточненная бедренная грыжа с непроходимостью без гангрены,Односторонняя или неуточненная бедренная грыжа с непроходимостью без гангрены,ncd,317,
d|K42,b|XI|K40-K46,code,K42,Пупочная грыжа с гангреной,Пупочная грыжа с гангреной,ncd,318,
d|K43,b|XI|K40-K46,code,K43,Послеоперационная грыжа с гангреной,Послеоперационная грыжа с гангреной,ncd,319,
d|K44,b|XI|K40-K46,code,K44,Диафрагмальная грыжа с гангреной,Диафрагмальная грыжа с гангреной,ncd,320,
d|K45,b|XI|K40-K46,code,K45,Другая уточненная грыжа брюшной полости с гангреной,Другая уточненная грыжа брюшной полости с гангреной,ncd,321,
d|K46,b|XI|K40-K46,code,K46,Брюшная грыжа,Брюшная грыжа,ncd,322,
d|K50,b|XI|K50-K52,code,K50,Болезнь Крона тонкой кишки,Болезнь Крона тонкой кишки,ncd,323,
d|K51,b|XI|K50-K52,code,K51,Другие язвенные колиты,Другие язвенные колиты,ncd,324,
d|K52,b|XI|K50-K52,code,K52,Другие уточненные неинфекционные гастроэнтериты и колиты,Другие уточненные неинфекционные гастроэнтериты и колиты,ncd,325,
d|K55,b|XI|K55-K64,code,K55,Острые сосудистые болезни кишечника,Острые сосудистые болезни кишечника,ncd,326,
d|K56,b|XI|K55-K64,code,K56,Кишечные сращения [спайки] с непроходимостью,Кишечные сращения [спайки] с непроходимостью,ncd,327,
d|K57,b|XI|K55-K64,code,K57,Дивертикулярная болезнь толстой кишки с прободением и абсцессом,Дивертикулярная болезнь толстой кишки с прободением и абсцессом,ncd,328,
d|K59,b|XI|K55-K64,code,K59,Мегаколон,Мегаколон,ncd,329,
d|K60,b|XI|K55-K64,code,K60,Аноректальный свищ,Аноректальный свищ,ncd,330,
d|K61,b|XI|K55-K64,code,K61,Ишиоректальный абсцесс,Ишиоректальный абсцесс,ncd,331,
d|K62,b|XI|K55-K64,code,K62,Другие болезни прямой кишки,Другие болезни прямой кишки,ncd,332,
d|K63,b|XI|K55-K64,code,K63,Прободение кишечника (нетравматическое),Прободение кишечника (нетравматическое),ncd,333,
d|K65,b|XI|K65-K67,code,K65,Острый перитонит,Острый перитонит,ncd,334,
d|K66,b|XI|K65-K67,code,K66,Брюшинные спайки,Брюшинные спайки,ncd,335,
d|K70,b|XI|K70-K77,code,K70,Алкогольный цирроз печени,Алкогольный цирроз печени,ncd,336,
d|K71,b|XI|K70-K77,code,K71,Токсическое поражение печени с печеночным некрозом,Токсическое поражение печени с печеночным некрозом,ncd,337,
d|K72,b|XI|K70-K77,code,K72,Печеночная недостаточность,Печеночная недостаточность,ncd,338,
d|K73,b|XI|K70-K77,code,K73,Хронический гепатит неуточненный,Хронический гепатит неуточненный,ncd,339,
d|K74,b|XI|K70-K77,code,K74,Другой и неуточненный цирроз печени,Другой и неуточненный цирроз печени,ncd,340,
d|K75,b|XI|K70-K77,code,K75,Абсцесс печени,Абсцесс печени,ncd,341,
d|K76,b|XI|K70-K77,code,K76,"Жировая дегенерация печени, не классифицированная в других рубриках","Жировая дегенерация печени, не классифицированная в других рубриках",ncd,342,
d|K80,b|XI|K80-K87,code,K80,Камни желчного пузыря с острым холециститом,Камни желчного пузыря с острым холециститом,ncd,343,
d|K81,b|XI|K80-K87,code,K81,Острый холецистит,Острый холецистит,ncd,344,
d|K82,b|XI|K80-K87,code,K82,Дивертикул желчного пузыря,Дивертикул желчного пузыря,ncd,345,
d|K83,b|XI|K80-K87,code,K83,Холангит,Холангит,ncd,346,
d|K85,b|XI|K80-K87,code,K85,Другой острый панкреатит,Другой острый панкреатит,ncd,347,
d|K86,b|XI|K80-K87,code,K86,Другие уточненные болезни поджелудочной железы,Другие уточненные болезни поджелудочной железы,ncd,348,
d|K92,b|XI|K90-K93,code,K92,Желудочно-кишечное кровотечение неуточненное,Желудочно-кишечное кровотечение неуточненное,ncd,349,
d|L02,b|XII|L00-L08,code,L02,"Абсцесс кожи, фурункул и карбункул туловища","Абсцесс кожи, фурункул и карбункул туловища",ncd,350,
d|L03,b|XII|L00-L08,code,L03,Флегмона других отделов конечностей,Флегмона других отделов конечностей,ncd,351,
d|L05,b|XII|L00-L08,code,L05,Пилонидальная киста с абсцессом,Пилонидальная киста с абсцессом,ncd,352,
d|L08,b|XII|L00-L08,code,L08,Другие местные инфекции кожи,Другие местные инфекции кожи,ncd,353,
d|L40,b|XII|L40-L45,code,L40,Пустулезный псориаз,Пустулезный псориаз,ncd,354,
d|L51,b|XII|L50-L54,code,L51,Токсический эпидермальный некролиз [Лайелла],Токсический эпидермальный некролиз [Лайелла],ncd,355,
d|L73,b|XII|L60-L75,code,L73,Фолликулит,Фолликулит,ncd,356,
d|L88,b|XII|L80-L99,code,L88,Пиодермия гангренозная,Пиодермия гангренозная,ncd,357,
d|L89,b|XII|L80-L99,code,L89,Стадия IV декубитальной язвы,Стадия IV декубитальной язвы,ncd,358,
d|L97,b|XII|L80-L99,code,L97,Язва нижней конечности,Язва нижней конечности,ncd,359,
d|L98,b|XII|L80-L99,code,L98,Хроническая язва кожи,Хроническая язва кожи,ncd,360,
d|M00,b|XIII|M00-M25,code,M00,"Артриты и полиартриты, вызванные другими уточненными бактериальными возбудителями","Артриты и полиартриты, вызванные другими уточненными бактериальными возбудителями",ncd,361,
d|M05,b|XIII|M00-M25,code,M05,Другие серопозитивные ревматоидные артриты,Другие серопозитивные ревматоидные артриты,ncd,362,
d|M06,b|XIII|M00-M25,code,M06,Серонегативный ревматоидный артрит,Серонегативный ревматоидный артрит,ncd,363,
d|M10,b|XIII|M00-M25,code,M10,Идиопатическая подагра,Идиопатическая подагра,ncd,364,
d|M15,b|XIII|M00-M25,code,M15,Первичный генерализованный (остео)артроз,Первичный генерализованный (остео)артроз,ncd,365,
d|M16,b|XIII|M00-M25,code,M16,Другой первичный коксартроз,Другой первичный коксартроз,ncd,366,
d|M17,b|XIII|M00-M25,code,M17,Другой первичный гонартроз,Другой первичный гонартроз,ncd,367,
d|M30,b|XIII|M30-M36,code,M30,Узелковый полиартериит,Узелковый полиартериит,ncd,368,
d|M31,b|XIII|M30-M36,code,M31,Гранулематоз Вегенера,Гранулематоз Вегенера,ncd,369,
d|M32,b|XIII|M30-M36,code,M32,Системная красная волчанка с поражением других органов или систем,Системная красная волчанка с поражением других органов или систем,ncd,370,
d|M34,b|XIII|M30-M36,code,M34,Прогрессирующий системный склероз,Прогрессирующий системный склероз,ncd,371,
d|M35,b|XIII|M30-M36,code,M35,Рецидивирующий панникулит,Рецидивирующий панникулит,ncd,372,
d|M42,b|XIII|M40-M54,code,M42,Остеохондроз позвоночника неуточненный,Остеохондроз позвоночника неуточненный,ncd,373,
d|M43,b|XIII|M40-M54,code,M43,Другие уточненные деформирующие дорсопатии,Другие уточненные деформирующие дорсопатии,ncd,374,
d|M45,b|XIII|M40-M54,code,M45,Анкилозирующий спондилит,Анкилозирующий спондилит,ncd,375,
d|M46,b|XIII|M40-M54,code,M46,Остеомиелит позвонков,Остеомиелит позвонков,ncd,376,
d|M47,b|XIII|M40-M54,code,M47,Другие спондилезы с миелопатией,Другие спондилезы с миелопатией,ncd,377,
d|M48,b|XIII|M40-M54,code,M48,Спинальный стеноз,Спинальный стеноз,ncd,378,
d|M50,b|XIII|M40-M54,code,M50,Поражение межпозвоночного диска шейного отдел с миелопатией (G99.2*),Поражение межпозвоночного диска шейного отдел с миелопатией (G99.2*),ncd,379,
d|M51,b|XIII|M40-M54,code,M51,Поражения межпозвоночных дисков поясничного и других отделов с радикулопатией (G55.1*),Поражения межпозвоночных дисков поясничного и других отделов с радикулопатией (G55.1*),ncd,380,
d|M53,b|XIII|M40-M54,code,M53,Спинальная нестабильность,Спинальная нестабильность,ncd,381,
d|M60,b|XIII|M60-M79,code,M60,Инфекционный миозит,Инфекционный миозит,ncd,382,
d|M70,b|XIII|M60-M79,code,M70,Бурсит области таза,Бурсит области таза,ncd,383,
d|M80,b|XIII|M80-M94,code,M80,Идиопатический остеопороз с патологическим переломом,Идиопатический остеопороз с патологическим переломом,ncd,384,
d|M81,b|XIII|M80-M94,code,M81,Другие остеопорозы,Другие остеопорозы,ncd,385,
d|M84,b|XIII|M80-M94,code,M84,"Патологические переломы, не классифицированные в других рубриках","Патологические переломы, не классифицированные в других рубриках",ncd,386,
d|M85,b|XIII|M80-M94,code,M85,Гиперостоз черепа,Гиперостоз черепа,ncd,387,
d|M86,b|XIII|M80-M94,code,M86,Другой хронический остеомиелит,Другой хронический остеомиелит,ncd,388,
d|M87,b|XIII|M80-M94,code,M87,Идиопатический асептический некроз кости,Идиопатический асептический некроз кости,ncd,389,
d|M95,b|XIII|M95-M99,code,M95,Другие уточненные приобретенные деформации костно-мышечной системы,Другие уточненные приобретенные деформации костно-мышечной системы,ncd,390,
d|N00,b|XIV|N00-N08,code,N00,Острый нефритический синдром,Острый нефритический синдром,ncd,391,
d|N01,b|XIV|N00-N08,code,N01,Быстропрогрессирующий нефритический синдром,Быстропрогрессирующий нефритический синдром,ncd,392,
d|N03,b|XIV|N00-N08,code,N03,Хронический нефритический синдром с другими изменениями,Хронический нефритический синдром с другими изменениями,ncd,393,
d|N04,b|XIV|N00-N08,code,N04,Нефротический синдрок,Нефротический синдрок,ncd,394,
d|N05,b|XIV|N00-N08,code,N05,Нефритический синдром неуточненный с другими изменениями,Нефритический синдром неуточненный с другими изменениями,ncd,395,
d|N10,b|XIV|N10-N16,code,N10,Острый тубулоинтерстициальный нефрит,Острый тубулоинтерстициальный нефрит,ncd,396,
d|N11,b|XIV|N10-N16,code,N11,Другие хронические тубулоинтерстициальные нефриты,Другие хронические тубулоинтерстициальные нефриты,ncd,397,
d|N12,b|XIV|N10-N16,code,N12,"Тубулоинтерстициальный нефрит, не уточненный как острый или хронический","Тубулоинтерстициальный нефрит, не уточненный как острый или хронический",ncd,398,
d|N13,b|XIV|N10-N16,code,N13,Пионефроз,Пионефроз,ncd,399,
d|N14,b|XIV|N10-N16,code,N14,Токсическая нефропатия,Токсическая нефропатия,ncd,400,
d|N15,b|XIV|N10-N16,code,N15,Абсцесс почки и околопочечной клетчатки,Абсцесс почки и околопочечной клетчатки,ncd,401,
d|N18,b|XIV|N17-N19,code,N18,Терминальная стадия почечной недостаточности,Терминальная стадия почечной недостаточности,ncd,402,
d|N20,b|XIV|N20-N23,code,N20,Камни почки,Камни почки,ncd,403,
d|N21,b|XIV|N20-N23,code,N21,Камни в мочевом пузыре,Камни в мочевом пузыре,ncd,404,
d|N25,b|XIV|N25-N29,code,N25,Почечная остеодистрофия,Почечная остеодистрофия,ncd,405,
d|N26,b|XIV|N25-N29,code,N26,Сморщенная почка неуточненная,Сморщенная почка неуточненная,ncd,406,
d|N27,b|XIV|N25-N29,code,N27,Маленькая почка двусторонняя,Маленькая почка двусторонняя,ncd,407,
d|N28,b|XIV|N25-N29,code,N28,Киста почки,Киста почки,ncd,408,
d|N30,b|XIV|N30-N39,code,N30,Интерстициальный цистит (хронический),Интерстициальный цистит (хронический),ncd,409,
d|N32,b|XIV|N30-N39,code,N32,Дивертикул мочевого пузыря,Дивертикул мочевого пузыря,ncd,410,
d|N35,b|XIV|N30-N39,code,N35,Другая стриктура уретры,Другая стриктура уретры,ncd,411,
d|N39,b|XIV|N30-N39,code,N39,Другие болезни мочевыводящей системы,Другие болезни мочевыводящей системы,ncd,412,
d|N40,b|XIV|N40-N51,code,N40,Гиперплазия предстательной железы,Гиперплазия предстательной железы,ncd,413,
d|N41,b|XIV|N40-N51,code,N41,Абсцесс предстательной железы,Абсцесс предстательной железы,ncd,414,
d|N45,b|XIV|N40-N51,code,N45,Эпидидимит,Эпидидимит,ncd,415,
d|N48,b|XIV|N40-N51,code,N48,Баланит,Баланит,ncd,416,
d|N49,b|XIV|N40-N51,code,N49,Воспалительные болезни мошонки,Воспалительные болезни мошонки,ncd,417,
d|N61,b|XIV|N60-N64,code,N61,Воспалительные болезни молочной железы,Воспалительные болезни молочной железы,ncd,418,
d|N70,b|XIV|N70-N77,code,N70,Острый сальпингит и оофорит,Острый сальпингит и оофорит,ncd,419,
d|N71,b|XIV|N70-N77,code,N71,Острая воспалительная болезнь матки,Острая воспалительная болезнь матки,ncd,420,
d|N73,b|XIV|N70-N77,code,N73,Другие уточненные воспалительные болезни женских тазовых органов,Другие уточненные воспалительные болезни женских тазовых органов,ncd,421,
d|N80,b|XIV|N80-N98,code,N80,Эндометриоз матки,Эндометриоз матки,ncd,422,
d|N83,b|XIV|N80-N98,code,N83,Другие кисты яичника,Другие кисты яичника,ncd,423,
d|O00,b|XV|O00-O08,code,O00,Трубная беременность,Трубная беременность,cmnn,424,
d|O36,b|XV|O30-O48,code,O36,"Внутриутробная гибель плода, требующая предоставления медицинской помощи матери","Внутриутробная гибель плода, требующая предоставления медицинской помощи матери",cmnn,425,
d|O41,b|XV|O30-O48,code,O41,Инфекция амниотической полости и плодных оболочек,Инфекция амниотической полости и плодных оболочек,cmnn,426,
d|O45,b|XV|O30-O48,code,O45,Преждевременная отслойка плаценты неуточненная,Преждевременная отслойка плаценты неуточненная,cmnn,427,
d|O72,b|XV|O60-O75,code,O72,Кровотечение в третьем периоде родов,Кровотечение в третьем периоде родов,cmnn,428,
d|O74,b|XV|O60-O75,code,O74,Аспирационный пневмонит вследствие анестезии во время процесса родов и родоразрешения,Аспирационный пневмонит вследствие анестезии во время процесса родов и родоразрешения,cmnn,429,
d|O88,b|XV|O85-O92,code,O88,Тромбоэмболия околоплодными водами,Тромбоэмболия околоплодными водами,cmnn,430,
d|O99,b|XV|O94-O99,code,O99,Другие болезни кровеносной системы,Другие болезни кровеносной системы,cmnn,431,
d|P02,b|XVI|P00-P04,code,P02,"Поражения плода и новорожденного, обусловленные другими осложнениями, связанными с отделением плаценты и кровотечением","Поражения плода и новорожденного, обусловленные другими осложнениями, связанными с отделением плаценты и кровотечением",cmnn,432,
d|P07,b|XVI|P05-P08,code,P07,Другие случаи недоношенности,Другие случаи недоношенности,cmnn,433,
d|P10,b|XVI|P10-P15,code,P10,Субдуральное кровоизлияние при родовой травме,Субдуральное кровоизлияние при родовой травме,cmnn,434,
d|P11,b|XVI|P10-P15,code,P11,Родовая травма головного мозга,Родовая травма головного мозга,cmnn,435,
d|P15,b|XVI|P10-P15,code,P15,Повреждение печени при родовой травме,Повреждение печени при родовой травме,cmnn,436,
d|P20,b|XVI|P20-P29,code,P20,"Внутриутробная гипоксия, впервые отмеченная до начала родов","Внутриутробная гипоксия, впервые отмеченная до начала родов",cmnn,437,
d|P21,b|XVI|P20-P29,code,P21,Тяжелая асфиксия при рождении,Тяжелая асфиксия при рождении,cmnn,438,
d|P22,b|XVI|P20-P29,code,P22,Синдром дыхательного расстройства у новорожденного,Синдром дыхательного расстройства у новорожденного,cmnn,439,
d|P23,b|XVI|P20-P29,code,P23,"Врожденная пневмония, вызванная другими возбудителями","Врожденная пневмония, вызванная другими возбудителями",cmnn,440,
d|P27,b|XVI|P20-P29,code,P27,Бронхолегочная дисплазия,Бронхолегочная дисплазия,cmnn,441,
d|P28,b|XVI|P20-P29,code,P28,Первичный ателектаз у новорожденного,Первичный ателектаз у новорожденного,cmnn,442,
d|P35,b|XVI|P35-P39,code,P35,Врожденная цитомегаловирусная инфекция,Врожденная цитомегаловирусная инфекция,cmnn,443,
d|P36,b|XVI|P35-P39,code,P36,Бактериальный сепсис новорожденного неуточненный,Бактериальный сепсис новорожденного неуточненный,cmnn,444,
d|P39,b|XVI|P35-P39,code,P39,"Внутриамниотическая инфекция плода, не классифицированная в других рубриках","Внутриамниотическая инфекция плода, не классифицированная в других рубриках",cmnn,445,
d|P52,b|XVI|P50-P61,code,P52,Внутрижелудочковое (нетравматическое) кровоизлияние 3-ей и 4-ой степени у плода и новорожденного,Внутрижелудочковое (нетравматическое) кровоизлияние 3-ей и 4-ой степени у плода и новорожденного,cmnn,446,
d|P53,b|XVI|P50-P61,code,P53,Геморрагическая болезнь плода и новорожденного,Геморрагическая болезнь плода и новорожденного,cmnn,447,
d|P55,b|XVI|P50-P61,code,P55,Резус-изоиммунизация плода и новорожденного,Резус-изоиммунизация плода и новорожденного,cmnn,448,
d|P56,b|XVI|P50-P61,code,P56,"Водянка плода, обусловленная изоиммунизацией","Водянка плода, обусловленная изоиммунизацией",cmnn,449,
d|P57,b|XVI|P50-P61,code,P57,Ядерная желтуха,Ядерная желтуха,cmnn,450,
d|P76,b|XVI|P75-P78,code,P76,Другая кишечная непроходимость новорожденного,Другая кишечная непроходимость новорожденного,cmnn,451,
d|P77,b|XVI|P75-P78,code,P77,Некротизирующий энтероколит у плода и новорожденного,Некротизирующий энтероколит у плода и новорожденного,cmnn,452,
d|P83,b|XVI|P80-P83,code,P83,"Водянка плода, не связанная с гемолитической болезнью","Водянка плода, не связанная с гемолитической болезнью",cmnn,453,
d|P91,b|XVI|P90-P96,code,P91,Гипоксически-ишемическая энцефалопатия новорожденного,Гипоксически-ишемическая энцефалопатия новорожденного,cmnn,454,
d|P95,b|XVI|P90-P96,code,P95,Смерть плода по неуточненной причине,Смерть плода по неуточненной причине,cmnn,455,
d|Q00,b|XVII|Q00-Q07,code,Q00,Анэнцефалия,Анэнцефалия,ncd,456,
d|Q03,b|XVII|Q00-Q07,code,Q03,Атрезия отверстий Мажанди и Лушки,Атрезия отверстий Мажанди и Лушки,ncd,457,
d|Q04,b|XVII|Q00-Q07,code,Q04,Другие уточненные врожденные аномалии мозга,Другие уточненные врожденные аномалии мозга,ncd,458,
d|Q21,b|XVII|Q20-Q28,code,Q21,Дефект межжелудочковой перегородки,Дефект межжелудочковой перегородки,ncd,459,
d|Q22,b|XVII|Q20-Q28,code,Q22,Врожденный стеноз трехстворчатого клапана,Врожденный стеноз трехстворчатого клапана,ncd,460,
d|Q23,b|XVII|Q20-Q28,code,Q23,Врожденная недостаточность аортального клапана,Врожденная недостаточность аортального клапана,ncd,461,
d|Q24,b|XVII|Q20-Q28,code,Q24,Другие уточненные врожденные аномалии сердца,Другие уточненные врожденные аномалии сердца,ncd,462,
d|Q25,b|XVII|Q20-Q28,code,Q25,Другие врожденные аномалии крупных артерий,Другие врожденные аномалии крупных артерий,ncd,463,
d|Q26,b|XVII|Q20-Q28,code,Q26,Тотальная аномалия соединения легочных вен,Тотальная аномалия соединения легочных вен,ncd,464,
d|Q27,b|XVII|Q20-Q28,code,Q27,Другие врожденные аномалии периферической сосудистой системы,Другие врожденные аномалии периферической сосудистой системы,ncd,465,
d|Q28,b|XVII|Q20-Q28,code,Q28,Артериовенозный порок развития церебральных сосудов,Артериовенозный порок развития церебральных сосудов,ncd,466,
d|Q32,b|XVII|Q30-Q34,code,Q32,Врожденные кисты и фиброз легкого,Врожденные кисты и фиброз легкого,ncd,467,
d|Q33,b|XVII|Q30-Q34,code,Q33,Другие врожденные аномалии легкого,Другие врожденные аномалии легкого,ncd,468,
d|Q39,b|XVII|Q38-Q45,code,Q39,Атрезия пищевода,Атрезия пищевода,ncd,469,
d|Q43,b|XVII|Q38-Q45,code,Q43,Другие уточненные врожденные аномалии кишечника,Другие уточненные врожденные аномалии кишечника,ncd,470,
d|Q44,b|XVII|Q38-Q45,code,Q44,Атрезия желчных протоков,Атрезия желчных протоков,ncd,471,
d|Q45,b|XVII|Q38-Q45,code,Q45,Агенезия поджелудочной железы,Агенезия поджелудочной железы,ncd,472,
d|Q60,b|XVII|Q60-Q64,code,Q60,Агенезия почки двусторонняя,Агенезия почки двусторонняя,ncd,473,
d|Q61,b|XVII|Q60-Q64,code,Q61,Поликистоз почки аутосомно-доминантный,Поликистоз почки аутосомно-доминантный,ncd,474,
d|Q67,b|XVII|Q65-Q79,code,Q67,Другие врожденные деформации костно-мышечной системы,Другие врожденные деформации костно-мышечной системы,ncd,475,
d|Q78,b|XVII|Q65-Q79,code,Q78,Другие остеохондродисплазии,Другие остеохондродисплазии,ncd,476,
d|Q79,b|XVII|Q65-Q79,code,Q79,Врожденная диафрагмальная грыжа,Врожденная диафрагмальная грыжа,ncd,477,
d|Q82,b|XVII|Q80-Q89,code,Q82,Врожденный невус,Врожденный невус,ncd,478,
d|Q85,b|XVII|Q80-Q89,code,Q85,Нейрофиброматоз (незлокачественный),Нейрофиброматоз (незлокачественный),ncd,479,
d|Q87,b|XVII|Q80-Q89,code,Q87,Синдром Марфана,Синдром Марфана,ncd,480,
d|Q89,b|XVII|Q80-Q89,code,Q89,"Множественные врожденные аномалии, не классифицированные в других рубриках","Множественные врожденные аномалии, не классифицированные в других рубриках",ncd,481,
d|R54,b|XVIII|R50-R69,code,R54,Старческая астения,Старческая астения,ncd,482,
d|R95,b|XVIII|R95-R99,code,R95,Синдром внезапной детской смерти,Синдром внезапной детской смерти,ncd,483,
d|R96,b|XVIII|R95-R99,code,R96,"Смерть, наступившая менее чем через 24 часа с момента появления симптомов, не имеющая другого объяснения","Смерть, наступившая менее чем через 24 часа с момента появления симптомов, не имеющая другого объяснения",ncd,484,
d|R99,b|XVIII|R95-R99,code,R99,Другие неточно обозначенные и неуточненные причины смерти,Другие неточно обозначенные и неуточненные причины смерти,ncd,485,
d|S00,b|XIX|S00-S09,code,S00,Множественные поверхностные травмы головы,Множественные поверхностные травмы головы,injury,486,
d|S01,b|XIX|S00-S09,code,S01,Открытая рана других областей головы,Открытая рана других областей головы,injury,487,
d|S02,b|XIX|S00-S09,code,S02,Перелом основания черепа,Перелом основания черепа,injury,488,
d|S05,b|XIX|S00-S09,code,S05,Проникающая рана глазницы,Проникающая рана глазницы,injury,489,
d|S06,b|XIX|S00-S09,code,S06,Травматическое субдуральное кровоизлияние,Травматическое субдуральное кровоизлияние,injury,490,
d|S07,b|XIX|S00-S09,code,S07,Размозжение черепа,Размозжение черепа,injury,491,
d|S08,b|XIX|S00-S09,code,S08,Травматическая ампутация других частей головы,Травматическая ампутация других частей головы,injury,492,
d|S09,b|XIX|S00-S09,code,S09,Множественные травмы головы,Множественные травмы головы,injury,493,
d|S11,b|XIX|S10-S19,code,S11,Открытая рана других частей шеи,Открытая рана других частей шеи,injury,494,
d|S12,b|XIX|S10-S19,code,S12,Перелом других уточненных шейных позвонков,Перелом других уточненных шейных позвонков,injury,495,
d|S13,b|XIX|S10-S19,code,S13,Травматический разрыв межпозвоночного диска на уровне шеи,Травматический разрыв межпозвоночного диска на уровне шеи,injury,496,
d|S14,b|XIX|S10-S19,code,S14,Другие и неуточненные повреждения шейного отдела спинного мозга,Другие и неуточненные повреждения шейного отдела спинного мозга,injury,497,
d|S15,b|XIX|S10-S19,code,S15,Травма нескольких кровеносных сосудов на уровне шеи,Травма нескольких кровеносных сосудов на уровне шеи,injury,498,
d|S17,b|XIX|S10-S19,code,S17,Размозжение гортани и трахеи,Размозжение гортани и трахеи,injury,499,
d|S19,b|XIX|S10-S19,code,S19,Другие уточненные травмы шеи,Другие уточненные травмы шеи,injury,500,
d|S20,b|XIX|S20-S29,code,S20,Ушиб грудной клетки,Ушиб грудной клетки,injury,501,
d|S21,b|XIX|S20-S29,code,S21,Открытая рана передней стенки грудной клетки,Открытая рана передней стенки грудной клетки,injury,502,
d|S22,b|XIX|S20-S29,code,S22,Множественные переломы ребер,Множественные переломы ребер,injury,503,
d|S23,b|XIX|S20-S29,code,S23,Вывих шейного позвонка,Вывих шейного позвонка,injury,504,
d|S24,b|XIX|S20-S29,code,S24,Повреждение спинного мозга грудного отдела,Повреждение спинного мозга грудного отдела,injury,505,
d|S25,b|XIX|S20-S29,code,S25,Травма грудного отдела аорты,Травма грудного отдела аорты,injury,506,
d|S26,b|XIX|S20-S29,code,S26,Травма сердца с кровоизлиянием в сердечную сумку [гемоперикард],Травма сердца с кровоизлиянием в сердечную сумку [гемоперикард],injury,507,
d|S27,b|XIX|S20-S29,code,S27,Травма неуточненного органа грудной полости,Травма неуточненного органа грудной полости,injury,508,
d|S28,b|XIX|S20-S29,code,S28,Травматическая ампутация части грудной клетки,Травматическая ампутация части грудной клетки,injury,509,
d|S29,b|XIX|S20-S29,code,S29,Множественные травмы грудной клетки,Множественные травмы грудной клетки,injury,510,
d|S30,b|XIX|S30-S39,code,S30,Ушиб стенки живота,Ушиб стенки живота,injury,511,
d|S31,b|XIX|S30-S39,code,S31,Открытая рана брюшной стенки,Открытая рана брюшной стенки,injury,512,
d|S32,b|XIX|S30-S39,code,S32,Множественные переломы пояснично-крестцового отдела позвоночника и костей таза,Множественные переломы пояснично-крестцового отдела позвоночника и костей таза,injury,513,
d|S35,b|XIX|S30-S39,code,S35,Травма чревной или брыжеечной артерии,Травма чревной или брыжеечной артерии,injury,514,
d|S36,b|XIX|S30-S39,code,S36,Травма печени или желчного пузыря,Травма печени или желчного пузыря,injury,515,
d|S37,b|XIX|S30-S39,code,S37,Травма мочевого пузыря,Травма мочевого пузыря,injury,516,
d|S39,b|XIX|S30-S39,code,S39,"Другие уточненные травмы живота, нижней части спины и таза","Другие уточненные травмы живота, нижней части спины и таза",injury,517,
d|S41,b|XIX|S40-S49,code,S41,Открытая рана плеча,Открытая рана плеча,injury,518,
d|S42,b|XIX|S40-S49,code,S42,Перелом верхнего конца плечевой кости,Перелом верхнего конца плечевой кости,injury,519,
d|S45,b|XIX|S40-S49,code,S45,Травма плечевой артерии,Травма плечевой артерии,injury,520,
d|S48,b|XIX|S40-S49,code,S48,Травматическая ампутация плечевого пояса и плеча на неуточненном уровне,Травматическая ампутация плечевого пояса и плеча на неуточненном уровне,injury,521,
d|S51,b|XIX|S50-S59,code,S51,Открытая рана локтя,Открытая рана локтя,injury,522,
d|S52,b|XIX|S50-S59,code,S52,Сочетанный перелом нижних концов локтевой и лучевой костей,Сочетанный перелом нижних концов локтевой и лучевой костей,injury,523,
d|S55,b|XIX|S50-S59,code,S55,Травма нескольких кровеносных сосудов на уровне предплечья,Травма нескольких кровеносных сосудов на уровне предплечья,injury,524,
d|S61,b|XIX|S60-S69,code,S61,Открытая рана кисти,Открытая рана кисти,injury,525,
d|S71,b|XIX|S70-S79,code,S71,Открытая рана бедра,Открытая рана бедра,injury,526,
d|S72,b|XIX|S70-S79,code,S72,Перелом шейки бедра,Перелом шейки бедра,injury,527,
d|S75,b|XIX|S70-S79,code,S75,Травма нескольких кровеносных сосудов на уровне тазобедренного сустава и бедра,Травма нескольких кровеносных сосудов на уровне тазобедренного сустава и бедра,injury,528,
d|S76,b|XIX|S70-S79,code,S76,Травма нескольких мышц и сухожилий на уровне тазобедренного сустава и бедра,Травма нескольких мышц и сухожилий на уровне тазобедренного сустава и бедра,injury,529,
d|S77,b|XIX|S70-S79,code,S77,Размозжение бедра,Размозжение бедра,injury,530,
d|S78,b|XIX|S70-S79,code,S78,Травматическая ампутация бедра,Травматическая ампутация бедра,injury,531,
d|S79,b|XIX|S70-S79,code,S79,Другие уточненные травмы области тазобедренного сустава и бедра,Другие уточненные травмы области тазобедренного сустава и бедра,injury,532,
d|S81,b|XIX|S80-S89,code,S81,Открытая рана голени,Открытая рана голени,injury,533,
d|S82,b|XIX|S80-S89,code,S82,Множественные переломы голени,Множественные переломы голени,injury,534,
d|S85,b|XIX|S80-S89,code,S85,Травма большой подкожной вены на уровне голени,Травма большой подкожной вены на уровне голени,injury,535,
d|S86,b|XIX|S80-S89,code,S86,Травма нескольких мышц и сухожилий на уровне голени,Травма нескольких мышц и сухожилий на уровне голени,injury,536,
d|S87,b|XIX|S80-S89,code,S87,Размозжение другой и неуточненной части голени,Размозжение другой и неуточненной части голени,injury,537,
d|S92,b|XIX|S90-S99,code,S92,Перелом пяточной кости,Перелом пяточной кости,injury,538,
d|S95,b|XIX|S90-S99,code,S95,Травма дорсальной артерии стопы,Травма дорсальной артерии стопы,injury,539,
d|S99,b|XIX|S90-S99,code,S99,Другие уточненные травмы голеностопного сустава и стопы,Другие уточненные травмы голеностопного сустава и стопы,injury,540,
d|T00,b|XIX|T00-T07,code,T00,Поверхностные травмы нескольких областей,Поверхностные травмы нескольких областей,injury,541,
d|T01,b|XIX|T00-T07,code,T01,"Другие сочетания открытых ран, захватывающих несколько областей тела","Другие сочетания открытых ран, захватывающих несколько областей тела",injury,542,
d|T02,b|XIX|T00-T07,code,T02,"Другие сочетания переломов, захватывающих несколько областей тела","Другие сочетания переломов, захватывающих несколько областей тела",injury,543,
d|T04,b|XIX|T00-T07,code,T04,Другие сочетания размозжений нескольких областей тела,Другие сочетания размозжений нескольких областей тела,injury,544,
d|T05,b|XIX|T00-T07,code,T05,"Травматические ампутации, захватывающие другие области тела в разных комбинациях","Травматические ампутации, захватывающие другие области тела в разных комбинациях",injury,545,
d|T06,b|XIX|T00-T07,code,T06,Другие уточненные травмы с вовлечением нескольких областей тела,Другие уточненные травмы с вовлечением нескольких областей тела,injury,546,
d|T07,b|XIX|T00-T07,code,T07,Множественные травмы неуточненные,Множественные травмы неуточненные,injury,547,
d|T09,b|XIX|T08-T14,code,T09,Травма спинного мозга на неуточненном уровне,Травма спинного мозга на неуточненном уровне,injury,548,
d|T11,b|XIX|T08-T14,code,T11,Неуточненная травма верхней конечности на неуточненном уровне,Неуточненная травма верхней конечности на неуточненном уровне,injury,549,
d|T13,b|XIX|T08-T14,code,T13,Травма неуточненного кровеносного сосуда нижней конечности на неуточненном уровне,Травма неуточненного кровеносного сосуда нижней конечности на неуточненном уровне,injury,550,
d|T17,b|XIX|T15-T19,code,T17,Инородное тело в другом или нескольких отделах дыхательных путей,Инородное тело в другом или нескольких отделах дыхательных путей,injury,551,
d|T18,b|XIX|T15-T19,code,T18,Инородное тело в других отделах пищеварительного тракта,Инородное тело в других отделах пищеварительного тракта,injury,552,
d|T20,b|XIX|T20-T32,code,T20,Термический ожог головы и шеи второй степени,Термический ожог головы и шеи второй степени,injury,553,
d|T21,b|XIX|T20-T32,code,T21,Термический ожог туловища второй степени,Термический ожог туловища второй степени,injury,554,
d|T25,b|XIX|T20-T32,code,T25,Термический ожог третьей степени голеностопного сустава и стопы,Термический ожог третьей степени голеностопного сустава и стопы,injury,555,
d|T27,b|XIX|T20-T32,code,T27,"Термический ожог гортани, трахеи и легкого","Термический ожог гортани, трахеи и легкого",injury,556,
d|T29,b|XIX|T20-T32,code,T29,Термические ожоги нескольких областей тела с указанием хотя бы на один ожог третьей степени,Термические ожоги нескольких областей тела с указанием хотя бы на один ожог третьей степени,injury,557,
d|T31,b|XIX|T20-T32,code,T31,Термический ожог 90% поверхности тела или более,Термический ожог 90% поверхности тела или более,injury,558,
d|T34,b|XIX|T33-T35,code,T34,Отморожение с некрозом тканей в области голеностопного сустава и стопы,Отморожение с некрозом тканей в области голеностопного сустава и стопы,injury,559,
d|T35,b|XIX|T33-T35,code,T35,Обморожения с некрозом тканей затрагивающие грудную клетку живот таз и конечности,Обморожения с некрозом тканей затрагивающие грудную клетку живот таз и конечности,injury,560,
d|T36,b|XIX|T36-T50,code,T36,Отравление ампициллином,Отравление ампициллином,injury,561,
d|T37,b|XIX|T36-T50,code,T37,Отравление другими противомикробными средствами,Отравление другими противомикробными средствами,injury,562,
d|T38,b|XIX|T36-T50,code,T38,Отравление инсулином,Отравление инсулином,injury,563,
d|T39,b|XIX|T36-T50,code,T39,Отравление другими нестероидными противовоспалительными средствами [NSAID],Отравление другими нестероидными противовоспалительными средствами [NSAID],injury,564,
d|T40,b|XIX|T36-T50,code,T40,Отравление другими синтетическими наркотиками,Отравление другими синтетическими наркотиками,injury,565,
d|T41,b|XIX|T36-T50,code,T41,Отравление анестетиками,Отравление анестетиками,injury,566,
d|T42,b|XIX|T36-T50,code,T42,Отравление барбитуратами,Отравление барбитуратами,injury,567,
d|T43,b|XIX|T36-T50,code,T43,"Отравление психостимулирующими средствами, характеризующимися возможностью пристрастия к ним","Отравление психостимулирующими средствами, характеризующимися возможностью пристрастия к ним",injury,568,
d|T44,b|XIX|T36-T50,code,T44,Отравление ингибиторами МАО,Отравление ингибиторами МАО,injury,569,
d|T45,b|XIX|T36-T50,code,T45,Отравление препаратами влияющими на метаболизм мочевой кислоты,Отравление препаратами влияющими на метаболизм мочевой кислоты,injury,570,
d|T46,b|XIX|T36-T50,code,T46,Отравление блокаторами кальциевых каналов,Отравление блокаторами кальциевых каналов,injury,571,
d|T48,b|XIX|T36-T50,code,T48,Отравление миорелаксантами [блокаторами Н-холинорецепторов скелетных мышц],Отравление миорелаксантами [блокаторами Н-холинорецепторов скелетных мышц],injury,572,
d|T50,b|XIX|T36-T50,code,T50,Отравление неуточненными лекарствами,Отравление неуточненными лекарствами,injury,573,
d|T51,b|XIX|T51-T65,code,T51,Токсическое действие этанола,Токсическое действие этанола,injury,574,
d|T52,b|XIX|T51-T65,code,T52,Токсическое действие кетонов,Токсическое действие кетонов,injury,575,
d|T53,b|XIX|T51-T65,code,T53,Токсическое действие четыреххлористого углерода,Токсическое действие четыреххлористого углерода,injury,576,
d|T54,b|XIX|T51-T65,code,T54,Токсическое действие едких кислот и кислотоподобных веществ,Токсическое действие едких кислот и кислотоподобных веществ,injury,577,
d|T57,b|XIX|T51-T65,code,T57,Токсическое действие других неорганических веществ,Токсическое действие других неорганических веществ,injury,578,
d|T58,b|XIX|T51-T65,code,T58,Токсическое действие окиси углерода,Токсическое действие окиси углерода,injury,579,
d|T59,b|XIX|T51-T65,code,T59,"Токсическое действие газов, дымов и паров неуточненных","Токсическое действие газов, дымов и паров неуточненных",injury,580,
d|T62,b|XIX|T51-T65,code,T62,"Токсическое действие других ядовитых веществ, содержащихся в другом (их) съеденном (ых) растении (ях)","Токсическое действие других ядовитых веществ, содержащихся в другом (их) съеденном (ых) растении (ях)",injury,581,
d|T63,b|XIX|T51-T65,code,T63,Токсическое действие яда членистоногих,Токсическое действие яда членистоногих,injury,582,
d|T65,b|XIX|T51-T65,code,T65,Токсическое действие неуточненного вещества,Токсическое действие неуточненного вещества,injury,583,
d|T67,b|XIX|T66-T78,code,T67,Тепловой и солнечный удар,Тепловой и солнечный удар,injury,584,
d|T68,b|XIX|T66-T78,code,T68,Гипотермия,Гипотермия,injury,585,
d|T69,b|XIX|T66-T78,code,T69,Другие уточненные эффекты воздействия низкой температуры,Другие уточненные эффекты воздействия низкой температуры,injury,586,
d|T70,b|XIX|T66-T78,code,T70,Эффекты воздействия давления воздуха и воды,Эффекты воздействия давления воздуха и воды,injury,587,
d|T71,b|XIX|T66-T78,code,T71,Асфиксия,Асфиксия,injury,588,
d|T75,b|XIX|T66-T78,code,T75,Утопление и несмертельное погружение в воду,Утопление и несмертельное погружение в воду,injury,589,
d|T78,b|XIX|T66-T78,code,T78,Ангионевротический отек,Ангионевротический отек,injury,590,
d|T79,b|XIX|T79-T79,code,T79,Травматическая ишемия мышц,Травматическая ишемия мышц,injury,591,
d|T80,b|XIX|T80-T88,code,T80,"Инфекции, связанные с инфузией, трансфузией и лечебной инъекцией","Инфекции, связанные с инфузией, трансфузией и лечебной инъекцией",injury,592,
d|T81,b|XIX|T80-T88,code,T81,"Случайный прокол или разрыв при выполнении процедуры, не классифицированный в других рубриках","Случайный прокол или разрыв при выполнении процедуры, не классифицированный в других рубриках",injury,593,
d|T82,b|XIX|T80-T88,code,T82,Осложнения других сердечно-сосудистых устройств,Осложнения других сердечно-сосудистых устройств,injury,594,
d|T84,b|XIX|T80-T88,code,T84,Инфекция протеза сустава,Инфекция протеза сустава,injury,595,
d|T85,b|XIX|T80-T88,code,T85,Осложнение от имплантатов,Осложнение от имплантатов,injury,596,
d|T86,b|XIX|T80-T88,code,T86,Отторжение трансплантата почки,Отторжение трансплантата почки,injury,597,
d|T88,b|XIX|T80-T88,code,T88,Другие осложнения анестезии,Другие осложнения анестезии,injury,598,
d|T90,b|XIX|T90-T98,code,T90,Последствия внутричерепной травмы,Последствия внутричерепной травмы,injury,599,
d|T91,b|XIX|T90-T98,code,T91,Последствия перелома позвоночника,Последствия перелома позвоночника,injury,600,
d|T93,b|XIX|T90-T98,code,T93,Последствия перелома бедра,Последствия перелома бедра,injury,601,
d|T94,b|XIX|T90-T98,code,T94,Последствия множественных травм,Последствия множественных травм,injury,602,
d|T98,b|XIX|T90-T98,code,T98,Последствия травм других уточненных областей тела,Последствия травм других уточненных областей тела,injury,603,
d|U07,b|XXII|U00-U49,code,U07,"COVID-19, вирус идентифицирован","COVID-19, вирус идентифицирован",ncd,604,
